age,gender,vehicle_age,vehicle_type,annual_mileage,accidents_history,traffic_violations,license_years,city_type,credit_score,anti_theft,multi_car,premium
56,male,4,suv,12056,1,3,38,rural,529,no,yes,2734
69,male,17,hatchback,33950,3,0,50,urban,395,no,no,3333
46,female,14,suv,7753,3,6,28,rural,738,no,yes,3548
32,female,5,sports,36941,3,3,14,rural,470,no,no,4490
60,male,18,suv,39140,2,1,42,rural,616,no,no,2595
25,female,0,hatchback,19234,0,7,7,rural,843,yes,no,2341
38,female,0,hatchback,14636,4,0,20,urban,790,no,yes,3169
56,female,12,sedan,8376,1,4,38,rural,687,yes,yes,1747
36,female,2,hatchback,35783,3,6,18,suburban,371,yes,no,3882
40,male,9,suv,46249,0,5,22,suburban,831,no,yes,2586
28,male,2,sedan,48025,1,0,10,suburban,538,no,no,2758
28,male,8,hatchback,21447,4,6,10,rural,388,no,yes,4157
41,female,7,hatchback,25329,4,7,23,suburban,834,yes,no,3864
70,female,2,sports,21713,3,7,50,urban,453,yes,no,5025
53,female,12,sedan,9858,4,0,35,rural,489,yes,yes,3231
57,female,5,sports,24472,4,1,39,rural,714,no,yes,4020
41,female,12,sports,21524,1,2,23,rural,453,no,no,3255
20,male,19,sports,9539,1,0,2,urban,638,yes,yes,2060
39,female,19,truck,23857,3,6,21,rural,816,yes,yes,3607
70,female,11,sports,43362,0,7,50,rural,334,no,yes,4071
19,male,12,suv,41671,3,2,1,suburban,825,yes,yes,3150
41,female,1,hatchback,10364,2,3,23,suburban,836,yes,yes,2465
61,male,15,truck,5449,4,5,43,rural,517,yes,no,3489
47,male,5,sports,25830,0,1,29,urban,553,yes,yes,2865
55,male,18,hatchback,26078,1,7,37,suburban,502,yes,yes,3262
19,male,12,sedan,42574,2,4,1,rural,400,yes,yes,3488
38,male,16,sedan,5869,2,7,20,suburban,660,yes,yes,2635
50,female,8,hatchback,43847,4,6,32,suburban,477,no,no,5353
29,male,16,suv,45075,1,6,11,urban,575,yes,yes,3772
39,male,1,hatchback,33140,0,6,21,rural,611,no,no,2307
61,female,18,hatchback,8659,1,0,43,suburban,709,no,yes,1750
42,female,18,truck,41370,4,5,24,rural,587,yes,no,4438
66,male,6,sedan,46352,2,5,48,urban,824,no,yes,3963
44,female,9,sedan,19385,4,2,26,urban,700,yes,yes,3379
59,female,9,sports,48751,3,0,41,suburban,516,no,yes,4313
45,male,19,hatchback,24337,2,6,27,urban,769,no,yes,3650
33,male,8,hatchback,10131,4,5,15,suburban,326,yes,no,3837
32,female,16,suv,6358,0,7,14,rural,721,no,yes,1903
64,male,14,sedan,30614,0,6,46,suburban,313,yes,no,2131
68,male,1,suv,21771,0,6,50,suburban,800,no,no,2837
61,female,3,truck,18603,3,6,43,urban,624,yes,yes,3634
72,male,18,sports,21246,1,1,50,rural,623,yes,no,2444
69,male,16,suv,22216,0,4,50,rural,584,no,no,2487
74,male,4,sedan,46209,3,3,50,suburban,388,yes,yes,3907
20,male,6,truck,47987,0,7,2,rural,344,yes,yes,3066
54,male,17,hatchback,47488,3,3,36,rural,797,no,yes,3379
68,female,6,truck,25577,0,2,50,suburban,797,yes,yes,2016
24,female,16,suv,47320,1,5,6,suburban,444,no,yes,3591
38,male,6,sedan,16301,4,3,20,rural,817,no,yes,3134
26,female,3,suv,14515,0,2,8,suburban,381,no,yes,1960
56,male,7,hatchback,31802,4,4,38,urban,466,yes,no,4586
35,male,12,hatchback,5891,0,6,17,rural,404,no,no,2523
21,male,3,sedan,26972,1,7,3,suburban,787,yes,yes,3056
42,male,5,sports,25932,4,7,24,rural,609,no,no,4603
31,male,4,truck,9192,3,0,13,rural,381,no,no,2976
67,female,11,truck,21128,0,1,49,urban,393,no,no,1987
26,female,3,hatchback,27836,0,4,8,urban,620,yes,yes,2301
43,male,8,suv,29837,3,4,25,rural,642,no,no,3689
70,female,3,suv,27778,1,3,50,urban,660,yes,yes,2594
19,male,18,sports,48130,2,3,1,suburban,365,yes,no,4256
37,female,13,suv,21708,0,1,19,rural,728,yes,yes,1839
45,male,4,truck,46945,3,7,27,urban,700,yes,no,4583
64,female,17,suv,29232,2,0,46,rural,470,yes,no,2656
24,male,9,sports,44412,0,4,6,rural,367,no,yes,3359
61,male,18,truck,9782,4,5,43,suburban,791,yes,no,3538
25,female,11,suv,31315,3,3,7,suburban,333,no,yes,3511
64,female,17,truck,15052,4,7,46,suburban,300,no,yes,4279
52,male,16,hatchback,24521,1,4,34,urban,450,yes,yes,3192
31,female,10,hatchback,8898,2,0,13,urban,557,no,no,2284
34,male,2,hatchback,22219,3,7,16,urban,318,no,no,4500
53,female,16,suv,9154,0,2,35,suburban,334,yes,yes,1557
67,female,0,sports,40546,0,0,49,rural,670,yes,yes,2357
57,male,14,truck,18809,2,4,39,suburban,790,no,yes,2650
21,female,8,sedan,30972,4,4,3,urban,540,yes,no,4407
19,female,14,hatchback,44177,4,1,1,urban,306,yes,no,3878
23,male,2,hatchback,17523,3,7,5,urban,848,no,yes,3910
71,female,18,sedan,42081,3,7,50,suburban,670,yes,no,3839
59,male,12,sedan,27030,4,7,41,urban,549,yes,no,4699
21,male,11,suv,45376,3,4,3,suburban,414,yes,yes,4297
71,male,19,truck,25105,4,7,50,rural,636,yes,yes,3792
46,male,0,hatchback,29295,2,7,28,suburban,441,yes,no,4017
35,male,16,sports,16864,3,3,17,urban,784,yes,yes,3622
43,female,12,suv,48982,4,5,25,rural,737,no,yes,4349
61,male,0,suv,17876,3,1,43,urban,387,yes,no,3469
51,male,9,sports,23055,0,4,33,rural,762,no,yes,2451
27,female,14,sports,38684,0,7,9,urban,347,no,yes,3800
53,female,6,sports,26972,1,0,35,suburban,780,no,no,2584
31,female,17,sedan,30493,4,4,13,urban,823,no,yes,4030
48,male,15,hatchback,14325,1,0,30,suburban,510,yes,no,1841
65,male,13,sedan,41775,4,0,47,suburban,543,no,yes,3818
32,male,17,hatchback,25373,3,4,14,rural,538,yes,no,3395
25,female,6,sedan,41253,4,0,7,suburban,496,no,no,3855
31,male,16,truck,26181,0,5,13,suburban,534,no,yes,2617
40,female,17,hatchback,15961,3,2,22,suburban,486,yes,yes,2686
74,male,11,suv,22705,0,1,50,rural,589,yes,yes,2152
57,female,7,hatchback,49676,3,4,39,urban,520,no,no,4819
38,male,1,hatchback,41122,4,6,20,urban,796,yes,no,4334
33,male,6,hatchback,31104,4,2,15,suburban,795,no,yes,3511
62,male,3,truck,18509,0,7,44,suburban,601,yes,yes,2451
35,female,17,sedan,12101,2,0,17,urban,486,yes,no,2348
64,female,5,suv,9743,4,0,46,suburban,749,no,yes,3458
70,male,8,sedan,13951,2,1,50,urban,711,yes,no,2566
41,male,8,sedan,12014,3,2,23,rural,544,no,yes,3427
43,male,13,sports,41180,2,2,25,suburban,612,yes,yes,3344
42,female,7,truck,46908,0,4,24,suburban,795,no,yes,2635
62,male,18,sports,48039,1,7,44,urban,321,no,no,4535
58,male,2,truck,13219,1,0,40,urban,367,no,yes,2411
46,male,17,sedan,12163,0,6,28,rural,691,yes,no,2000
32,male,4,sedan,7470,1,3,14,suburban,615,no,no,2084
62,female,13,truck,48498,0,7,44,urban,364,no,yes,3854
18,female,3,sedan,21543,4,6,0,rural,840,yes,yes,3851
42,male,6,sedan,24276,2,4,24,urban,511,no,no,3338
24,male,19,suv,41881,1,4,6,urban,499,no,yes,3311
26,female,11,sports,18414,4,4,8,rural,477,no,yes,4603
41,female,1,sports,12749,1,1,23,rural,722,yes,no,2003
18,male,10,sports,29182,3,1,0,rural,761,yes,yes,3332
61,female,13,hatchback,16914,0,7,43,rural,343,no,no,2775
25,female,15,suv,20007,0,4,7,rural,730,yes,no,2070
41,male,19,sports,35951,4,5,23,rural,467,no,no,4972
28,female,5,sports,49691,3,3,10,suburban,586,yes,no,4376
68,female,3,suv,37608,2,2,50,rural,636,no,no,3105
34,male,14,sedan,26383,3,2,16,suburban,470,no,yes,3183
25,male,0,sports,18042,3,0,7,urban,482,no,no,4001
52,female,6,sedan,30412,2,2,34,urban,315,yes,no,2917
52,male,11,sports,18181,2,6,34,rural,795,no,yes,3690
50,female,9,truck,49898,3,2,32,urban,409,no,no,4036
22,male,4,hatchback,8405,1,3,4,rural,605,yes,no,1906
59,female,11,sports,35868,1,2,41,rural,305,yes,yes,3416
56,male,17,truck,15862,3,6,38,suburban,572,no,yes,3409
58,female,9,suv,33688,1,3,40,urban,660,yes,yes,2933
45,female,5,truck,35945,2,1,27,rural,484,no,no,3150
24,female,11,suv,17939,2,3,6,urban,399,yes,no,3281
26,male,6,sports,33931,1,1,8,suburban,389,yes,no,3044
25,male,17,suv,43616,2,3,7,urban,545,no,yes,3548
29,female,1,truck,44585,0,4,11,suburban,538,no,no,2707
51,female,9,hatchback,43911,2,6,33,suburban,380,no,no,3722
50,male,14,sedan,47826,3,5,32,suburban,414,yes,no,4257
65,male,11,sedan,46164,4,7,47,rural,575,no,yes,5010
72,male,16,hatchback,27942,1,1,50,rural,379,yes,yes,2418
40,male,3,sedan,49539,1,1,22,urban,478,no,yes,2954
41,male,6,sports,10272,2,2,23,rural,608,no,yes,2913
54,male,8,sports,49134,2,1,36,rural,808,no,no,3709
52,female,18,truck,29265,4,3,34,urban,559,yes,no,3756
61,male,6,truck,33668,4,4,43,suburban,591,no,no,4281
57,female,1,suv,21024,3,4,39,suburban,590,yes,yes,3576
39,male,5,truck,36899,0,2,21,urban,841,no,no,2273
44,male,17,sports,8747,3,3,26,rural,362,no,no,3509
52,female,5,truck,14297,1,3,34,urban,704,yes,no,2497
18,female,12,sedan,6607,2,0,0,urban,779,yes,no,1975
52,male,18,suv,26458,3,7,34,rural,624,yes,yes,4027
54,female,1,suv,32973,2,1,36,urban,680,no,no,3253
64,female,11,sports,28117,2,2,46,rural,609,no,yes,3385
31,female,14,truck,21450,3,4,13,rural,642,yes,no,2862
20,female,13,sedan,20535,3,6,2,urban,774,no,yes,3395
18,male,5,truck,34355,4,5,0,suburban,355,yes,yes,4419
22,female,17,hatchback,12645,0,0,4,rural,724,yes,yes,1156
43,male,4,truck,47238,4,7,25,suburban,441,no,no,5190
72,male,17,sports,9158,0,3,50,rural,675,yes,yes,2164
31,male,2,truck,46773,3,1,13,suburban,525,no,yes,3515
56,male,2,suv,21786,0,4,38,urban,773,yes,no,2814
44,female,9,sedan,45693,1,6,26,rural,324,no,no,3714
26,female,18,sports,35911,4,0,8,urban,664,yes,no,4283
32,male,2,hatchback,31578,4,3,14,urban,394,no,no,4180
32,male,11,sedan,9166,4,4,14,urban,807,yes,yes,3650
43,male,15,sedan,24309,2,4,25,rural,475,no,yes,3286
59,male,16,suv,20076,2,3,41,urban,707,no,no,3038
30,female,6,suv,24377,3,3,12,urban,789,no,yes,3870
68,male,12,suv,14278,3,2,50,rural,758,yes,yes,3026
49,female,1,sports,38539,2,4,31,urban,712,no,yes,4013
56,male,3,truck,16440,4,3,38,rural,637,yes,yes,3390
66,male,9,sedan,31245,2,5,48,urban,630,yes,yes,3280
69,male,6,truck,27097,0,7,50,suburban,512,yes,no,2953
49,male,16,truck,13167,4,6,31,urban,644,no,no,4109
21,female,19,suv,6556,2,6,3,suburban,846,yes,no,2848
47,female,5,truck,48918,3,5,29,rural,823,yes,no,3932
54,female,18,sedan,6151,2,6,36,suburban,645,no,no,2573
40,male,4,sedan,26698,1,0,22,rural,547,no,no,2450
56,male,9,hatchback,22601,2,6,38,urban,624,no,no,3641
62,female,8,sports,31807,4,1,44,suburban,766,no,yes,3681
32,female,12,truck,25328,2,6,14,urban,390,yes,no,3709
60,male,18,sports,13039,3,5,42,suburban,593,yes,yes,4002
46,male,5,sports,11303,0,2,28,rural,840,yes,yes,2271
53,female,3,sports,24053,1,3,35,rural,823,yes,yes,3028
30,male,2,sports,36644,4,1,12,rural,558,yes,yes,4499
49,male,2,sedan,40745,3,2,31,rural,386,no,yes,3733
24,female,3,truck,25762,1,4,6,urban,457,yes,no,3090
68,male,4,hatchback,28611,2,1,50,urban,793,no,yes,3190
39,female,7,sports,5422,1,5,21,urban,485,no,no,3535
45,male,15,hatchback,36275,0,2,27,urban,643,yes,no,2160
19,female,2,sedan,31597,1,3,1,urban,815,yes,no,2339
59,male,11,sedan,16985,1,3,41,rural,808,yes,yes,2105
62,female,7,suv,33707,2,6,44,urban,839,no,yes,3576
74,female,12,sports,8372,2,2,50,urban,315,no,no,3554
70,female,3,suv,21083,4,4,50,urban,824,no,no,4339
23,female,13,hatchback,39710,2,6,5,rural,499,yes,no,3767
45,male,13,truck,30816,1,5,27,rural,483,no,no,2896
45,male,12,suv,14950,0,2,27,rural,608,no,no,1818
61,female,5,sedan,39247,2,0,43,rural,807,no,yes,3008
61,male,16,sports,9626,4,2,43,urban,580,no,no,4229
37,male,3,hatchback,31408,4,2,19,urban,457,yes,no,3858
47,male,7,sedan,15777,1,5,29,suburban,659,no,no,2553
28,male,16,truck,10147,2,3,10,urban,558,yes,no,2614
72,male,2,sports,10443,2,6,50,rural,456,yes,yes,3875
45,female,16,truck,5079,4,4,27,rural,724,yes,no,3271
42,female,8,truck,36282,2,6,24,urban,320,yes,no,4391
56,female,1,sports,43345,1,2,38,suburban,646,no,yes,3131
50,female,12,sports,17901,0,1,32,rural,649,yes,no,1830
18,male,19,truck,7223,1,3,0,suburban,684,yes,yes,1511
74,male,1,hatchback,40337,2,3,50,rural,737,no,yes,3202
44,female,19,sports,47732,1,7,26,rural,755,no,no,4226
74,male,10,sedan,18768,3,2,50,urban,845,no,no,3189
69,male,14,suv,22507,3,5,50,rural,379,no,yes,3957
30,female,10,hatchback,21249,2,1,12,suburban,751,yes,yes,2498
58,male,2,sports,40391,2,2,40,suburban,840,no,no,3783
20,female,2,sports,39171,0,1,2,urban,788,no,no,3000
56,female,11,hatchback,12485,1,3,38,rural,822,yes,yes,1833
23,male,4,suv,49568,0,1,5,suburban,691,yes,no,2090
25,male,19,truck,34784,2,6,7,urban,658,no,yes,3227
44,female,6,sedan,29617,2,2,26,suburban,332,yes,no,3182
26,female,6,sports,42748,4,0,8,urban,435,no,no,4940
54,male,12,suv,8878,0,0,36,suburban,709,no,yes,1247
50,female,8,sedan,6949,2,1,32,rural,828,yes,yes,1946
68,female,12,hatchback,24844,3,5,50,suburban,390,yes,no,3742
59,female,11,sports,25881,4,2,41,suburban,712,yes,yes,3638
61,male,12,truck,26614,1,4,43,urban,598,yes,no,3022
41,female,9,hatchback,28828,4,0,23,urban,786,no,no,3601
32,male,0,sports,14958,1,7,14,urban,372,no,yes,3934
71,female,7,suv,13697,3,3,50,suburban,560,yes,no,3592
49,male,15,sedan,26624,1,6,31,urban,611,no,no,2790
49,female,12,sedan,20493,0,2,31,rural,464,yes,yes,1946
41,male,2,sports,47801,1,2,23,urban,634,no,yes,3518
58,male,2,hatchback,26199,1,6,40,urban,801,no,yes,3039
69,male,4,truck,47354,4,0,50,rural,460,no,no,4290
66,female,10,suv,5256,3,6,48,urban,689,no,yes,3954
66,female,6,sports,39488,1,6,48,urban,370,no,no,4335
69,female,9,suv,35493,0,4,50,suburban,391,no,yes,2976
29,male,9,sedan,28731,4,7,11,suburban,660,yes,no,4043
56,female,19,truck,12076,3,6,38,urban,620,yes,no,3073
19,male,1,suv,6071,3,3,1,rural,544,yes,yes,2972
20,female,2,sports,39390,2,4,2,urban,323,no,no,4715
66,male,7,truck,7066,0,3,48,urban,702,yes,no,1703
54,male,10,hatchback,30645,4,0,36,urban,672,no,yes,3784
66,male,12,sports,46410,4,2,48,suburban,585,no,no,4609
73,female,6,suv,38665,0,3,50,rural,740,no,no,2730
34,female,12,truck,34412,3,2,16,rural,651,yes,no,2915
66,female,1,sports,36835,1,1,48,rural,518,no,no,3467
19,male,5,truck,46041,0,1,1,suburban,784,no,no,2362
19,male,8,truck,43549,4,7,1,suburban,742,yes,no,4045
45,female,19,truck,48167,0,0,27,urban,517,yes,yes,2522
71,female,1,suv,31578,3,7,50,suburban,366,yes,yes,4732
40,female,17,sports,14883,2,0,22,urban,330,no,yes,3913
54,male,15,sedan,47139,2,5,36,suburban,621,no,no,3222
49,male,11,sedan,27217,1,0,31,urban,549,yes,yes,2399
50,male,6,suv,15707,1,1,32,suburban,309,no,yes,2687
18,male,6,suv,45856,3,3,0,rural,584,no,no,4027
36,male,16,truck,18140,1,6,18,urban,452,no,yes,3110
19,female,12,sports,16093,2,6,1,suburban,843,yes,yes,3528
70,male,10,sports,21500,3,6,50,suburban,828,no,no,4176
61,male,5,hatchback,43553,3,4,43,urban,670,yes,yes,3822
43,male,13,hatchback,11507,3,6,25,suburban,600,yes,yes,3295
49,male,5,sedan,37586,0,0,31,rural,445,yes,yes,2196
23,male,5,hatchback,10830,1,6,5,urban,351,no,yes,3094
49,female,1,hatchback,35608,4,4,31,urban,703,no,yes,4270
72,male,19,sedan,42329,2,4,50,urban,440,no,yes,3738
21,male,14,sedan,29511,1,1,3,urban,387,yes,no,2680
72,male,16,hatchback,38427,2,5,50,urban,726,yes,no,3466
28,female,7,sports,23506,1,3,10,rural,383,no,yes,3101
73,female,4,hatchback,33395,4,1,50,urban,542,no,yes,4065
34,female,16,truck,49303,2,0,16,rural,405,yes,yes,2994
55,male,19,truck,32126,4,1,37,rural,654,no,no,3180
41,female,0,truck,34466,2,1,23,rural,320,yes,yes,2641
22,male,17,suv,22970,0,1,4,urban,305,yes,no,1923
69,male,14,truck,9682,0,0,50,rural,520,yes,no,1481
51,female,4,sports,15939,2,0,33,urban,386,yes,yes,3372
23,male,6,suv,13826,2,7,5,rural,752,no,no,3202
39,male,17,suv,28371,4,1,21,urban,641,yes,yes,3480
28,male,5,truck,34946,3,1,10,suburban,692,yes,no,2618
65,female,4,hatchback,29359,2,4,47,suburban,651,no,yes,2977
33,male,18,sedan,24266,1,7,15,rural,545,yes,yes,3267
50,male,9,hatchback,43017,1,3,32,suburban,412,yes,no,3232
26,female,14,hatchback,24195,1,4,8,rural,457,yes,yes,2719
23,male,9,suv,32315,0,5,5,rural,536,yes,no,2874
33,male,15,suv,23268,4,3,15,rural,542,no,yes,4136
46,female,11,suv,14710,0,7,28,suburban,465,no,no,2685
20,male,17,sports,46581,1,5,2,rural,333,no,yes,3833
37,male,0,sports,19161,2,3,19,suburban,554,no,yes,3494
53,male,15,sedan,36821,1,1,35,suburban,601,yes,yes,1905
36,male,5,suv,14729,2,7,18,urban,519,yes,no,4023
43,male,2,truck,31913,4,7,25,suburban,331,no,no,4962
20,female,1,suv,27184,3,4,2,urban,808,yes,yes,3689
36,female,1,sports,28279,2,3,18,rural,781,no,yes,3810
37,female,12,suv,31570,0,5,19,rural,532,yes,yes,2828
49,female,8,sports,48030,1,3,31,urban,514,no,no,3980
24,male,15,suv,40133,1,0,6,rural,541,no,yes,2380
69,male,4,truck,18195,1,3,50,urban,544,no,yes,3302
58,male,6,sedan,48805,2,6,40,urban,319,no,yes,4501
50,male,12,truck,48998,4,1,32,rural,509,yes,no,4135
57,male,19,sports,22238,2,2,39,urban,725,yes,yes,2713
56,female,12,hatchback,20552,0,0,38,urban,371,yes,yes,2059
35,female,6,truck,7728,1,2,17,urban,477,no,no,2437
57,male,9,suv,28557,2,7,39,rural,822,no,yes,3392
18,male,14,sedan,9938,1,1,0,rural,598,yes,no,1816
28,male,5,suv,36202,0,6,10,rural,565,yes,no,3307
45,female,4,suv,5131,3,7,27,rural,819,yes,no,3970
74,male,1,truck,30692,3,2,50,rural,794,yes,no,3317
42,male,14,sedan,24977,3,7,24,suburban,574,no,no,3907
67,male,15,hatchback,38061,1,3,49,suburban,352,no,yes,2867
40,female,18,suv,32264,2,2,22,urban,699,yes,yes,3167
48,male,8,sedan,30575,1,4,30,suburban,713,yes,yes,2332
47,female,18,hatchback,19727,4,1,29,rural,788,yes,yes,3034
59,female,6,suv,15488,2,4,41,rural,801,no,yes,3073
52,female,3,sedan,25069,0,2,34,rural,606,yes,yes,1853
24,female,2,truck,29400,3,7,6,urban,716,no,yes,3814
33,female,19,suv,29146,2,6,15,urban,808,no,yes,3491
43,female,10,suv,11846,2,7,25,urban,829,yes,no,3160
65,male,0,sedan,45352,3,7,47,urban,305,yes,yes,4864
74,male,5,suv,28694,0,4,50,urban,721,yes,yes,2952
69,male,10,hatchback,26740,1,0,50,urban,750,no,no,2576
66,female,0,suv,35996,1,2,48,suburban,726,yes,yes,2792
19,male,6,sports,37125,2,5,1,rural,689,yes,no,3583
18,female,5,hatchback,46409,3,4,0,suburban,633,no,yes,3960
65,female,13,sedan,49200,4,3,47,urban,747,no,yes,4247
29,female,1,hatchback,27970,0,2,11,rural,637,no,no,1662
22,male,3,sports,15895,1,6,4,rural,387,yes,yes,3622
54,female,10,sports,43071,0,5,36,rural,568,no,no,3722
49,female,14,suv,27258,0,6,31,suburban,364,no,no,2871
72,male,17,suv,28354,0,0,50,rural,363,no,no,2192
26,male,0,truck,35641,3,3,8,urban,569,no,yes,4181
58,female,2,hatchback,13444,3,2,40,urban,676,no,no,3269
52,female,2,truck,14611,3,6,34,suburban,628,yes,no,3514
36,male,6,sports,15528,2,3,18,suburban,817,no,yes,3049
65,male,0,suv,5999,3,2,47,urban,720,no,no,3450
33,male,10,suv,8760,2,2,15,suburban,612,no,no,2393
20,female,5,suv,41884,1,1,2,rural,608,yes,yes,2318
37,male,19,sedan,42179,1,4,19,suburban,488,yes,yes,2894
41,male,2,sports,26941,1,2,23,rural,341,no,yes,3294
71,male,18,suv,31022,1,0,50,rural,619,no,no,1916
73,female,1,sports,48130,1,5,50,rural,744,no,no,3835
50,male,17,suv,48881,3,4,32,rural,673,no,yes,3885
41,male,11,hatchback,41451,4,1,23,rural,585,yes,no,3548
69,male,9,sports,31521,3,4,50,urban,470,yes,no,4616
28,male,4,truck,34639,4,4,10,urban,562,yes,yes,4949
66,male,8,sedan,39621,3,2,48,urban,834,no,yes,3476
25,female,1,truck,36449,1,0,7,rural,441,no,yes,2462
53,female,1,sports,18079,0,2,35,suburban,447,yes,no,2544
55,female,5,suv,11895,4,6,37,suburban,739,yes,yes,3914
57,male,9,sports,32979,0,0,39,rural,715,no,no,2146
37,female,17,sedan,17552,1,6,19,suburban,324,yes,yes,2732
52,female,11,sports,32394,4,0,34,rural,393,yes,no,3999
65,female,3,suv,37276,0,3,47,suburban,604,yes,yes,2686
42,male,16,truck,38630,3,2,24,rural,484,yes,no,3458
52,male,14,hatchback,9527,1,7,34,suburban,582,yes,no,2689
42,female,5,truck,17247,3,7,24,suburban,454,no,no,4198
46,female,15,suv,22603,3,6,28,urban,313,no,no,4165
35,male,16,suv,41563,1,1,17,suburban,640,no,no,2103
63,male,2,sedan,5527,4,5,45,suburban,772,no,no,3644
35,female,9,sports,7922,2,7,17,rural,407,yes,no,4229
19,male,4,sports,10849,2,7,1,suburban,630,no,yes,3236
71,female,13,truck,35300,1,4,50,suburban,839,yes,no,2399
52,male,12,hatchback,32780,2,3,34,suburban,738,yes,no,2936
33,female,5,hatchback,33140,0,6,15,suburban,683,no,no,2424
58,female,11,sedan,22230,4,1,40,suburban,459,no,no,3741
53,male,7,suv,31693,3,5,35,urban,731,no,no,3976
50,female,4,sedan,11959,3,5,32,suburban,695,no,yes,3307
21,female,14,sports,40854,1,2,3,rural,787,yes,yes,3160
50,female,15,suv,47730,3,0,32,rural,488,yes,yes,3340
31,male,0,sedan,24667,0,6,13,suburban,717,yes,no,2553
38,male,15,truck,31401,0,2,20,suburban,642,no,no,1928
65,male,4,sports,8323,1,5,47,suburban,660,no,no,2783
37,female,2,hatchback,5445,3,2,19,urban,408,yes,yes,3375
73,male,19,sedan,22409,2,3,50,rural,600,yes,yes,2592
25,female,14,sports,14963,2,6,7,urban,667,no,yes,3732
24,female,12,sports,20437,4,1,6,urban,554,no,no,4366
20,male,15,hatchback,21855,1,5,2,suburban,615,yes,no,2192
34,male,10,hatchback,21411,4,6,16,suburban,370,yes,no,4162
50,female,1,hatchback,15847,2,7,32,rural,568,yes,no,3650
65,female,5,sedan,8236,2,3,47,suburban,800,no,yes,2713
29,male,5,hatchback,18487,2,1,11,rural,508,yes,yes,2284
68,male,13,truck,16848,4,7,50,urban,777,yes,yes,4490
39,male,10,sports,18155,1,3,21,rural,475,no,yes,2927
72,female,7,hatchback,16255,0,4,50,rural,538,yes,yes,2532
39,female,7,sports,6979,0,0,21,rural,741,yes,no,1645
63,female,0,suv,26305,2,7,45,urban,791,yes,yes,3734
47,female,6,suv,14007,1,7,29,urban,398,no,no,3780
55,female,5,hatchback,40094,1,0,37,suburban,628,no,no,2112
55,male,7,sports,40098,3,0,37,suburban,625,yes,yes,3785
62,male,18,suv,29030,3,4,44,rural,744,no,yes,3378
68,female,19,hatchback,38770,4,5,50,rural,594,yes,no,4081
71,female,7,sports,14734,3,5,50,urban,741,yes,no,4501
25,male,13,hatchback,11448,4,4,7,urban,330,no,no,3995
44,male,17,sports,44605,0,0,26,urban,430,yes,no,3130
44,male,15,suv,17396,2,0,26,rural,826,no,yes,2072
51,male,8,hatchback,32881,1,1,33,rural,737,no,no,1864
38,female,14,suv,36177,0,1,20,urban,625,yes,yes,2488
47,male,9,hatchback,45122,0,7,29,rural,566,yes,yes,3251
50,female,15,sedan,40297,4,2,32,urban,585,no,yes,4429
45,male,3,suv,41680,2,7,27,suburban,590,no,yes,4494
64,male,19,suv,22916,4,6,46,urban,667,yes,no,4226
50,male,12,truck,36239,0,6,32,rural,785,no,no,2640
22,female,4,suv,49084,1,6,4,rural,467,yes,yes,4050
65,female,6,sports,39189,3,3,47,rural,770,yes,no,4062
36,male,8,hatchback,18510,4,1,18,rural,469,no,yes,3668
21,female,7,sedan,29966,0,1,3,urban,645,yes,yes,1451
52,female,15,sports,27152,3,1,34,urban,377,no,no,4352
66,male,5,sports,24202,3,1,48,suburban,384,yes,no,3584
34,male,15,sports,31445,0,7,16,urban,500,yes,no,3925
61,female,5,sports,16152,2,4,43,suburban,660,yes,no,3431
45,female,13,sedan,10617,0,2,27,urban,601,yes,yes,1623
47,female,0,truck,6195,1,1,29,urban,592,yes,yes,2388
46,male,8,suv,43997,3,5,28,rural,593,yes,yes,4289
63,male,12,sports,30433,1,3,45,suburban,408,no,no,3329
70,female,18,suv,10305,4,6,50,rural,664,no,no,3844
23,male,16,suv,13077,3,1,5,rural,793,yes,yes,2928
52,male,10,sports,36385,2,4,34,urban,566,no,no,4698
58,female,7,truck,47113,0,5,40,urban,392,no,yes,3303
54,female,4,suv,42968,4,6,36,suburban,363,no,yes,5122
41,male,9,hatchback,47642,1,0,23,suburban,727,no,yes,2342
46,male,6,suv,38062,4,7,28,urban,667,no,no,4922
66,female,9,sports,11097,2,0,48,suburban,404,yes,no,2816
63,male,3,sedan,44180,0,6,45,urban,508,yes,yes,3642
70,male,8,suv,46604,4,2,50,urban,773,yes,no,4531
48,female,13,truck,49593,1,0,30,urban,360,yes,no,2770
52,female,1,hatchback,11678,4,1,34,suburban,645,yes,no,3419
50,male,8,hatchback,37121,0,6,32,rural,311,no,yes,3376
69,male,0,sedan,26404,4,4,50,suburban,765,no,no,4082
38,male,9,sedan,10743,1,2,20,rural,494,yes,no,1923
49,female,9,suv,21494,0,5,31,suburban,373,yes,no,2770
40,male,19,sports,46543,2,1,22,rural,685,no,yes,3352
50,male,2,truck,49185,2,0,32,rural,435,yes,yes,3306
20,female,5,hatchback,14678,3,3,2,suburban,735,yes,yes,3086
35,female,5,sedan,42632,4,7,17,suburban,338,no,no,4867
42,male,1,truck,6648,1,1,24,rural,842,yes,yes,2087
59,female,17,sports,20677,4,3,41,urban,619,yes,no,4284
48,female,1,hatchback,27765,0,5,30,rural,652,yes,yes,2272
71,male,11,hatchback,7381,3,3,50,rural,813,yes,no,3267
20,female,4,sports,21489,1,5,2,urban,782,yes,yes,3485
57,female,19,hatchback,16745,4,2,39,rural,715,no,yes,3043
63,male,6,sports,10818,1,4,45,urban,669,yes,no,3158
41,female,15,hatchback,47654,0,0,23,urban,642,yes,yes,2160
67,male,19,suv,38149,3,7,49,suburban,624,no,no,4132
49,male,0,sports,32312,1,0,31,rural,666,yes,no,2718
64,female,0,truck,42124,0,7,46,rural,635,yes,no,2849
39,female,16,suv,43686,2,1,21,urban,595,no,no,3241
40,female,0,truck,6316,1,6,22,rural,323,no,no,2947
19,male,19,hatchback,10454,3,0,1,urban,741,no,no,2447
44,female,12,truck,18107,1,2,26,rural,403,no,yes,2507
59,male,8,suv,9074,1,0,41,rural,711,no,yes,1741
19,female,14,sports,26188,0,1,1,urban,593,yes,yes,2390
43,female,2,sedan,36968,4,0,25,urban,542,no,yes,3931
34,female,13,truck,45389,4,4,16,rural,641,no,yes,4193
57,male,10,sedan,28102,1,5,39,rural,472,no,yes,3013
50,female,11,truck,46422,3,3,32,urban,715,no,no,3775
26,female,12,truck,36957,3,3,8,suburban,402,yes,no,3476
60,male,12,sports,17872,0,5,42,suburban,459,no,no,3003
71,male,0,hatchback,13349,1,3,50,rural,556,yes,yes,2533
65,female,9,suv,24693,1,4,47,rural,495,yes,no,2909
56,female,2,suv,37627,4,2,38,rural,690,no,no,4282
46,female,3,suv,48677,0,1,28,urban,369,yes,no,3144
59,male,15,hatchback,15760,2,4,41,rural,546,yes,no,3234
72,male,7,sedan,16584,3,1,50,rural,628,yes,yes,3026
43,male,15,suv,7106,3,2,25,rural,457,no,no,2662
52,male,16,sedan,18669,1,4,34,suburban,354,no,no,2762
67,female,18,hatchback,30223,0,0,49,rural,785,yes,no,1352
42,male,14,hatchback,40706,2,6,24,rural,542,no,yes,4037
41,male,15,sports,7483,3,2,23,urban,652,no,yes,3281
30,male,14,suv,32482,0,3,12,suburban,709,no,no,1928
24,female,1,sports,39143,2,4,6,urban,314,yes,no,4101
74,female,10,suv,29240,1,2,50,rural,446,no,yes,2944
53,male,0,hatchback,15015,4,2,35,rural,789,no,yes,3548
62,male,14,hatchback,21628,3,4,44,rural,324,yes,no,3583
37,female,18,truck,30443,3,3,19,rural,632,no,yes,2833
18,female,3,truck,35819,2,5,0,rural,473,yes,yes,3941
25,female,10,hatchback,20060,4,3,7,urban,589,no,yes,4156
63,female,4,hatchback,32437,0,2,45,rural,444,no,no,2659
33,female,2,sedan,15654,1,1,15,rural,421,no,yes,2555
31,female,12,sedan,19253,0,5,13,suburban,326,no,yes,2082
29,female,9,sports,16565,2,7,11,suburban,365,yes,no,3809
68,female,10,truck,32597,3,5,50,rural,400,no,no,4256
40,male,17,truck,32768,3,2,22,rural,687,yes,no,2738
32,male,1,hatchback,5087,0,4,14,rural,393,yes,yes,1991
45,male,6,hatchback,14432,1,4,27,rural,366,no,yes,2708
51,male,8,sports,13764,2,4,33,rural,549,no,no,3454
19,male,9,truck,5178,1,3,1,rural,441,no,no,2141
49,male,17,sedan,31301,2,0,31,urban,566,no,no,3198
40,female,6,suv,40408,1,4,22,urban,514,no,no,3864
39,female,6,sports,46965,0,4,21,urban,788,no,no,3666
68,male,2,suv,36913,4,5,50,suburban,795,no,yes,4700
42,male,11,sedan,23732,2,1,24,rural,779,no,yes,2450
39,female,6,sedan,7421,0,1,21,suburban,789,no,no,1368
39,female,16,suv,48715,3,2,21,suburban,300,yes,yes,3879
66,female,0,sports,25526,3,2,48,suburban,308,no,no,4115
69,male,4,suv,33317,1,2,50,urban,679,no,yes,2845
59,female,15,sports,6217,3,4,41,rural,443,yes,yes,3656
23,male,14,sports,40242,4,1,5,rural,601,no,no,3894
32,male,1,hatchback,5929,2,2,14,suburban,716,no,no,2132
71,female,8,truck,45726,1,7,50,urban,478,yes,no,4182
60,female,6,truck,39270,2,1,42,suburban,577,no,no,3285
54,male,3,sedan,38188,2,4,36,suburban,443,yes,yes,3650
50,female,19,hatchback,18580,0,5,32,rural,638,no,yes,2056
25,female,17,truck,43598,3,4,7,urban,758,no,no,3981
70,male,3,sports,35431,2,2,50,rural,630,no,yes,3611
61,female,12,sports,25742,4,4,43,suburban,569,yes,no,4841
61,male,0,suv,22833,4,4,43,rural,486,yes,no,4464
22,male,2,suv,35885,3,7,4,suburban,471,yes,no,4673
56,female,15,sports,10811,3,1,38,urban,703,yes,no,3644
21,male,3,sports,13619,1,0,3,rural,767,no,no,2347
23,male,15,suv,29255,1,7,5,rural,546,yes,yes,3345
62,female,18,truck,29972,1,3,44,rural,822,no,yes,2408
49,female,0,sedan,18527,3,7,31,rural,410,no,yes,4071
69,female,4,suv,37874,2,2,50,rural,602,no,no,3141
47,male,18,truck,9049,0,6,29,urban,772,no,no,2426
64,male,10,truck,46057,1,0,46,urban,591,no,yes,2898
52,female,12,truck,6903,0,5,34,rural,551,yes,yes,2491
72,male,19,hatchback,49261,4,6,50,suburban,474,no,no,4829
57,female,4,hatchback,10376,3,2,39,suburban,408,no,yes,3804
69,female,3,truck,5042,4,0,50,rural,639,yes,no,2662
33,male,3,sports,27769,1,4,15,rural,313,no,no,3625
30,female,3,hatchback,6577,2,2,12,urban,621,yes,no,2366
67,male,3,suv,17382,1,0,49,urban,342,no,yes,2679
59,male,19,hatchback,27449,0,3,41,rural,760,yes,no,2021
47,female,17,sports,43653,1,4,29,rural,401,no,no,3531
36,male,17,sedan,33859,2,7,18,suburban,308,no,yes,3616
34,female,15,hatchback,13576,2,2,16,urban,448,yes,no,2933
73,male,8,truck,16663,3,5,50,rural,637,no,no,3577
36,male,17,truck,41345,3,7,18,urban,523,no,yes,4323
45,male,1,truck,10244,2,5,27,rural,409,yes,yes,3281
72,female,3,sedan,39902,2,2,50,rural,653,yes,no,3038
43,male,11,sports,8892,0,0,25,rural,383,no,yes,1944
54,female,6,suv,32112,1,7,36,rural,365,yes,yes,3514
43,male,14,sports,9321,3,7,25,suburban,687,no,no,3534
70,male,6,sedan,10776,0,2,50,rural,434,yes,no,2319
40,female,16,truck,48352,1,6,22,suburban,385,yes,no,3630
26,female,15,sports,21119,3,4,8,suburban,383,yes,no,3669
29,female,18,suv,35569,0,1,11,rural,526,no,no,2396
70,female,8,truck,43596,4,7,50,urban,559,no,no,5237
18,female,13,suv,38063,4,5,0,urban,319,no,yes,4989
18,male,16,hatchback,38181,3,7,0,rural,334,yes,no,3964
64,male,4,suv,27340,0,7,46,rural,742,no,yes,2884
51,female,1,truck,15187,1,0,33,rural,569,no,yes,2186
49,male,19,hatchback,11668,1,3,31,urban,705,yes,no,2011
71,male,15,truck,20344,0,7,50,urban,807,yes,yes,2966
65,male,13,truck,13195,4,2,47,rural,603,no,no,3373
42,female,13,hatchback,21561,0,4,24,urban,584,no,yes,2668
57,male,0,suv,42122,4,2,39,suburban,847,no,yes,4332
62,male,2,sedan,27298,4,3,44,urban,328,no,yes,4150
70,male,6,sedan,43250,1,4,50,urban,690,no,yes,3079
18,female,14,sedan,21076,3,3,0,rural,715,yes,yes,2846
33,male,18,sedan,20376,2,4,15,suburban,441,no,yes,3149
56,male,19,sports,41039,0,1,38,rural,640,no,no,2521
22,female,1,sedan,48442,4,5,4,urban,544,no,yes,4637
39,female,18,hatchback,10392,0,4,21,suburban,304,yes,no,1720
46,male,8,sedan,32106,3,3,28,rural,748,yes,no,3285
72,male,18,truck,19309,3,0,50,urban,565,no,yes,3761
20,female,4,sedan,29809,2,7,2,suburban,790,no,yes,3629
29,female,17,suv,5693,2,5,11,rural,538,no,yes,3369
43,female,15,hatchback,38937,4,7,25,suburban,549,no,no,4786
33,female,3,hatchback,34233,2,6,15,urban,590,yes,yes,4071
68,female,11,sports,13623,4,1,50,rural,842,no,no,3490
54,female,6,truck,45550,1,2,36,urban,378,no,yes,3581
39,female,13,hatchback,14174,4,1,21,suburban,820,no,yes,2918
74,male,11,suv,16352,2,1,50,urban,749,yes,no,2920
46,female,2,sedan,10530,0,2,28,suburban,443,yes,yes,1916
31,female,4,hatchback,9992,2,4,13,rural,419,yes,no,2950
45,male,16,suv,28354,3,7,27,urban,475,yes,yes,4484
22,female,9,sedan,8312,2,1,4,rural,369,yes,yes,2336
64,female,9,sports,9318,1,7,46,rural,502,no,yes,3921
66,male,10,hatchback,39456,4,5,48,rural,479,yes,yes,4265
47,female,16,hatchback,5467,3,7,29,rural,409,no,yes,3355
63,male,4,suv,32192,4,1,45,urban,723,no,no,4134
69,male,12,truck,47305,4,0,50,urban,802,no,no,4199
22,male,9,sports,40190,2,5,4,rural,705,yes,no,4067
29,male,8,truck,28663,0,0,11,rural,390,yes,no,1553
33,female,16,hatchback,36246,3,5,15,suburban,593,yes,no,3719
43,male,0,truck,42489,1,3,25,rural,692,no,yes,2518
43,male,3,sedan,46971,1,2,25,suburban,336,no,yes,2999
65,female,3,sports,45309,0,5,47,suburban,816,yes,yes,3560
38,male,17,truck,47637,0,5,20,rural,615,yes,yes,2435
56,male,8,sedan,33273,2,4,38,urban,471,yes,yes,3650
53,male,17,suv,34473,1,7,35,suburban,705,no,no,3358
50,male,13,truck,18679,3,4,32,urban,561,no,no,3669
47,female,14,sports,32445,0,7,29,rural,783,yes,no,3442
54,male,5,sedan,22870,0,3,36,rural,326,no,no,2403
40,female,9,truck,30992,0,4,22,rural,794,no,no,2104
27,female,14,suv,34433,3,6,9,rural,354,yes,yes,4231
71,male,3,truck,16038,1,7,50,suburban,548,no,yes,3568
22,male,17,sedan,30933,3,6,4,suburban,572,no,yes,4192
53,male,17,truck,34236,3,4,35,urban,558,no,yes,4052
51,male,16,sports,14770,2,6,33,urban,490,yes,no,4327
69,female,11,hatchback,8749,0,7,50,suburban,745,no,no,2325
48,female,6,sedan,49585,1,0,30,rural,801,no,yes,2319
27,female,15,sedan,40271,2,6,9,urban,692,yes,yes,3360
36,male,10,sedan,12855,2,4,18,suburban,707,yes,yes,2267
49,female,13,sedan,49097,4,4,31,urban,408,no,yes,4683
18,male,2,truck,28439,0,6,0,suburban,402,no,yes,3051
73,male,18,sports,35290,1,7,50,rural,525,no,yes,4292
22,male,17,suv,16101,1,3,4,suburban,652,yes,no,1778
62,male,9,sports,32240,1,3,44,urban,459,yes,no,3420
21,male,5,sedan,21783,0,7,3,suburban,703,no,no,2193
33,female,12,truck,49917,1,1,15,urban,623,yes,no,2477
41,female,9,truck,31809,3,4,23,urban,444,yes,yes,3945
33,male,17,sedan,22923,3,4,15,urban,764,yes,yes,3503
72,female,19,truck,20026,0,5,50,rural,431,yes,yes,2315
19,male,15,sedan,46196,1,4,1,rural,392,yes,yes,3330
66,male,5,sports,28569,4,0,48,suburban,572,yes,no,3890
45,male,12,hatchback,46887,4,6,27,suburban,833,no,yes,4313
49,female,3,truck,25893,4,5,31,urban,493,no,yes,4824
44,male,13,sedan,27435,3,4,26,rural,469,no,no,3843
37,male,0,sedan,41892,4,0,19,suburban,759,yes,yes,3355
41,female,19,truck,37399,1,1,23,suburban,310,no,no,2718
29,female,4,suv,30236,1,5,11,rural,480,no,yes,3502
67,female,7,sedan,32199,4,6,49,urban,531,yes,no,4737
52,male,11,truck,25334,2,6,34,suburban,328,no,no,3664
50,male,1,sedan,38217,4,7,32,urban,831,no,yes,4990
50,female,11,suv,20034,2,7,32,rural,304,no,yes,3713
68,male,4,hatchback,36085,0,2,50,rural,845,no,no,2540
60,female,4,suv,14442,0,4,42,suburban,439,yes,yes,2361
54,female,12,sports,17643,1,5,36,suburban,327,no,no,3521
29,male,8,truck,40069,3,6,11,rural,397,yes,yes,3876
20,male,9,suv,12710,1,3,2,urban,561,yes,no,2789
18,female,0,hatchback,43560,1,5,0,urban,318,no,yes,3497
50,female,2,sedan,47427,3,3,32,rural,311,yes,no,3959
57,female,17,truck,12216,1,4,39,suburban,836,yes,no,1757
27,female,11,suv,16712,3,0,9,rural,824,yes,yes,2664
60,male,2,hatchback,9905,1,3,42,suburban,764,yes,yes,2189
61,female,8,suv,43767,0,5,43,urban,558,no,no,3827
46,female,1,sports,32930,2,7,28,suburban,323,no,no,4554
30,female,2,truck,36192,1,5,12,urban,307,yes,no,3720
29,male,13,sedan,28506,2,6,11,rural,527,yes,yes,3427
48,male,3,hatchback,12288,4,7,30,suburban,675,yes,no,3913
63,female,18,suv,49034,1,3,45,urban,422,yes,no,3998
19,male,12,truck,35011,0,1,1,suburban,389,no,yes,1968
68,male,6,suv,20586,3,6,50,urban,755,yes,no,4307
67,male,11,truck,37400,0,1,49,urban,523,no,yes,2763
52,female,2,sports,6567,2,1,34,rural,556,yes,no,2996
40,female,8,suv,6094,3,3,22,rural,814,yes,yes,2588
34,male,1,sports,16135,0,3,16,suburban,447,yes,yes,2521
43,female,8,hatchback,18508,0,5,25,urban,686,no,yes,2641
25,female,11,sports,14684,0,4,7,rural,737,no,yes,2700
46,male,11,truck,32247,3,4,28,suburban,336,no,yes,3828
43,male,14,hatchback,11191,0,0,25,rural,405,yes,yes,1457
27,female,1,suv,22842,0,7,9,suburban,531,no,no,3282
43,male,17,suv,13046,2,3,25,rural,445,yes,yes,2885
51,female,12,truck,9934,0,6,33,rural,316,yes,no,2593
68,female,13,sedan,6354,0,7,50,urban,458,no,yes,2980
58,male,4,sedan,44241,4,6,40,urban,581,yes,yes,5141
24,female,9,suv,34816,3,7,6,rural,577,no,no,4291
21,female,11,truck,7963,4,4,3,urban,424,yes,yes,3610
70,male,9,sedan,32424,2,4,50,rural,719,yes,no,2431
67,male,10,sports,19503,4,1,49,suburban,619,yes,no,3971
62,male,1,suv,8042,1,1,44,rural,781,yes,no,1976
28,female,4,sports,35241,3,6,10,rural,623,yes,yes,4204
46,male,6,truck,44741,0,6,28,suburban,694,no,no,2444
73,male,5,sports,12139,4,1,50,suburban,485,yes,no,3954
53,male,2,sedan,16226,4,2,35,urban,765,yes,no,3405
42,male,12,sedan,44698,0,7,24,suburban,356,no,yes,3115
38,female,2,hatchback,19762,0,4,20,urban,757,no,yes,2421
74,female,5,suv,23116,2,1,50,rural,507,yes,yes,3131
53,male,10,truck,43108,4,1,35,suburban,373,no,yes,3754
27,female,16,suv,10111,4,3,9,rural,783,yes,yes,2887
54,male,9,sports,8081,1,6,36,urban,384,no,no,3536
26,male,11,truck,34815,1,5,8,suburban,313,no,no,3473
41,female,16,truck,12802,4,1,23,urban,348,yes,no,3769
52,female,3,sedan,47230,1,3,34,urban,725,no,no,3039
66,male,1,sports,22913,4,0,48,suburban,658,yes,yes,3377
52,male,10,sedan,22465,3,1,34,suburban,541,yes,yes,3134
65,female,6,sedan,12994,2,5,47,urban,352,yes,yes,3554
53,male,1,hatchback,8531,1,3,35,suburban,368,no,yes,2634
35,female,17,sedan,14343,4,5,17,urban,355,yes,no,4205
66,male,3,suv,38484,1,1,48,rural,755,no,no,2795
56,male,7,truck,11229,2,0,38,rural,554,yes,no,2176
49,female,19,sedan,33775,3,1,31,suburban,304,no,yes,3344
41,female,13,suv,31766,0,3,23,suburban,351,no,no,2766
40,female,11,sports,21588,0,0,22,rural,628,no,no,1821
49,female,17,truck,28168,1,0,31,urban,397,no,yes,2613
54,female,10,sports,49789,4,0,36,urban,460,yes,yes,4705
29,female,7,suv,49069,2,2,11,urban,705,yes,no,3820
66,female,1,sports,41862,3,3,48,suburban,626,yes,yes,3936
72,male,14,sports,26866,3,2,50,urban,542,yes,no,4518
30,male,8,sports,14524,3,5,12,suburban,803,no,no,3436
40,male,18,sedan,27538,0,0,22,suburban,666,yes,no,1639
42,female,19,sedan,47809,2,2,24,suburban,741,no,no,2652
52,female,7,sedan,26226,0,1,34,rural,453,no,no,2167
58,female,18,truck,13103,1,2,40,urban,533,yes,yes,2156
47,male,4,suv,23402,3,4,29,suburban,632,yes,yes,3173
34,female,10,sedan,20090,2,5,16,urban,794,yes,yes,3251
66,female,14,sports,20915,3,0,48,rural,414,yes,no,3743
37,male,7,sports,46477,0,0,19,urban,668,yes,no,2757
65,female,18,sports,39206,0,6,47,rural,632,no,yes,3387
42,male,7,sports,26511,0,7,24,suburban,429,yes,yes,3694
39,male,18,hatchback,20029,3,5,21,suburban,477,yes,yes,3338
30,female,17,truck,35831,2,5,12,rural,394,yes,no,3081
36,female,9,suv,28531,2,3,18,suburban,616,no,yes,2962
66,female,6,suv,9517,1,1,48,urban,400,yes,yes,2564
53,male,8,sedan,26961,3,6,35,urban,495,no,no,4461
29,male,0,hatchback,31835,1,5,11,rural,507,no,yes,3341
58,male,18,suv,32725,1,6,40,urban,772,no,yes,3238
36,female,4,truck,30357,1,5,18,suburban,307,yes,no,3217
29,female,18,sports,48673,1,6,11,suburban,435,no,no,4179
26,female,0,sedan,6244,0,3,8,suburban,560,no,yes,2149
24,female,14,truck,7416,1,5,6,urban,446,no,no,2726
45,male,15,suv,11490,2,2,27,suburban,757,yes,yes,2485
31,male,6,hatchback,16683,1,4,13,urban,737,no,yes,2702
48,male,11,sedan,10839,0,4,30,rural,712,yes,yes,1819
69,male,7,suv,29992,4,4,50,suburban,799,no,yes,4475
36,female,4,sedan,49938,4,5,18,rural,531,no,no,4834
64,female,9,suv,49735,4,6,46,urban,400,yes,no,5258
33,female,4,sports,42777,3,4,15,urban,446,no,no,4738
70,male,16,hatchback,13924,2,1,50,rural,806,no,yes,2464
22,male,4,sports,20921,0,2,4,suburban,403,no,yes,2739
52,female,14,suv,29260,4,4,34,suburban,635,yes,yes,4169
29,female,12,truck,33380,0,0,11,suburban,745,yes,no,1026
42,male,0,sports,23811,0,5,24,rural,743,yes,yes,3018
69,female,10,truck,10721,3,2,50,urban,417,no,yes,3457
38,male,0,suv,46191,4,1,20,rural,816,no,yes,3893
53,male,10,hatchback,9930,1,4,35,urban,830,no,no,2360
70,male,17,truck,9353,0,1,50,suburban,387,yes,yes,1811
40,female,17,suv,12832,4,5,22,suburban,775,yes,yes,3674
33,female,15,truck,27951,0,4,15,urban,784,yes,no,1970
74,male,12,sports,12770,3,0,50,suburban,594,no,no,3578
56,female,6,suv,30525,3,2,38,rural,680,yes,yes,3441
62,male,0,sports,21556,1,6,44,urban,582,yes,yes,4176
70,male,15,sedan,20094,3,0,50,suburban,455,no,no,3248
59,male,0,suv,12935,4,4,41,suburban,479,yes,no,4095
56,male,16,truck,7675,3,3,38,suburban,386,no,no,2692
31,female,5,sedan,36280,1,7,13,suburban,705,no,yes,3192
48,male,1,sports,16240,2,2,30,urban,795,yes,no,3385
22,male,16,sports,9005,0,1,4,urban,566,yes,yes,2362
52,female,5,truck,11544,0,4,34,suburban,363,no,no,2537
40,male,13,sedan,22332,4,0,22,rural,418,yes,yes,2861
46,male,17,hatchback,31836,1,5,28,rural,640,no,yes,2614
60,female,5,truck,19388,1,6,42,rural,612,yes,no,2528
28,female,9,sports,6694,1,3,10,rural,462,yes,no,2547
35,female,17,suv,26141,0,6,17,urban,804,no,yes,2728
64,male,8,sedan,27666,3,5,46,urban,592,no,no,4443
29,female,7,hatchback,43769,0,4,11,rural,676,yes,yes,2375
26,female,9,suv,44420,0,7,8,urban,841,yes,yes,3095
27,male,16,sedan,42349,0,1,9,rural,700,no,no,1762
61,male,5,truck,42855,3,0,43,suburban,699,yes,yes,3273
34,male,13,truck,6460,2,2,16,suburban,698,yes,no,2140
55,male,5,sedan,41655,4,3,37,rural,786,yes,yes,3772
24,male,6,hatchback,46252,2,4,6,urban,814,no,yes,3431
63,female,11,sedan,14835,2,4,45,rural,323,yes,no,2703
30,female,2,suv,15910,0,4,12,urban,358,yes,yes,2652
57,female,13,suv,22221,2,4,39,suburban,539,yes,yes,2987
59,male,18,truck,30613,0,0,41,urban,610,no,yes,2250
26,male,15,sedan,36353,0,2,8,rural,620,no,no,1661
67,male,6,truck,43614,4,1,49,suburban,780,yes,no,3889
44,female,7,hatchback,13463,1,3,26,suburban,713,no,yes,2497
19,female,17,suv,18336,0,6,1,urban,621,no,yes,2549
22,male,12,sports,31534,2,7,4,suburban,701,yes,yes,3790
46,female,8,sports,7369,4,4,28,suburban,358,yes,no,3992
54,male,9,sedan,30381,2,5,36,urban,352,no,yes,3791
55,female,8,sedan,24558,1,4,37,suburban,363,yes,yes,3166
36,female,14,sports,27369,3,2,18,rural,418,yes,no,3887
25,female,19,sedan,38650,1,2,7,urban,585,yes,no,2818
65,male,1,suv,35954,4,7,47,urban,317,yes,yes,5641
62,female,12,hatchback,30407,1,0,44,urban,304,no,no,2877
18,female,1,hatchback,40939,1,0,0,urban,691,no,yes,2464
39,male,18,truck,31767,4,5,21,rural,459,yes,no,4153
69,female,1,suv,7040,4,5,50,urban,441,yes,no,4367
34,male,2,sedan,28116,2,0,16,rural,696,no,no,2290
24,male,5,sedan,31170,0,3,6,urban,317,yes,no,2577
42,male,2,truck,11372,3,5,24,urban,413,yes,yes,3968
62,male,9,truck,27369,3,0,44,suburban,833,yes,yes,2472
21,male,5,sedan,12562,3,4,3,suburban,831,no,no,2996
53,female,15,sedan,49544,1,0,35,rural,760,yes,yes,2152
23,male,16,suv,10900,4,6,5,suburban,585,yes,yes,3812
48,male,18,truck,45733,4,3,30,urban,304,yes,yes,4357
36,male,2,suv,26700,4,0,18,rural,428,yes,no,3219
61,male,17,sedan,46233,0,0,43,suburban,798,yes,no,1623
71,female,6,sports,5589,4,4,50,urban,575,no,yes,4556
56,male,8,sports,10063,4,5,38,suburban,382,yes,yes,4455
44,female,19,sedan,25017,1,4,26,suburban,417,no,yes,2279
27,male,11,truck,23374,2,6,9,suburban,328,no,yes,3475
43,female,4,sports,27899,3,6,25,suburban,657,yes,no,4394
36,male,2,truck,6258,1,7,18,urban,456,yes,yes,3201
56,male,10,sports,18598,1,4,38,suburban,330,yes,yes,3401
20,female,3,truck,7866,1,0,2,rural,585,yes,yes,1709
62,male,4,sports,46504,3,4,44,rural,635,yes,yes,4069
30,female,0,truck,35132,1,2,12,suburban,612,yes,yes,2352
67,male,17,suv,34404,2,1,49,rural,422,yes,no,3254
45,female,11,truck,5637,4,1,27,suburban,670,yes,no,2457
37,male,12,suv,29616,2,4,19,urban,613,yes,no,3204
45,male,8,suv,42650,4,5,27,urban,327,yes,no,4958
25,female,1,sedan,20828,4,3,7,rural,454,no,no,4446
58,male,4,suv,31196,1,6,40,rural,529,yes,yes,3598
56,male,12,hatchback,41440,1,4,38,suburban,848,yes,no,2347
18,male,15,suv,37022,3,5,0,suburban,305,yes,no,3524
20,male,15,truck,37202,0,4,2,suburban,772,no,no,2265
30,male,2,suv,33704,2,0,12,urban,617,no,yes,3491
45,male,3,truck,30875,3,6,27,suburban,524,no,yes,4141
74,female,10,truck,28641,3,6,50,urban,332,yes,yes,4324
66,female,13,hatchback,42479,2,5,48,rural,388,no,yes,3920
42,female,2,suv,18235,2,6,24,urban,633,yes,no,3385
73,male,15,suv,27027,4,3,50,rural,339,yes,no,3621
50,female,14,sports,37927,0,4,32,urban,674,no,no,3405
55,male,9,sports,47912,1,2,37,urban,597,yes,yes,3775
70,male,8,sedan,47691,0,5,50,suburban,692,no,no,3043
23,male,10,truck,32022,0,1,5,rural,317,no,no,1903
61,male,15,hatchback,10938,1,5,43,urban,826,no,yes,2673
62,female,9,sports,49122,0,7,44,urban,431,yes,yes,4478
49,male,16,suv,47692,3,2,31,rural,589,yes,no,4072
62,female,18,sedan,38348,3,6,44,urban,508,yes,no,4453
64,male,1,hatchback,37209,1,7,46,rural,626,yes,no,3335
38,female,1,suv,42242,1,2,20,rural,802,no,no,2943
33,female,5,suv,14941,2,6,15,rural,578,yes,no,3581
71,female,18,truck,12073,2,2,50,urban,681,no,no,2368
38,female,7,truck,47430,0,3,20,urban,608,yes,yes,2329
28,female,2,sports,42827,0,3,10,suburban,576,no,yes,2894
54,female,13,sports,42096,1,5,36,rural,375,no,no,4120
53,male,15,suv,5921,0,7,35,urban,597,yes,yes,2829
52,female,0,suv,7773,4,3,34,urban,677,no,no,4029
36,male,2,sports,9462,3,1,18,rural,732,yes,no,3169
37,female,17,sports,25960,0,7,19,rural,411,yes,yes,3098
74,male,8,suv,35268,0,6,50,rural,371,no,yes,3331
35,female,5,hatchback,24818,2,0,17,suburban,616,yes,no,2105
64,female,0,suv,44501,4,5,46,suburban,320,no,yes,4938
58,male,9,hatchback,49542,0,4,40,suburban,487,yes,no,3128
66,female,5,hatchback,47078,3,4,48,rural,420,no,yes,4798
31,female,11,suv,6865,0,5,13,urban,641,no,no,2500
32,female,3,sedan,35706,1,0,14,rural,603,yes,yes,2023
48,male,12,sports,33887,4,4,30,urban,746,yes,no,4889
18,female,16,truck,35511,0,5,0,suburban,795,no,yes,2552
70,male,7,suv,38479,4,5,50,suburban,820,yes,yes,4086
71,female,19,hatchback,45478,0,2,50,suburban,484,no,yes,2824
71,female,2,suv,31401,3,1,50,urban,631,yes,no,3756
20,male,11,sports,33502,3,7,2,urban,649,no,yes,4892
33,female,6,hatchback,18394,4,4,15,rural,619,yes,yes,3605
40,female,11,truck,38158,2,1,22,rural,836,no,no,2602
74,male,1,truck,14262,2,6,50,rural,711,yes,no,3546
28,female,13,truck,9487,1,5,10,suburban,455,yes,yes,2552
29,male,4,sedan,32341,2,0,11,rural,832,no,yes,2344
27,male,8,hatchback,48388,4,5,9,suburban,801,no,yes,4333
49,male,10,hatchback,18570,2,4,31,urban,785,no,yes,3260
33,female,4,sedan,34605,1,1,15,suburban,453,no,no,2666
25,male,2,hatchback,11066,0,2,7,suburban,367,no,yes,1994
55,male,16,sedan,42262,2,7,37,suburban,791,no,no,3647
29,female,1,suv,31723,4,2,11,urban,340,yes,no,4232
41,male,0,sports,8572,4,5,23,urban,826,yes,yes,4262
45,female,6,truck,17670,1,0,27,rural,468,no,no,1907
70,female,13,sedan,32839,1,6,50,rural,411,yes,yes,3615
25,female,4,sedan,33401,3,7,7,rural,762,no,no,3838
45,female,18,sedan,15249,3,3,27,urban,351,yes,no,2724
53,male,10,suv,7311,3,4,35,urban,554,no,no,3940
43,male,1,sedan,37011,0,5,25,urban,457,no,yes,3365
25,male,7,sports,48839,4,2,7,urban,599,yes,no,4623
67,male,8,sports,44541,3,2,49,urban,726,no,no,4239
45,male,2,truck,44673,4,0,27,suburban,606,yes,no,3313
45,female,1,suv,8642,1,2,27,rural,398,yes,no,2334
54,male,6,sports,11338,0,4,36,suburban,420,yes,no,3049
58,male,4,hatchback,14622,1,0,40,rural,329,yes,no,2092
53,male,4,hatchback,47873,4,1,35,suburban,529,yes,yes,4027
44,female,19,hatchback,44008,3,0,26,urban,553,yes,no,3739
71,female,12,sedan,12806,1,6,50,rural,703,yes,no,2630
34,male,19,sedan,5757,2,4,16,suburban,793,yes,yes,1851
26,female,5,hatchback,31710,0,6,8,rural,330,yes,no,2665
50,male,19,truck,26470,4,4,32,urban,461,yes,no,4258
70,male,17,truck,11220,3,1,50,urban,731,no,yes,2682
37,female,1,sedan,47872,1,5,19,rural,455,yes,yes,3883
30,female,5,hatchback,31315,0,0,12,rural,622,yes,no,1523
45,male,8,truck,32793,3,4,27,urban,490,no,no,4010
65,male,2,sedan,19316,1,4,47,urban,475,no,no,3056
46,female,0,hatchback,47094,4,1,28,urban,816,no,no,4307
30,male,0,suv,27505,2,3,12,suburban,823,no,yes,2920
63,female,18,hatchback,33288,2,0,45,rural,638,yes,no,2386
52,male,4,hatchback,13956,4,7,34,urban,618,yes,yes,3998
23,female,12,sports,24109,0,4,5,rural,410,yes,no,2831
35,male,18,sports,8497,4,2,17,suburban,772,no,yes,3347
68,male,11,suv,14864,1,1,50,suburban,316,no,no,2459
22,female,15,suv,36510,0,3,4,urban,519,yes,yes,2605
64,male,18,hatchback,32981,2,3,46,rural,786,no,yes,3064
42,male,2,truck,27026,1,1,24,suburban,604,yes,yes,1972
19,female,11,suv,13774,3,3,1,rural,816,no,yes,2926
27,male,4,hatchback,26017,3,4,9,rural,428,no,yes,3676
73,male,1,sedan,6821,3,3,50,urban,323,yes,no,3958
47,male,6,sports,23021,2,0,29,suburban,840,yes,no,2983
67,female,12,truck,15372,4,7,49,suburban,431,yes,no,4470
62,female,14,hatchback,46148,0,2,44,suburban,620,no,yes,1907
22,female,2,sedan,39514,2,7,4,rural,796,no,yes,3489
72,male,19,sports,33402,1,7,50,suburban,681,yes,no,3830
73,male,4,sedan,10797,1,4,50,suburban,515,yes,yes,2486
50,male,7,hatchback,21283,3,1,32,rural,842,yes,yes,2737
71,male,0,suv,45857,0,2,50,suburban,310,no,yes,2859
18,female,7,sports,49905,3,5,0,suburban,381,no,yes,4640
35,male,17,sedan,12597,1,4,17,rural,455,yes,no,2708
49,male,19,suv,35320,1,2,31,suburban,465,yes,no,2910
64,male,15,truck,36261,4,3,46,urban,507,yes,no,4566
66,female,17,hatchback,11107,4,5,48,rural,323,no,yes,4103
28,male,19,hatchback,30760,4,1,10,suburban,631,no,no,3092
38,male,11,sports,40561,3,1,20,urban,818,yes,yes,3747
43,male,12,sedan,16138,0,7,25,rural,810,no,no,2227
42,male,12,truck,40268,4,0,24,suburban,540,yes,no,3596
39,male,9,sports,36608,2,3,21,rural,480,yes,yes,4197
44,female,6,sports,18138,4,7,26,urban,592,yes,no,4975
66,male,13,sedan,46129,3,0,48,rural,382,no,yes,3446
30,male,15,truck,42693,0,0,12,suburban,389,yes,no,1796
50,male,14,sedan,22464,4,3,32,urban,738,yes,no,3850
51,male,11,hatchback,26248,0,4,33,rural,842,no,no,2485
58,male,8,suv,42221,2,5,40,suburban,492,yes,no,4026
52,male,7,hatchback,23632,1,6,34,suburban,787,yes,no,2805
18,male,17,hatchback,17100,0,0,0,urban,648,yes,no,1295
38,male,17,sports,6325,4,2,20,urban,388,yes,yes,4148
65,male,12,hatchback,16369,3,5,47,rural,422,no,no,3877
72,male,17,truck,15340,3,4,50,suburban,673,no,no,3196
23,female,14,hatchback,18408,3,7,5,urban,346,yes,yes,4122
45,female,3,truck,24369,3,3,27,suburban,732,no,yes,3372
34,female,16,sedan,23460,0,1,16,rural,445,no,no,1493
22,female,4,sports,31105,3,4,4,urban,302,no,no,4672
48,male,15,truck,36384,1,7,30,rural,829,no,yes,3153
22,female,8,hatchback,6461,2,0,4,rural,613,no,no,1902
55,female,9,sports,47362,0,2,37,urban,626,no,no,3153
20,male,17,sports,37840,0,7,2,rural,380,no,no,3583
70,female,16,truck,33610,3,5,50,suburban,452,no,yes,3888
40,female,17,truck,43798,3,3,22,urban,701,yes,no,3215
54,male,6,suv,25995,0,1,36,suburban,787,yes,yes,2046
70,male,3,suv,24180,3,5,50,rural,366,yes,no,3911
54,male,4,sports,12717,3,2,36,urban,388,yes,yes,4032
27,female,15,suv,18331,3,6,9,suburban,434,yes,yes,3626
27,female,2,hatchback,18936,3,1,9,suburban,501,yes,no,3351
36,male,17,sedan,34550,3,3,18,suburban,727,yes,yes,3050
34,male,13,sports,25615,4,5,16,suburban,478,yes,yes,4575
38,female,14,sedan,8576,4,4,20,suburban,638,no,no,3401
31,male,16,suv,45868,4,0,13,rural,378,yes,yes,4263
26,female,0,truck,37503,0,3,8,rural,832,yes,yes,2211
63,male,16,sports,10728,2,7,45,rural,677,no,yes,3564
18,male,10,suv,37800,0,2,0,rural,464,no,yes,2635
68,female,16,hatchback,15886,4,4,50,rural,839,yes,no,3103
62,male,13,sports,19078,0,5,44,rural,454,yes,no,3055
30,male,19,sports,9373,2,1,12,rural,422,yes,no,3201
21,male,18,truck,37532,3,4,3,suburban,501,no,yes,3717
18,female,6,sports,40160,1,4,0,rural,339,yes,no,3624
66,male,12,truck,33688,4,2,48,suburban,468,no,yes,4027
57,male,17,suv,16063,4,0,39,urban,369,yes,no,3572
49,male,13,hatchback,28089,2,6,31,rural,629,no,yes,3274
51,male,0,hatchback,38585,3,7,33,suburban,739,no,no,4331
45,male,6,sports,11203,3,7,27,urban,698,no,yes,4342
48,male,7,sports,7438,1,4,30,urban,792,yes,yes,2485
25,female,17,suv,32559,3,4,7,suburban,653,yes,yes,3414
56,female,8,truck,28212,2,0,38,suburban,627,no,yes,2850
43,male,0,hatchback,11641,3,0,25,suburban,797,no,no,2472
51,female,16,truck,21983,2,1,33,rural,718,no,yes,2010
71,female,18,suv,19026,4,5,50,urban,802,yes,yes,4251
71,male,5,hatchback,24636,4,7,50,rural,838,no,yes,4671
20,female,2,hatchback,39603,4,1,2,rural,644,yes,no,3517
67,female,4,sedan,17222,0,0,49,rural,676,yes,no,1764
29,female,1,suv,7177,4,6,11,urban,594,no,no,4732
18,female,19,suv,45910,2,3,0,urban,587,no,yes,3914
71,female,3,sedan,37916,1,0,50,urban,553,yes,yes,2864
61,female,9,truck,18105,3,1,43,suburban,733,yes,no,2739
22,female,9,sedan,39512,4,2,4,rural,800,yes,yes,3459
47,female,10,suv,6646,0,2,29,suburban,384,no,no,2005
47,male,15,truck,14864,0,5,29,suburban,820,yes,yes,1806
74,male,16,hatchback,31515,2,4,50,rural,812,yes,yes,3005
34,female,15,sedan,28762,1,6,16,urban,815,no,no,2760
65,female,6,truck,41435,4,2,47,rural,815,yes,yes,3926
64,male,15,truck,21960,4,1,46,suburban,796,no,yes,3008
40,female,2,truck,49055,0,2,22,urban,461,no,yes,3001
32,female,15,sedan,32607,2,6,14,urban,826,no,no,3553
54,male,7,hatchback,21302,0,6,36,suburban,664,no,yes,2205
38,male,11,truck,35941,0,3,20,urban,843,no,yes,2000
31,male,2,sedan,36321,1,0,13,urban,724,no,yes,2374
19,female,16,suv,35313,2,0,1,rural,663,no,yes,2175
28,female,17,sedan,42547,1,1,10,rural,407,no,no,2728
68,male,10,sedan,45955,2,4,50,suburban,313,no,no,3578
56,male,3,sedan,18029,4,6,38,suburban,322,yes,no,4592
55,female,15,truck,40740,3,0,37,suburban,620,no,yes,2963
51,male,16,sedan,23429,3,7,33,urban,809,yes,no,3845
55,female,8,suv,33512,2,2,37,suburban,340,yes,no,2929
67,female,5,truck,16140,3,6,49,rural,603,no,yes,3611
51,male,19,suv,19847,0,3,33,urban,714,no,yes,2200
35,male,1,sports,39256,4,7,17,suburban,749,no,yes,4835
47,female,8,sedan,33774,4,4,29,urban,693,yes,no,4107
32,male,5,truck,14127,3,4,14,urban,664,no,yes,3287
44,male,2,truck,33205,2,4,26,urban,728,yes,no,3310
68,male,19,sedan,47674,0,7,50,suburban,451,yes,yes,3263
51,male,5,hatchback,39570,2,0,33,urban,558,yes,no,3177
69,female,6,hatchback,20627,3,5,50,urban,522,no,yes,4266
74,female,0,suv,41288,4,4,50,urban,565,no,yes,5178
55,female,0,sedan,43664,4,7,37,rural,529,yes,no,5092
50,female,4,sedan,37333,2,7,32,suburban,738,yes,yes,3480
41,male,5,sports,41079,1,1,23,rural,449,yes,no,3088
32,male,12,hatchback,23689,2,2,14,urban,756,yes,yes,2512
47,female,1,hatchback,29259,1,5,29,urban,435,no,no,3843
72,female,14,sedan,31571,2,3,50,rural,698,no,no,3122
59,male,14,suv,13009,1,2,41,urban,442,yes,yes,2987
68,female,12,sedan,49674,1,1,50,rural,369,yes,yes,3160
34,female,13,suv,49995,1,1,16,urban,353,yes,yes,3131
22,male,6,hatchback,43230,1,6,4,urban,702,no,no,3443
46,female,13,sports,41226,0,5,28,urban,326,no,no,3824
21,male,9,truck,41498,1,2,3,urban,598,yes,no,3131
27,male,16,hatchback,33820,1,0,9,suburban,619,no,no,1813
73,female,13,suv,45315,4,6,50,suburban,744,no,no,4694
34,male,7,sedan,34482,0,1,16,suburban,397,yes,no,2119
27,female,3,hatchback,37795,1,4,9,rural,425,no,no,3252
34,male,15,sports,24875,3,3,16,rural,357,no,yes,4123
37,female,12,suv,44191,0,7,19,rural,476,no,no,3457
41,female,19,sedan,17453,4,3,23,rural,584,no,yes,3643
22,female,17,truck,14260,2,1,4,suburban,326,no,no,2435
51,male,13,suv,47817,4,4,33,rural,750,no,no,4645
23,male,17,sedan,30898,4,2,5,rural,622,yes,no,2831
70,female,4,truck,10614,0,7,50,rural,549,yes,yes,2558
19,male,8,sedan,36843,0,3,1,urban,669,yes,no,2396
30,female,2,truck,49451,3,4,12,rural,389,no,no,4262
60,female,7,truck,16687,3,4,42,urban,430,no,no,3981
60,male,19,truck,8801,0,0,42,rural,824,no,yes,1224
65,female,9,sedan,46048,0,1,47,rural,328,yes,yes,2503
28,male,18,truck,45144,0,4,10,urban,843,yes,no,2361
68,female,2,suv,33942,2,6,50,rural,385,no,no,4314
64,male,10,sports,15148,4,2,46,urban,357,no,no,4577
74,female,10,sports,22283,3,3,50,rural,356,no,yes,4126
40,female,16,truck,24861,3,6,22,rural,693,no,no,3595
72,male,15,sports,39512,1,0,50,urban,324,no,no,3655
33,female,6,sports,27480,2,2,15,suburban,489,yes,no,3567
48,female,3,truck,23637,0,3,30,urban,375,yes,yes,2961
28,male,18,truck,49621,0,1,10,suburban,670,no,no,2177
71,female,11,suv,39401,2,2,50,urban,805,yes,no,3578
33,male,14,hatchback,28385,3,7,15,suburban,482,no,yes,4585
25,female,10,sedan,30437,0,3,7,rural,453,yes,no,2204
21,male,4,truck,13149,1,0,3,suburban,568,no,no,1915
57,female,4,truck,19671,3,7,39,rural,577,no,no,4340
21,female,14,sports,42469,4,6,3,urban,639,no,yes,4993
73,female,17,suv,28119,2,3,50,suburban,322,no,yes,3424
42,male,10,sports,38781,3,7,24,rural,731,yes,no,4288
20,male,11,truck,21279,4,4,2,urban,825,no,yes,3881
49,male,1,truck,8299,1,0,31,suburban,642,no,no,1401
20,male,19,sports,39274,2,2,2,rural,351,no,no,3581
44,female,14,truck,9803,0,7,26,suburban,638,no,yes,2152
46,female,19,hatchback,22361,0,5,28,suburban,340,yes,yes,2255
49,male,3,sedan,23201,4,7,31,rural,817,yes,yes,3762
67,male,17,sedan,33634,3,1,49,rural,706,yes,no,2549
68,male,5,sedan,19760,1,6,50,urban,437,no,no,3410
36,female,18,hatchback,15826,4,0,18,rural,398,yes,no,3134
38,male,10,truck,26285,1,6,20,rural,640,no,no,2823
22,male,1,sports,14140,1,0,4,suburban,615,yes,yes,2174
35,female,7,suv,11798,1,0,17,rural,841,yes,no,1529
45,female,10,truck,5567,2,3,27,suburban,524,no,yes,2804
59,male,4,hatchback,16624,4,7,41,suburban,560,yes,no,4057
39,female,17,hatchback,17215,2,4,21,rural,546,no,no,2504
38,male,17,sedan,12966,3,5,20,rural,378,yes,yes,3295
23,female,13,truck,45888,3,1,5,rural,772,no,yes,2978
18,male,9,sedan,34753,0,7,0,rural,376,no,no,3202
22,male,2,suv,49104,0,6,4,urban,561,no,yes,3793
58,male,8,sedan,42078,0,1,40,suburban,301,no,no,2791
29,male,2,suv,6982,3,4,11,urban,316,yes,no,3644
43,female,10,hatchback,38864,1,3,25,urban,643,no,no,2989
63,female,11,sedan,18582,1,3,45,suburban,311,yes,no,2521
51,female,11,sedan,24954,4,4,33,urban,306,no,yes,4665
66,female,2,sports,44265,3,6,48,rural,545,no,yes,5144
31,male,6,hatchback,49350,0,4,13,rural,456,no,yes,3122
43,male,13,sports,20378,3,2,25,rural,473,no,yes,3612
62,female,10,suv,48632,1,3,44,rural,786,yes,no,2899
44,female,6,suv,9279,1,6,26,suburban,580,yes,no,2998
26,female,9,hatchback,32924,2,0,8,rural,608,no,yes,2606
43,female,10,suv,22057,2,7,25,suburban,536,yes,yes,3316
74,female,14,hatchback,12312,4,1,50,suburban,456,yes,yes,3289
64,male,18,suv,35353,3,3,46,suburban,550,no,no,3833
74,male,15,truck,40137,2,4,50,suburban,520,yes,yes,3132
39,male,19,sedan,25914,2,0,21,urban,637,no,no,2335
64,female,11,truck,21192,3,7,46,urban,522,no,yes,4120
73,female,17,hatchback,22450,1,7,50,rural,510,yes,yes,2742
47,female,12,hatchback,10432,4,7,29,suburban,636,yes,no,3661
60,female,4,truck,36012,4,2,42,rural,433,no,no,4101
65,male,3,sedan,38455,4,5,47,rural,794,no,yes,4250
34,male,13,sedan,18175,2,2,16,rural,846,no,yes,2389
43,female,7,sports,5068,1,0,25,rural,482,yes,no,2235
53,male,8,suv,15295,4,7,35,suburban,460,no,no,4959
18,male,18,sports,11774,3,6,0,suburban,686,no,no,3648
25,female,2,sedan,17190,4,6,7,urban,496,no,no,4796
66,female,4,truck,36286,0,0,48,suburban,783,no,no,1559
52,female,17,suv,15789,1,6,34,suburban,801,no,yes,2553
69,female,0,truck,33914,0,4,50,rural,788,yes,no,2560
32,female,7,sports,36944,1,6,14,suburban,651,yes,yes,3448
64,female,18,hatchback,11891,3,5,46,rural,829,yes,no,2823
73,male,16,truck,26977,2,4,50,suburban,533,yes,no,2896
39,male,16,sports,35351,2,1,21,urban,708,yes,yes,3458
31,female,10,sports,15316,1,6,13,rural,575,no,yes,3641
43,male,1,sports,38207,4,5,25,suburban,758,yes,no,4762
45,female,5,hatchback,30654,0,5,27,suburban,752,no,no,2313
40,female,13,hatchback,12466,3,1,22,rural,712,yes,no,2181
31,female,2,hatchback,22637,4,2,13,urban,317,yes,yes,3967
41,female,11,suv,8209,2,0,23,urban,371,no,yes,2541
19,male,3,hatchback,41317,4,2,1,suburban,677,yes,no,3426
62,female,11,hatchback,8078,0,6,44,suburban,654,yes,yes,2258
43,male,12,hatchback,32299,2,6,25,suburban,450,no,no,3310
31,female,1,truck,41258,1,4,13,rural,560,yes,yes,3300
73,female,1,hatchback,8543,3,3,50,rural,379,yes,no,3669
68,female,14,suv,34091,3,6,50,rural,405,yes,no,4475
24,male,16,sports,33947,2,6,6,suburban,822,no,no,3838
20,female,6,truck,27064,1,4,2,urban,702,yes,yes,2558
64,female,13,sedan,11751,0,3,46,rural,429,yes,no,1880
40,female,11,hatchback,19906,3,7,22,urban,470,no,no,3833
63,male,16,sports,23096,2,7,45,suburban,705,yes,yes,3794
60,male,13,sports,19425,3,7,42,rural,332,no,yes,4563
64,male,5,truck,16811,1,0,46,rural,835,no,no,1741
62,female,18,sedan,22578,0,0,44,rural,496,no,no,1787
35,male,5,suv,11781,1,7,17,suburban,345,no,no,3298
55,female,17,sports,26290,4,5,37,suburban,573,yes,no,4568
52,male,4,sports,20563,1,0,34,suburban,432,yes,yes,3133
68,male,5,sports,30888,1,1,50,urban,563,no,no,3778
32,female,1,sports,32491,3,1,14,urban,666,yes,yes,4024
42,male,7,truck,37352,1,7,24,rural,304,yes,no,3481
72,female,14,sedan,26676,2,3,50,rural,568,yes,no,3235
54,female,14,sports,5300,3,2,36,suburban,720,no,no,2986
45,male,10,suv,42463,3,5,27,suburban,645,yes,yes,4007
27,female,0,suv,49942,4,2,9,suburban,368,no,yes,4492
56,female,17,hatchback,26008,2,3,38,rural,657,no,yes,2490
74,male,11,sports,25221,1,1,50,suburban,685,yes,no,2654
34,male,11,sports,34334,4,4,16,urban,624,yes,yes,4533
56,female,10,sports,48518,2,6,38,urban,780,no,no,5064
39,male,7,sports,25301,4,7,21,rural,478,no,no,5233
43,female,6,sports,12307,0,5,25,rural,555,no,no,3337
61,female,1,suv,34251,1,3,43,urban,718,yes,no,3351
42,male,10,sedan,39157,4,2,24,suburban,510,no,no,4050
34,male,9,sedan,13882,0,3,16,rural,666,yes,no,1473
30,male,2,hatchback,15040,1,3,12,rural,465,yes,no,2122
37,male,19,suv,11141,4,0,19,rural,513,yes,no,2948
42,female,9,sports,10969,4,7,24,urban,828,yes,yes,4776
21,female,17,sedan,18162,4,1,3,rural,472,no,no,3202
27,male,13,truck,14131,4,5,9,urban,428,no,yes,4247
20,male,17,truck,10037,3,0,2,urban,302,no,no,2439
58,female,7,truck,27378,4,1,40,suburban,369,no,no,3873
62,female,9,sports,19693,3,7,44,suburban,351,no,no,4938
35,female,12,sports,31626,3,3,17,suburban,736,no,no,3422
64,female,7,hatchback,7451,0,1,46,rural,677,no,yes,1488
53,male,3,hatchback,5024,1,2,35,urban,393,yes,yes,2789
64,female,3,hatchback,10962,3,7,46,rural,385,no,yes,4380
39,female,4,truck,40324,2,5,21,urban,817,yes,yes,3490
51,male,0,sports,36415,3,7,33,rural,729,yes,yes,4789
64,female,16,truck,29016,2,7,46,urban,342,no,yes,4396
25,female,1,hatchback,21444,0,0,7,suburban,669,no,no,1519
57,male,7,sports,45443,2,5,39,suburban,703,no,no,4395
66,male,6,suv,21506,0,3,48,rural,602,no,yes,2212
61,male,14,sedan,43384,0,2,43,urban,481,yes,yes,2841
36,female,4,sedan,48062,0,1,18,suburban,468,yes,yes,2306
59,female,1,hatchback,36693,2,6,41,urban,502,yes,no,4180
58,male,6,truck,29248,2,1,40,rural,842,yes,no,2621
54,male,7,suv,47690,0,2,36,suburban,401,no,no,2779
23,female,6,sports,9089,0,6,5,rural,645,yes,no,2462
69,male,6,truck,7472,1,1,50,rural,741,yes,no,1906
43,male,13,hatchback,48237,0,0,25,urban,549,no,yes,2995
51,male,17,truck,45218,4,4,33,rural,482,no,no,3994
73,female,5,hatchback,40732,1,1,50,rural,601,no,yes,2949
62,female,3,sedan,13104,1,3,44,urban,579,yes,no,2825
23,female,9,sedan,22694,1,1,5,urban,388,no,yes,2776
54,female,17,truck,29730,4,5,36,rural,724,no,no,4091
74,female,11,suv,39980,1,3,50,suburban,584,yes,no,3567
50,female,15,sports,14454,1,1,32,suburban,429,no,no,2618
70,male,6,hatchback,44560,2,1,50,urban,547,yes,no,3556
39,female,5,sports,14554,2,7,21,rural,488,no,no,4150
38,female,4,sedan,30513,0,3,20,suburban,390,no,yes,2418
23,male,2,suv,46471,0,0,5,urban,464,no,no,3078
23,female,11,suv,35985,3,6,5,urban,847,no,no,4154
72,female,14,sports,29762,4,6,50,urban,629,yes,no,4621
65,male,9,sedan,45428,2,4,47,rural,840,yes,no,3171
21,male,19,sports,6702,0,4,3,urban,379,yes,no,2338
47,male,18,truck,22038,4,6,29,suburban,468,no,no,4160
28,female,15,suv,27219,1,0,10,rural,844,yes,no,1993
47,male,10,suv,9271,4,1,29,suburban,392,yes,no,3289
48,female,7,truck,32397,2,4,30,suburban,678,no,no,3002
41,female,2,sedan,13955,3,0,23,suburban,508,yes,yes,2799
72,female,6,suv,34602,2,0,50,rural,493,yes,yes,3190
26,female,6,hatchback,49227,0,4,8,suburban,563,yes,no,2927
72,male,13,hatchback,36545,0,6,50,urban,546,no,no,3557
20,male,1,sedan,28116,4,3,2,urban,747,yes,no,4248
68,female,9,truck,11674,2,2,50,suburban,820,no,no,2463
48,male,18,sports,22469,0,6,30,urban,778,no,no,3266
57,female,8,sedan,10446,1,3,39,rural,576,yes,yes,2106
54,female,15,sports,25760,1,6,36,rural,428,yes,no,3584
53,female,18,sedan,6963,3,1,35,urban,601,yes,yes,2530
41,male,17,hatchback,47745,4,3,23,urban,813,no,no,3951
48,female,8,truck,15466,0,5,30,rural,659,yes,no,1872
23,female,15,hatchback,32262,3,2,5,suburban,656,no,no,2913
19,male,12,truck,10177,1,6,1,rural,765,yes,no,2117
37,male,9,sports,16160,3,7,19,suburban,471,no,yes,5043
45,male,19,sedan,42340,3,2,27,urban,387,yes,yes,3889
28,male,13,suv,12543,0,0,10,urban,799,no,yes,1996
21,female,11,suv,46675,0,5,3,suburban,382,no,yes,3422
32,male,18,truck,21626,0,1,14,suburban,816,no,yes,1244
23,female,6,truck,44278,4,0,5,rural,621,yes,no,3318
71,male,14,hatchback,34607,3,3,50,suburban,764,no,no,3300
66,male,15,suv,25299,3,3,48,urban,440,no,yes,4028
47,male,7,hatchback,22221,4,4,29,urban,435,no,no,4179
73,male,9,sports,8323,1,0,50,urban,629,yes,no,2408
55,male,3,suv,47305,2,5,37,suburban,694,no,no,3898
68,male,18,sports,15615,1,0,50,suburban,455,no,yes,2748
74,female,18,sedan,6432,4,0,50,urban,338,yes,yes,3379
19,male,14,hatchback,28238,3,0,1,suburban,581,no,yes,2937
32,male,13,truck,45423,3,2,14,rural,837,yes,yes,3345
28,male,0,suv,13431,0,4,10,rural,843,yes,no,1957
25,male,15,hatchback,13330,0,6,7,suburban,345,yes,no,2544
43,female,9,truck,49153,3,1,25,suburban,543,yes,no,3243
68,male,18,sedan,13611,3,1,50,urban,846,no,no,3023
62,male,2,suv,18872,0,7,44,suburban,749,yes,no,2805
61,male,4,sports,39930,0,1,43,urban,577,no,no,3258
22,male,8,sedan,11486,1,7,4,rural,705,yes,yes,2398
23,female,17,truck,41870,3,2,5,suburban,345,no,no,3590
43,male,10,suv,28258,3,4,25,rural,819,no,no,3713
71,female,15,suv,48186,4,5,50,suburban,570,no,no,4593
21,male,1,sedan,6168,1,4,3,suburban,537,no,no,2639
36,female,11,suv,5415,2,7,18,urban,466,no,no,3681
37,female,5,truck,15905,2,2,19,urban,675,yes,yes,2853
50,male,10,sedan,10243,2,5,32,suburban,500,no,no,2787
37,male,7,sports,21533,0,0,19,suburban,531,no,no,2899
66,female,11,sedan,32020,2,3,48,urban,745,no,yes,3078
29,female,1,sedan,27908,4,0,11,rural,717,yes,yes,3374
64,male,8,sports,10899,0,1,46,suburban,453,yes,no,2354
18,female,14,truck,38606,0,0,0,urban,667,yes,no,1588
43,female,1,hatchback,43912,2,2,25,suburban,386,yes,yes,3431
31,female,0,hatchback,14888,0,1,13,urban,829,yes,no,1908
55,male,9,sports,20935,1,3,37,rural,353,yes,yes,2898
54,female,1,truck,12466,1,5,36,suburban,341,no,yes,3094
28,female,11,suv,20095,2,7,10,suburban,648,yes,yes,3224
53,female,7,sports,16193,4,7,35,rural,529,no,no,5149
30,male,4,hatchback,6320,0,5,12,suburban,735,no,yes,1868
60,male,0,truck,17227,3,7,42,suburban,440,no,yes,4080
20,female,14,sedan,22907,2,1,2,suburban,587,no,no,2375
50,male,5,truck,43002,0,6,32,urban,621,no,yes,3269
23,female,11,truck,49838,2,6,5,urban,741,no,yes,3980
67,male,7,hatchback,43912,2,0,49,suburban,466,yes,no,3240
73,male,12,hatchback,5552,4,6,50,rural,762,no,no,3781
27,female,18,suv,25140,3,7,9,rural,755,yes,no,3806
22,male,0,suv,25055,0,4,4,suburban,372,no,no,2992
40,male,10,sports,38367,2,4,22,urban,569,no,no,4042
27,male,19,sedan,20098,2,5,9,urban,518,no,no,2933
61,female,0,suv,29061,0,4,43,suburban,846,no,no,2929
19,male,7,hatchback,36054,2,1,1,urban,482,yes,no,2892
30,male,4,truck,19800,2,4,12,urban,377,yes,no,3168
57,female,16,sports,47124,2,2,39,rural,607,yes,no,3429
19,male,7,suv,30579,1,5,1,suburban,627,yes,no,2420
37,male,9,truck,6982,1,3,19,urban,720,no,no,2163
18,male,1,truck,45598,3,4,0,urban,535,no,no,4197
54,male,8,suv,40765,4,2,36,urban,761,yes,no,4118
26,male,2,sedan,22070,0,2,8,suburban,838,no,yes,1797
34,female,17,sedan,35886,4,1,16,suburban,337,no,no,3614
26,female,6,sports,49374,4,5,8,urban,725,yes,no,4998
28,male,14,sedan,39527,1,1,10,rural,733,yes,yes,2122
32,male,19,sports,44791,3,3,14,rural,658,no,yes,4129
41,male,17,hatchback,34513,4,3,23,suburban,330,yes,yes,4210
55,female,2,suv,27592,4,7,37,rural,504,no,no,4903
72,female,13,truck,28618,2,0,50,urban,480,no,yes,3502
52,male,1,sports,20409,0,3,34,suburban,339,no,no,3178
47,male,13,sedan,14529,3,5,29,suburban,722,no,no,2934
48,female,10,sports,29154,0,6,30,rural,456,no,yes,3220
66,male,15,sports,37882,1,6,48,suburban,467,no,yes,3947
22,female,7,sedan,49917,4,5,4,rural,381,no,yes,4942
61,female,6,sedan,21952,4,7,43,rural,401,yes,no,4403
67,male,10,suv,20701,0,7,49,urban,388,yes,yes,2970
31,female,2,truck,14745,1,1,13,rural,644,yes,yes,1724
70,male,16,suv,29335,2,2,50,rural,609,yes,yes,2400
73,male,13,suv,7689,2,0,50,suburban,739,yes,yes,1912
28,male,5,sedan,7988,4,6,10,urban,458,no,yes,4207
26,male,7,sedan,40919,4,7,8,urban,413,no,yes,5123
51,male,4,truck,49487,3,6,33,rural,835,yes,yes,4289
29,male,7,sports,14013,0,3,11,suburban,462,no,yes,2809
52,female,1,suv,44113,4,2,34,suburban,585,yes,no,4191
52,female,14,truck,8574,1,1,34,suburban,354,no,yes,1997
18,female,11,suv,37480,0,7,0,urban,332,no,no,3539
57,female,16,sports,12838,3,4,39,urban,495,no,yes,4249
39,male,0,suv,33363,2,0,21,rural,747,yes,no,2608
46,female,14,hatchback,36368,3,5,28,rural,391,no,no,3652
25,female,13,truck,37228,0,2,7,suburban,527,yes,no,1944
28,female,19,sedan,33639,2,1,10,rural,585,no,yes,2697
58,male,15,suv,19823,1,1,40,suburban,534,yes,no,1792
54,female,8,truck,28510,2,0,36,urban,401,yes,no,3148
31,male,0,truck,43333,2,0,13,rural,439,yes,yes,2747
47,female,16,suv,9435,1,7,29,suburban,565,no,yes,3271
52,male,12,sedan,43418,4,3,34,urban,641,no,no,4318
38,male,4,sedan,25553,4,3,20,suburban,834,no,yes,3482
54,female,9,suv,12436,2,5,36,rural,822,no,yes,3233
22,male,5,truck,41476,2,5,4,suburban,315,yes,yes,3763
36,male,18,sedan,39477,3,7,18,urban,635,no,no,4087
31,female,12,suv,29244,4,0,13,rural,689,yes,no,3075
43,female,0,suv,47721,1,0,25,urban,469,yes,yes,3488
21,female,19,suv,6692,2,2,3,rural,418,no,no,2600
42,male,14,truck,20523,2,3,24,suburban,341,yes,yes,3069
62,male,13,sedan,37326,3,1,44,urban,309,no,yes,3333
59,male,7,truck,47205,3,6,41,urban,729,no,yes,4453
42,female,9,hatchback,5125,3,6,24,suburban,767,no,yes,2862
35,male,8,sedan,6199,0,6,17,urban,348,yes,yes,2573
57,male,16,truck,43860,1,7,39,urban,506,no,no,4114
25,male,8,sedan,21375,0,3,7,urban,813,yes,yes,2330
56,male,2,hatchback,7711,2,3,38,urban,509,no,no,3066
57,male,10,sports,37437,3,0,39,suburban,438,no,yes,3878
31,male,11,suv,33022,3,6,13,urban,336,no,yes,4531
49,male,9,truck,14182,3,0,31,urban,517,yes,no,2898
68,female,16,hatchback,32641,4,3,50,urban,755,yes,no,4098
55,female,16,hatchback,34530,1,4,37,rural,811,yes,no,2511
50,female,10,sedan,27612,0,4,32,rural,577,no,no,2576
40,male,3,sedan,10995,1,5,22,suburban,479,no,yes,2948
32,male,6,suv,45950,3,3,14,suburban,816,yes,yes,3624
50,female,13,sedan,43270,2,6,32,suburban,429,no,no,3756
42,male,6,truck,17920,4,7,24,urban,658,no,no,4315
34,female,7,truck,27144,1,4,16,rural,303,no,no,2736
50,male,0,truck,23882,2,7,32,rural,382,no,no,3899
64,male,3,sports,7565,3,7,46,suburban,453,yes,no,4675
72,female,11,truck,28373,3,5,50,rural,805,yes,no,3277
19,female,2,sedan,48557,3,5,1,suburban,808,yes,no,3479
31,female,12,sedan,10024,3,3,13,urban,396,yes,no,3335
70,female,19,truck,29691,4,5,50,rural,581,no,yes,4155
57,female,5,hatchback,38799,4,0,39,urban,837,yes,yes,3692
57,male,10,hatchback,6241,1,0,39,urban,728,yes,no,1823
68,male,3,hatchback,39510,3,0,50,rural,842,no,yes,2756
56,male,19,suv,43477,4,1,38,suburban,425,yes,no,4152
68,female,15,sports,27383,2,7,50,rural,600,no,yes,3778
23,female,6,truck,16830,4,0,5,urban,842,no,no,3157
23,female,10,suv,33975,4,6,5,suburban,666,yes,yes,4012
20,female,0,hatchback,31551,1,0,2,urban,344,yes,no,2520
24,female,6,truck,45928,4,3,6,suburban,792,yes,yes,4137
68,female,11,suv,28267,2,4,50,rural,615,no,yes,3304
25,male,6,sedan,17375,3,6,7,urban,488,no,no,4263
59,male,6,hatchback,26513,0,4,41,suburban,351,yes,yes,2565
69,male,9,suv,9403,1,0,50,suburban,631,no,yes,2022
32,male,15,sedan,9897,2,7,14,rural,798,yes,yes,2866
64,male,7,hatchback,5163,1,0,46,suburban,617,no,yes,1669
46,female,8,sports,41078,3,0,28,suburban,709,yes,no,3752
50,female,8,hatchback,22379,4,5,32,urban,622,no,no,4158
69,female,1,sports,35030,4,3,50,rural,529,no,no,5437
47,female,12,sports,34870,2,3,29,rural,643,yes,yes,3594
56,female,12,sports,34482,3,7,38,urban,670,no,no,4611
44,female,3,truck,36058,0,3,26,urban,591,yes,yes,2810
53,male,11,truck,31871,0,4,35,urban,736,no,yes,2616
46,female,16,sports,31379,4,6,28,suburban,546,yes,yes,4926
55,female,1,sedan,7251,3,6,37,rural,518,yes,no,3842
74,female,12,sports,48860,3,1,50,rural,833,yes,no,4076
50,female,17,suv,28674,2,4,32,rural,818,no,yes,2796
54,male,14,sports,11590,0,3,36,suburban,771,yes,yes,2398
44,male,7,truck,36432,2,7,26,rural,649,no,no,3494
72,female,14,truck,45426,1,2,50,rural,343,yes,yes,2839
50,male,0,suv,27127,3,1,32,rural,364,no,yes,3522
21,male,19,suv,43015,0,0,3,rural,545,yes,no,2242
39,female,9,hatchback,12715,2,5,21,urban,370,no,no,3410
19,female,11,sedan,8817,4,4,1,suburban,457,no,yes,3473
27,female,4,sedan,34493,1,5,9,rural,774,no,no,2730
22,female,8,sedan,22454,2,1,4,rural,324,yes,yes,2230
27,female,7,truck,9600,4,7,9,rural,522,yes,yes,3903
50,male,15,sedan,29690,0,6,32,rural,459,no,no,2570
71,female,13,hatchback,47750,0,7,50,rural,374,no,yes,3411
55,female,12,hatchback,38762,1,2,37,urban,437,no,no,3303
30,female,12,sedan,42499,4,1,12,urban,778,yes,no,3780
48,male,4,suv,27452,3,4,30,suburban,602,yes,no,3780
64,female,15,hatchback,12670,0,3,46,suburban,686,no,yes,1905
53,female,10,suv,26151,3,0,35,rural,771,yes,no,2732
62,female,4,truck,22341,3,3,44,rural,633,yes,yes,3150
41,male,12,hatchback,34604,2,3,23,urban,608,yes,yes,3060
69,female,10,suv,13287,2,7,50,suburban,827,yes,no,2880
73,female,18,sedan,23538,0,4,50,rural,839,yes,yes,1722
32,female,2,truck,22015,3,3,14,rural,462,no,no,3486
46,male,14,sports,49644,2,7,28,rural,354,no,no,4728
25,female,6,sports,20852,4,3,7,suburban,754,yes,no,4004
22,female,6,sedan,26258,4,4,4,urban,604,no,yes,4037
46,female,5,truck,43330,4,7,28,urban,401,yes,no,4817
64,male,2,truck,46508,4,4,46,rural,687,no,no,4423
21,female,12,truck,7248,3,2,3,rural,507,yes,no,2805
29,female,6,truck,11192,4,3,11,rural,614,yes,yes,3253
62,female,4,sports,32410,3,1,44,rural,348,yes,yes,4261
19,male,17,suv,14895,0,6,1,rural,817,no,no,2109
44,male,7,truck,11406,0,0,26,suburban,447,no,no,1892
48,female,16,suv,38924,4,5,30,urban,510,no,no,4750
68,male,19,truck,46303,4,0,50,suburban,671,yes,yes,3191
68,male,0,hatchback,10295,4,4,50,suburban,346,yes,yes,4031
53,male,13,hatchback,17264,0,7,35,rural,798,no,yes,2291
53,female,16,hatchback,33038,2,5,35,suburban,454,no,no,3588
43,female,9,truck,43922,0,4,25,urban,529,yes,yes,3457
60,male,11,suv,14136,4,6,42,rural,599,yes,no,4396
44,male,15,sports,18213,2,7,26,urban,457,yes,yes,4351
22,male,13,sedan,17072,2,6,4,suburban,546,no,no,3082
37,female,15,sports,48010,1,2,19,rural,450,yes,yes,3080
28,female,7,truck,41053,3,3,10,urban,598,yes,yes,3991
27,male,9,hatchback,32431,4,4,9,urban,353,yes,yes,4561
57,male,16,hatchback,47290,3,6,39,rural,522,yes,yes,4226
55,male,17,suv,7003,1,4,37,urban,766,no,no,2640
23,male,19,truck,24999,3,0,5,rural,785,yes,no,2615
25,female,15,sports,36279,4,3,7,rural,743,no,no,4455
40,male,16,truck,47747,1,2,22,suburban,437,yes,yes,2900
64,female,15,truck,15438,3,6,46,urban,591,no,no,4137
43,male,18,hatchback,19227,0,7,25,rural,509,no,yes,2375
63,male,7,sports,8672,2,4,45,suburban,510,no,yes,3557
60,male,5,sedan,12458,1,4,42,suburban,687,no,yes,2318
29,male,5,hatchback,23539,0,7,11,rural,695,yes,no,2220
43,male,8,sports,8479,4,4,25,rural,423,no,yes,4414
30,female,3,suv,19887,2,0,12,urban,423,no,yes,3485
57,male,11,hatchback,5051,1,6,39,urban,367,yes,yes,3324
35,male,11,suv,7159,2,4,17,urban,774,no,yes,3001
42,male,16,hatchback,9390,1,4,24,rural,657,no,no,2213
50,female,14,truck,25035,1,0,32,suburban,755,yes,no,1594
64,female,8,sports,33491,3,4,46,suburban,645,no,no,4462
57,female,6,suv,21080,2,7,39,rural,820,yes,no,3154
60,female,9,hatchback,39880,2,3,42,urban,797,no,no,3595
29,male,15,suv,27149,0,3,11,suburban,627,no,yes,2112
61,male,11,hatchback,20339,4,0,43,suburban,629,no,no,2895
53,male,6,hatchback,34305,0,3,35,urban,726,yes,no,2369
65,female,17,sedan,6354,3,5,47,suburban,742,no,no,2820
21,male,14,sedan,10620,1,5,3,urban,394,yes,no,2539
22,male,5,sedan,8754,3,5,4,suburban,750,no,no,2741
73,female,11,suv,21593,3,2,50,suburban,616,no,yes,3385
54,female,10,truck,21167,0,4,36,suburban,786,no,no,2284
25,female,19,hatchback,27555,1,2,7,urban,304,no,yes,2258
59,male,2,sports,38005,4,3,41,suburban,670,yes,no,4842
66,male,1,sedan,46295,3,0,48,suburban,487,yes,yes,3638
45,female,5,suv,45843,4,5,27,suburban,325,yes,yes,4874
48,male,4,suv,13691,1,0,30,rural,461,no,no,2059
26,female,17,suv,14756,1,2,8,suburban,429,yes,no,2534
71,female,15,sports,41308,0,7,50,suburban,832,yes,no,3446
68,male,7,sports,14327,2,3,50,urban,709,no,yes,3799
46,female,19,sedan,33520,0,6,28,urban,372,yes,yes,3259
31,female,10,sports,48308,4,4,13,rural,532,no,no,5338
57,female,9,sedan,45025,0,6,39,urban,405,no,yes,3420
58,male,11,sports,33900,1,3,40,urban,308,yes,no,3711
39,female,5,sports,21533,3,5,21,urban,349,yes,yes,4478
28,female,19,sports,36881,2,7,10,rural,821,no,no,4121
40,female,4,sedan,32782,1,3,22,rural,741,no,yes,2612
18,female,8,hatchback,49488,3,0,0,suburban,335,no,no,3673
63,female,15,sedan,6624,4,1,45,suburban,501,no,yes,3495
54,female,13,hatchback,45429,4,7,36,urban,417,yes,yes,4788
38,female,7,suv,25812,4,5,20,suburban,468,no,no,4721
43,male,19,suv,12529,0,6,25,suburban,811,yes,yes,2270
63,male,18,sedan,25653,4,4,45,rural,529,no,yes,3984
53,female,13,hatchback,32860,4,5,35,rural,449,yes,no,4347
71,male,6,hatchback,18654,0,5,50,suburban,507,no,no,2663
40,male,4,hatchback,7108,3,4,22,suburban,360,no,no,3505
74,female,17,suv,8947,1,6,50,suburban,416,yes,yes,2919
18,male,1,sedan,12899,2,5,0,urban,538,no,yes,3578
71,female,10,truck,18372,4,0,50,rural,347,yes,no,3385
72,female,7,hatchback,42682,4,3,50,suburban,747,no,yes,3972
68,female,0,hatchback,35373,4,0,50,suburban,767,no,yes,3585
57,female,11,truck,44435,0,3,39,urban,592,no,yes,3599
32,female,1,sedan,7263,0,1,14,rural,724,yes,no,1103
38,male,17,hatchback,31188,0,5,20,urban,816,no,no,2458
64,female,6,sedan,41583,2,1,46,urban,504,yes,no,3378
26,male,16,hatchback,34295,1,2,8,suburban,479,no,no,2463
70,female,13,sports,5577,4,6,50,urban,828,yes,yes,4629
26,female,6,hatchback,20029,3,3,8,urban,389,yes,no,3733
27,female,2,sports,40531,4,0,9,suburban,799,no,no,4014
69,male,5,sedan,35066,4,7,50,rural,407,no,yes,5126
74,female,19,hatchback,22613,4,0,50,suburban,489,no,no,3595
70,female,1,suv,24560,4,5,50,rural,479,no,yes,4643
43,female,16,suv,13945,1,0,25,urban,319,yes,yes,2047
58,female,11,truck,34418,3,2,40,urban,658,yes,yes,3579
52,male,11,suv,22071,0,4,34,suburban,306,no,yes,2670
69,female,16,sports,22130,3,0,50,suburban,621,yes,yes,3152
42,male,9,suv,25721,4,5,24,suburban,567,no,no,4346
43,female,2,suv,7712,3,1,25,urban,726,no,yes,3238
28,male,19,suv,22091,4,6,10,urban,595,no,no,4666
55,male,17,hatchback,20857,3,0,37,rural,812,no,no,2489
19,female,12,truck,46394,2,0,1,suburban,686,no,yes,2297
24,female,11,sedan,39301,3,0,6,urban,563,yes,yes,3654
35,male,16,truck,21553,0,5,17,rural,389,no,no,2537
44,female,3,sports,22404,0,6,26,suburban,787,yes,yes,2974
51,female,9,hatchback,12093,3,4,33,suburban,560,no,no,2930
44,female,10,hatchback,18156,3,0,26,rural,787,no,yes,2525
34,male,5,suv,18785,1,4,16,rural,640,no,yes,2522
60,female,5,suv,30271,3,4,42,rural,628,no,yes,3606
61,female,8,sports,19694,0,6,43,urban,700,yes,no,3329
68,female,14,hatchback,41114,2,6,50,suburban,656,yes,yes,3595
71,male,1,sedan,9013,0,2,50,suburban,798,no,yes,1807
41,female,3,truck,37799,1,1,23,rural,734,no,no,2573
42,male,4,hatchback,29752,3,0,24,urban,418,no,no,3340
24,female,16,sedan,16156,2,0,6,rural,346,no,no,2212
69,male,7,sedan,15304,0,0,50,urban,467,yes,yes,2061
23,female,7,truck,45645,2,4,5,suburban,647,yes,no,2998
70,female,11,sedan,43938,4,7,50,suburban,803,no,no,4759
41,male,7,sports,17078,0,6,23,urban,838,yes,no,2937
50,male,18,sedan,31078,4,3,32,suburban,595,yes,yes,4111
66,male,2,sports,7315,2,7,48,suburban,812,no,yes,3610
46,female,17,sedan,32220,3,1,28,rural,473,yes,yes,3595
60,female,18,suv,36731,3,5,42,urban,694,no,no,4520
39,female,18,sedan,37833,3,0,21,suburban,829,yes,yes,2662
43,female,14,sports,17420,4,3,25,suburban,602,yes,yes,4032
45,male,5,sedan,23312,3,3,27,urban,501,no,no,3786
67,female,15,sedan,26395,1,6,49,suburban,832,yes,yes,2940
38,female,7,sedan,45301,0,3,20,urban,455,yes,yes,2905
66,female,15,sports,20317,0,1,48,urban,313,yes,no,2504
24,female,17,sedan,21968,2,3,6,rural,319,yes,no,2047
34,female,19,truck,27854,4,5,16,urban,756,yes,no,3838
37,female,15,truck,10244,0,0,19,rural,472,no,no,1520
58,female,10,sports,35929,4,5,40,suburban,744,no,no,4974
66,male,6,suv,45922,2,0,48,urban,421,yes,no,3665
37,female,16,truck,29054,3,2,19,rural,796,no,no,3126
71,female,16,hatchback,23588,2,4,50,urban,483,yes,no,3395
39,female,11,truck,49590,1,3,21,suburban,348,yes,yes,3004
45,female,12,hatchback,39660,3,5,27,rural,480,no,yes,4299
57,male,9,sports,12018,3,4,39,rural,693,yes,yes,3097
66,male,6,suv,15621,3,4,48,rural,692,no,yes,3455
24,male,13,hatchback,5973,2,4,6,suburban,647,yes,yes,2164
18,male,0,hatchback,48602,1,4,0,rural,775,yes,no,3134
49,male,16,truck,44383,4,4,31,suburban,440,no,no,4287
30,male,3,hatchback,42097,2,0,12,suburban,829,yes,no,2650
47,female,4,sports,39245,0,1,29,urban,770,no,yes,3094
40,male,19,sports,30346,0,3,22,suburban,562,no,yes,2573
68,male,6,sports,45097,2,3,50,rural,442,yes,no,4174
73,female,9,truck,11444,4,0,50,rural,445,yes,no,3172
36,male,16,suv,29881,0,5,18,suburban,593,no,yes,2976
49,female,6,truck,29846,4,0,31,suburban,837,yes,yes,3286
47,female,0,sports,16406,3,6,29,urban,808,yes,no,4316
46,male,6,truck,44611,2,7,28,urban,721,no,yes,3872
66,female,10,sports,30439,3,4,48,rural,716,yes,yes,4196
62,male,8,sedan,10972,0,1,44,suburban,406,yes,no,1745
46,male,11,sedan,42873,4,3,28,rural,617,no,no,3548
47,female,2,hatchback,15931,3,5,29,suburban,358,yes,yes,3367
33,female,3,suv,12702,0,2,15,rural,557,yes,no,2161
57,male,3,sedan,24298,1,0,39,rural,724,yes,no,1670
36,female,12,sports,26540,3,2,18,rural,830,yes,yes,3802
35,female,18,truck,37040,1,3,17,suburban,465,yes,yes,2508
18,male,9,truck,36000,1,0,0,urban,324,yes,no,2574
31,male,4,hatchback,34805,0,3,13,urban,303,no,yes,2872
68,female,6,truck,7599,2,0,50,suburban,302,yes,no,2256
64,male,15,sedan,27100,4,5,46,urban,717,yes,no,3639
67,male,0,truck,35509,0,3,49,rural,661,yes,yes,2333
19,male,11,sedan,40003,3,6,1,suburban,668,no,no,3579
71,male,1,sedan,24183,4,2,50,suburban,838,yes,yes,3546
45,male,6,suv,43241,2,1,27,urban,645,no,yes,3325
66,male,10,hatchback,5018,0,5,48,urban,343,no,yes,2683
67,male,12,sports,5858,2,6,49,rural,452,no,yes,4184
47,female,1,sedan,30992,3,5,29,suburban,501,no,no,3980
55,male,6,hatchback,37580,0,0,37,urban,620,no,no,2042
68,female,14,sports,10380,3,2,50,suburban,763,yes,no,2904
21,female,10,truck,40800,4,3,3,rural,310,yes,yes,3981
18,female,1,hatchback,23915,4,2,0,rural,526,yes,no,3735
25,male,6,hatchback,45239,2,5,7,rural,632,yes,no,3193
46,male,3,hatchback,42487,2,0,28,suburban,768,no,yes,2818
72,female,10,truck,17943,4,7,50,suburban,314,no,yes,4483
56,male,1,truck,42631,1,2,38,suburban,356,no,no,2857
20,female,15,hatchback,41806,4,6,2,suburban,629,no,no,4173
49,male,6,suv,23836,0,3,31,suburban,363,no,yes,2540
27,male,12,sedan,40614,3,4,9,rural,529,no,yes,3891
27,female,4,truck,45832,4,5,9,rural,310,yes,yes,4428
36,female,16,suv,16394,4,1,18,rural,523,yes,no,3286
63,female,11,truck,11622,3,1,45,urban,841,yes,no,2863
51,male,18,hatchback,30280,3,5,33,rural,805,yes,yes,3294
50,female,6,suv,16782,0,7,32,suburban,821,no,yes,2990
40,male,5,sports,6159,3,4,22,rural,353,no,no,4107
72,male,7,sedan,9626,2,0,50,urban,456,no,yes,2956
45,male,12,sedan,28440,4,2,27,urban,704,yes,yes,3578
49,female,4,truck,41490,3,2,31,urban,698,yes,yes,3209
67,female,1,sedan,16630,0,4,49,urban,702,yes,no,2191
24,female,8,sports,49042,3,6,6,urban,388,yes,no,5051
46,male,10,suv,11589,4,4,28,suburban,485,yes,yes,3856
25,male,5,suv,28233,1,3,7,rural,378,yes,no,2857
18,female,6,hatchback,40011,3,3,0,suburban,444,no,yes,3881
74,male,6,suv,13177,2,1,50,suburban,313,yes,no,2948
72,male,18,truck,39528,4,0,50,urban,301,yes,no,4212
20,female,5,sports,43210,0,7,2,rural,815,yes,yes,3276
41,female,10,hatchback,31372,4,0,23,rural,365,no,yes,3633
40,female,10,truck,28508,1,6,22,rural,545,yes,no,3188
25,male,6,truck,19965,0,4,7,urban,729,yes,no,2183
71,male,1,truck,8236,1,1,50,suburban,531,no,yes,2611
74,male,18,sedan,20611,1,1,50,rural,735,yes,yes,2022
64,male,3,truck,27282,2,3,46,suburban,652,yes,yes,2606
54,male,5,sedan,46003,3,2,36,rural,682,no,yes,3492
20,female,16,suv,20829,2,6,2,rural,359,no,yes,3473
68,male,4,sedan,13680,2,0,50,rural,769,yes,no,2583
50,male,6,truck,16340,2,6,32,rural,710,no,yes,3020
45,male,8,sports,36093,0,1,27,urban,382,no,yes,2980
64,female,0,sports,26107,3,3,46,urban,373,yes,yes,4679
25,female,0,suv,14148,3,3,7,suburban,610,no,no,3257
51,female,18,truck,48074,0,3,33,urban,753,no,no,2581
52,male,5,sedan,22499,2,6,34,rural,325,yes,no,3490
49,female,17,sports,23165,2,2,31,suburban,725,no,yes,3243
41,female,9,hatchback,48786,1,1,23,suburban,676,yes,yes,2225
31,female,10,truck,30226,1,4,13,suburban,542,no,no,2841
49,male,0,truck,23260,4,4,31,rural,622,no,no,3705
73,female,0,hatchback,29916,1,3,50,rural,479,yes,yes,3232
63,male,12,sports,48910,3,3,45,suburban,565,no,no,4720
60,male,4,hatchback,35480,0,2,42,urban,849,no,no,2236
33,female,19,suv,37191,2,3,15,rural,679,no,yes,2780
21,male,0,sedan,14546,4,5,3,rural,376,no,no,4420
69,female,19,sedan,41044,1,1,50,urban,823,no,yes,2847
54,male,2,sports,26921,4,7,36,suburban,348,yes,no,5396
71,female,17,hatchback,41940,0,7,50,urban,553,no,no,3591
38,female,8,truck,17836,0,3,20,rural,679,yes,yes,1978
31,female,13,truck,13989,4,7,13,suburban,548,no,no,3969
48,male,16,truck,18740,4,3,30,suburban,371,no,yes,3875
72,female,13,suv,35180,4,1,50,urban,746,yes,no,3829
65,male,3,suv,18102,2,0,47,rural,805,no,no,2492
35,female,4,truck,20357,3,5,17,rural,552,no,yes,3917
24,male,16,sports,35255,1,5,6,suburban,598,no,yes,3606
27,male,1,suv,41094,1,7,9,rural,359,no,no,3804
24,female,4,suv,30221,1,4,6,suburban,656,yes,yes,2565
50,female,3,sedan,5719,4,3,32,suburban,456,yes,yes,3172
40,female,3,sedan,22906,4,1,22,suburban,641,no,yes,3415
38,female,5,sports,28140,4,4,20,rural,501,yes,yes,4476
36,female,19,suv,6069,2,6,18,urban,334,yes,no,3788
65,male,12,suv,12749,2,7,47,suburban,834,no,no,3292
36,female,4,hatchback,17935,2,6,18,urban,755,no,yes,3640
53,female,6,sports,42655,2,2,35,urban,464,yes,no,3866
46,male,19,sports,49035,0,6,28,urban,327,yes,no,4071
35,female,0,hatchback,35720,2,6,17,urban,671,yes,no,3887
19,female,13,hatchback,32937,2,0,1,urban,613,yes,no,2719
18,male,3,sedan,23540,2,3,0,suburban,583,yes,no,2660
64,female,16,sports,12944,1,0,46,rural,597,yes,no,2398
22,female,13,sports,17747,1,3,4,urban,774,no,yes,3035
37,female,15,hatchback,15505,1,3,19,rural,648,no,no,2049
28,male,13,truck,16697,3,3,10,rural,744,yes,no,2787
59,female,15,truck,41907,0,0,41,suburban,506,no,yes,2136
19,male,19,sedan,20221,4,5,1,urban,716,no,yes,4074
20,female,7,truck,12087,2,2,2,rural,738,yes,no,2658
40,male,2,truck,26462,1,5,22,rural,464,yes,no,3070
72,female,18,truck,27789,0,1,50,urban,719,yes,no,1986
29,male,0,suv,38400,2,1,11,suburban,670,no,no,2974
37,male,1,sedan,7199,3,6,19,suburban,565,yes,yes,3870
22,male,14,hatchback,49023,4,5,4,urban,578,no,yes,4996
54,male,9,truck,26737,2,2,36,rural,781,no,yes,2456
55,male,17,suv,11073,4,6,37,suburban,816,yes,yes,3618
47,male,13,truck,21744,2,2,29,suburban,381,no,yes,2673
26,female,16,suv,15559,3,3,8,rural,418,yes,yes,3790
51,female,12,sedan,37695,0,3,33,rural,602,yes,no,2205
70,male,0,truck,13401,4,1,50,rural,514,no,no,3548
61,male,4,suv,16659,4,3,43,rural,327,yes,no,3893
52,male,12,sports,46890,0,6,34,urban,797,yes,yes,3778
69,male,13,sports,18894,4,3,50,rural,836,yes,no,4158
39,female,2,suv,34160,1,2,21,suburban,818,yes,yes,2707
61,male,14,truck,34272,0,0,43,rural,493,yes,yes,1895
41,female,18,truck,29512,3,7,23,rural,741,yes,no,3636
34,female,16,sedan,38645,2,5,16,urban,335,no,no,3875
27,male,2,sedan,26179,2,4,9,urban,557,yes,no,3341
47,male,15,hatchback,15691,0,4,29,rural,412,no,no,2038
73,female,13,sedan,21110,1,3,50,urban,593,yes,yes,3024
63,female,11,truck,40291,3,3,45,urban,313,yes,no,4145
40,male,11,hatchback,34845,2,5,22,urban,439,no,yes,3992
49,male,10,sedan,44038,2,4,31,urban,670,no,yes,3733
34,male,16,suv,29967,1,2,16,rural,726,yes,no,2529
67,female,7,sports,33478,4,7,49,urban,396,yes,yes,5494
68,female,16,sedan,10088,0,4,50,urban,787,no,no,2227
34,male,19,sedan,45332,1,4,16,suburban,641,no,yes,2841
31,female,10,suv,12066,1,6,13,rural,791,no,yes,2583
26,female,1,truck,44313,1,4,8,urban,799,no,yes,3225
57,male,9,suv,7321,1,3,39,suburban,731,yes,no,2089
19,male,9,sedan,29533,4,6,1,urban,488,no,no,5072
62,female,10,truck,29509,3,3,44,rural,381,yes,no,3621
42,female,5,hatchback,46098,1,5,24,suburban,479,no,no,3597
56,male,3,sedan,13294,1,4,38,suburban,714,yes,yes,2248
26,male,11,suv,43101,0,7,8,rural,404,no,no,3281
71,male,10,hatchback,30059,2,3,50,suburban,680,yes,yes,2595
39,male,12,sports,36248,4,5,21,suburban,628,no,no,4809
60,male,4,hatchback,45626,1,4,42,urban,548,no,yes,3906
63,female,5,suv,25703,3,7,45,suburban,371,no,yes,4443
21,female,0,hatchback,43157,3,2,3,rural,432,no,yes,3588
43,female,5,suv,8205,3,3,25,urban,539,yes,yes,3690
46,female,17,sedan,39929,0,7,28,suburban,377,no,yes,3024
62,male,8,truck,22848,3,7,44,urban,760,no,yes,4052
51,male,14,sports,38411,0,7,33,rural,424,no,no,3510
40,male,7,truck,19986,4,0,22,suburban,310,yes,yes,3338
54,female,18,truck,16628,3,7,36,rural,767,yes,no,3429
28,female,15,truck,43119,2,5,10,rural,706,no,no,3446
23,female,5,suv,9553,1,3,5,suburban,326,yes,no,2450
35,male,5,suv,11518,4,2,17,suburban,506,yes,yes,3563
38,female,2,sports,43491,2,2,20,urban,521,yes,yes,3918
59,male,9,suv,12946,4,3,41,rural,611,no,yes,3789
53,male,0,suv,5610,3,7,35,suburban,681,yes,yes,3805
58,male,13,suv,9302,4,1,40,rural,614,yes,yes,3036
55,male,3,suv,39311,4,5,37,suburban,507,no,no,4600
51,male,11,sedan,39234,4,4,33,rural,595,no,yes,4131
34,male,5,sports,46876,0,4,16,urban,701,no,no,3323
54,female,10,suv,19656,2,2,36,rural,734,yes,yes,2806
42,male,11,sports,44004,3,7,24,suburban,421,no,yes,5133
55,male,9,hatchback,23656,1,3,37,urban,405,yes,no,2664
29,female,17,sedan,46811,3,1,11,urban,335,yes,no,3757
40,male,6,suv,9536,3,5,22,suburban,849,no,yes,3182
70,female,6,sedan,47974,0,0,50,urban,371,no,yes,2715
59,female,10,sedan,24856,0,4,41,rural,466,no,no,2736
39,female,3,hatchback,41410,4,6,21,rural,520,no,yes,4931
38,male,19,sports,49830,3,5,20,suburban,375,no,yes,4970
44,male,0,sedan,21447,2,7,26,rural,510,no,yes,3794
74,female,12,truck,38327,0,5,50,suburban,527,yes,yes,3083
48,male,17,hatchback,39501,0,1,30,urban,752,no,yes,2007
23,male,8,truck,13861,2,5,5,rural,786,yes,yes,2570
44,female,8,hatchback,25278,0,4,26,suburban,773,yes,no,1940
57,female,8,truck,6542,2,3,39,rural,789,yes,yes,2350
51,male,9,truck,47231,1,7,33,urban,675,yes,no,3357
29,female,1,sedan,7415,2,4,11,urban,530,yes,yes,3133
62,female,5,sedan,48751,1,0,44,rural,524,yes,no,3100
74,female,14,hatchback,17905,4,3,50,urban,774,no,yes,3549
70,male,2,sports,26601,4,2,50,suburban,379,yes,no,4286
24,male,10,sedan,43155,0,1,6,rural,509,yes,no,1933
27,male,5,sedan,26563,2,7,9,rural,596,yes,yes,4173
62,female,2,suv,45955,0,4,44,urban,471,no,no,3692
34,male,10,sedan,11643,2,3,16,suburban,388,yes,no,2648
43,female,14,sports,29044,0,5,25,rural,525,yes,yes,3149
38,male,12,suv,16246,4,3,20,rural,442,no,yes,3930
45,male,19,truck,7458,4,4,27,urban,353,no,no,3761
63,female,9,truck,11028,0,2,45,urban,495,no,yes,2197
19,male,5,suv,43215,2,4,1,suburban,788,yes,no,3252
71,female,14,suv,39716,3,2,50,suburban,597,no,yes,3794
60,male,17,suv,11306,2,5,42,urban,729,no,no,3141
18,male,17,hatchback,46019,0,4,0,suburban,836,no,no,2325
68,female,6,sports,45860,2,3,50,urban,799,yes,no,3917
70,female,14,sports,32678,1,0,50,rural,505,no,no,3615
53,female,17,truck,29908,2,0,35,urban,436,yes,yes,3058
68,male,17,truck,17363,4,5,50,urban,707,yes,no,3628
43,male,19,truck,19066,4,6,25,urban,578,no,yes,3915
46,male,8,sedan,37711,1,6,28,rural,744,yes,yes,2826
38,female,1,truck,5189,2,3,20,suburban,570,yes,no,2865
28,female,7,suv,16752,3,0,10,suburban,740,yes,no,2668
57,female,19,truck,12482,2,5,39,suburban,527,no,no,3077
28,male,1,suv,21679,4,2,10,urban,426,yes,no,4038
53,male,10,hatchback,29552,4,3,35,urban,569,no,yes,4175
66,female,6,sedan,5799,0,6,48,suburban,786,yes,no,1975
56,male,5,sedan,30381,4,7,38,rural,847,no,no,4160
57,female,9,sports,14934,0,2,39,rural,454,yes,yes,2468
52,male,4,hatchback,24084,4,3,34,rural,318,yes,yes,4197
71,male,10,suv,46556,4,2,50,rural,724,no,no,3981
51,female,0,hatchback,14909,3,2,33,urban,357,yes,no,3675
72,male,1,sedan,30931,0,0,50,suburban,722,no,no,2016
64,male,0,suv,30868,0,7,46,rural,847,no,no,2871
41,female,18,hatchback,48558,4,3,23,urban,401,yes,no,4287
71,female,1,sedan,18846,0,4,50,urban,375,no,no,3130
39,male,19,suv,27257,4,0,21,urban,365,yes,no,3569
22,female,3,suv,33013,4,2,4,suburban,450,no,no,4113
73,male,11,sedan,42482,2,2,50,urban,736,no,no,3757
50,female,19,suv,27875,0,6,32,suburban,367,no,no,3118
53,male,17,sedan,29717,1,4,35,suburban,534,yes,yes,2821
64,male,0,truck,16408,0,6,46,suburban,397,yes,yes,2916
37,female,0,truck,40607,0,4,19,suburban,308,yes,no,2785
36,male,13,suv,41281,3,2,18,urban,803,yes,no,3814
52,male,3,suv,32326,1,4,34,urban,789,no,no,2852
69,female,4,sedan,18601,1,7,50,urban,726,yes,no,3179
60,female,10,suv,6135,3,1,42,rural,526,yes,no,2605
34,male,12,sports,27741,3,6,16,rural,316,no,yes,4577
62,female,15,truck,16913,0,6,44,suburban,527,yes,no,2476
60,female,12,suv,15101,2,0,42,suburban,537,yes,yes,2894
51,male,1,suv,23631,3,7,33,suburban,680,no,no,4204
26,male,15,hatchback,11548,1,3,8,suburban,686,yes,no,1680
43,female,5,suv,42284,1,6,25,suburban,553,yes,no,3604
19,female,13,sports,41870,0,4,1,rural,607,yes,no,2813
70,female,0,truck,32215,2,4,50,suburban,613,yes,no,3079
26,male,16,hatchback,42279,4,1,8,urban,600,yes,no,3579
26,male,10,sedan,24215,3,3,8,suburban,417,no,no,3677
57,male,18,sedan,30582,3,1,39,urban,349,yes,no,3310
34,male,2,truck,19024,0,3,16,urban,480,yes,yes,2380
18,male,10,sedan,16413,2,6,0,urban,842,yes,no,3006
42,male,4,sports,21319,1,6,24,urban,626,yes,no,4207
60,male,16,suv,24446,1,0,42,suburban,802,yes,no,2070
57,female,6,truck,45743,4,4,39,suburban,795,yes,no,4336
59,female,9,hatchback,37036,1,0,41,suburban,545,yes,no,2654
42,male,10,suv,17621,3,3,24,suburban,842,yes,yes,3229
56,male,2,sedan,15511,4,4,38,suburban,401,no,no,4154
52,male,19,sedan,24923,2,6,34,rural,529,yes,yes,3446
20,female,9,hatchback,15558,4,1,2,urban,687,yes,yes,2836
67,male,9,sports,37235,2,6,49,urban,510,yes,no,4816
54,female,13,hatchback,5526,1,6,36,rural,729,no,yes,2363
61,female,11,truck,6753,0,2,43,rural,638,yes,no,1484
61,female,14,hatchback,31248,4,1,43,suburban,483,no,yes,3755
68,female,9,sedan,19656,4,2,50,suburban,355,yes,no,3850
47,female,9,sports,28266,3,7,29,urban,581,yes,yes,5203
55,male,18,sports,15220,3,7,37,suburban,427,yes,no,3776
51,male,0,hatchback,23038,2,1,33,urban,807,yes,yes,2678
29,female,9,truck,17741,0,3,11,suburban,515,no,yes,1743
36,male,1,sedan,9841,3,0,18,suburban,389,no,no,2909
54,female,16,suv,41809,3,7,36,urban,613,yes,yes,4356
61,female,6,sports,35575,1,2,43,rural,532,yes,yes,3697
66,male,6,hatchback,46733,1,3,48,rural,546,yes,yes,3266
34,male,19,truck,19418,3,0,16,suburban,741,yes,yes,2176
27,male,8,truck,42185,2,0,9,rural,434,no,no,3146
74,male,1,sedan,46745,0,4,50,suburban,301,yes,yes,3026
72,male,13,sports,32881,3,6,50,rural,460,no,no,4723
66,female,16,sedan,19587,2,4,48,rural,439,no,no,3260
64,male,0,suv,27268,2,6,46,urban,603,no,yes,4287
29,male,8,suv,5448,3,4,11,rural,759,yes,yes,3104
33,male,19,suv,42353,2,2,15,suburban,424,yes,no,3340
41,female,18,truck,13108,4,2,23,urban,646,no,no,3847
36,male,3,sports,16443,2,6,18,rural,623,no,no,3517
25,female,7,sedan,27435,3,7,7,urban,706,no,yes,3867
48,male,12,sedan,38062,2,0,30,rural,768,yes,yes,2450
38,male,3,suv,6238,3,2,20,suburban,463,yes,yes,3472
34,female,8,sports,20321,1,0,16,suburban,539,no,no,2568
40,male,8,sports,21074,3,3,22,urban,512,yes,yes,4602
54,male,17,hatchback,18049,2,1,36,rural,448,yes,no,2238
71,female,11,sports,40584,3,0,50,rural,402,yes,no,3977
33,male,9,sports,6098,0,0,15,urban,482,no,no,2386
23,female,10,sedan,19679,3,3,5,urban,804,yes,no,2932
25,female,6,sports,39505,3,6,7,suburban,824,yes,no,4200
42,female,8,sports,40533,0,4,24,urban,679,no,yes,3459
35,female,5,sedan,16434,0,5,17,rural,323,no,no,2766
42,female,18,sports,49859,0,7,24,urban,432,yes,yes,3664
29,male,15,sedan,38178,4,6,11,suburban,349,no,no,4519
32,male,14,hatchback,32575,3,4,14,urban,325,no,yes,3978
43,male,6,truck,24329,0,4,25,rural,310,yes,yes,2433
58,female,15,sedan,42554,0,7,40,urban,401,no,no,3502
62,female,4,sedan,46837,1,6,44,urban,310,no,yes,3828
43,female,15,sports,23493,4,6,25,urban,411,yes,yes,5368
64,female,0,sedan,26830,3,7,46,suburban,466,yes,no,4538
49,male,18,suv,43603,2,0,31,suburban,706,yes,no,2626
27,male,4,suv,39754,4,0,9,suburban,344,no,no,3872
33,female,6,hatchback,13126,4,2,15,suburban,658,yes,yes,2915
24,female,18,sedan,46838,1,2,6,rural,584,no,yes,2269
34,male,4,sports,45068,3,1,16,rural,699,yes,yes,3832
40,female,16,sports,27093,3,1,22,suburban,750,yes,no,3407
43,female,7,truck,40171,0,5,25,suburban,743,no,yes,2591
38,female,0,hatchback,13262,0,6,20,suburban,687,no,no,2237
39,male,1,sports,48270,4,2,21,urban,655,yes,no,4772
24,male,14,truck,25785,1,6,6,rural,724,no,yes,2455
31,female,19,sports,44469,3,0,13,urban,305,yes,yes,3959
32,male,17,truck,8295,1,3,14,suburban,740,no,no,1787
70,female,10,suv,20687,2,2,50,rural,655,yes,no,2853
24,female,9,suv,7121,3,0,6,suburban,567,yes,yes,3003
26,male,3,sports,8582,0,6,8,urban,516,no,no,3310
68,female,4,hatchback,35280,4,7,50,rural,363,yes,no,4626
65,female,3,sedan,47589,1,2,47,urban,741,yes,yes,3038
25,male,12,hatchback,43468,0,4,7,rural,840,no,no,2716
67,female,12,hatchback,45000,4,2,49,suburban,574,no,yes,4063
40,female,17,sedan,42056,0,6,22,rural,769,yes,yes,2663
46,female,1,suv,36672,3,6,28,urban,515,no,yes,5115
35,male,15,suv,6085,1,5,17,urban,493,yes,no,2849
48,female,0,sedan,20891,2,6,30,urban,312,yes,yes,3717
47,male,18,truck,20600,0,4,29,urban,521,no,yes,2691
69,female,8,hatchback,37458,1,0,50,suburban,695,yes,yes,2244
56,female,2,sports,13645,3,4,38,urban,569,yes,yes,4561
52,female,6,suv,46578,0,2,34,suburban,597,yes,yes,3216
35,female,9,sports,46596,3,7,17,rural,731,yes,yes,4655
59,male,0,sedan,9874,2,4,41,urban,707,yes,no,2754
56,male,9,sports,18767,2,5,38,rural,364,no,no,3983
34,female,8,sports,31825,4,3,16,rural,337,no,no,4684
31,female,14,hatchback,15913,4,4,13,suburban,327,yes,no,3916
48,female,14,sedan,21215,4,6,30,urban,588,no,yes,4514
41,female,2,sports,23733,3,5,23,suburban,536,no,no,4417
52,female,4,suv,19332,4,4,34,urban,425,no,no,4312
61,female,8,sedan,9432,1,1,43,rural,683,no,no,1933
62,female,8,suv,27559,3,3,44,suburban,625,yes,yes,4060
51,female,6,truck,31570,3,0,33,urban,384,no,yes,3551
20,male,11,sports,45033,4,6,2,rural,545,no,yes,5326
54,male,8,sedan,11103,4,5,36,suburban,687,no,no,3512
60,male,5,suv,48780,3,4,42,suburban,565,no,yes,4244
57,female,1,sports,20900,2,7,39,suburban,504,no,yes,4524
43,female,8,hatchback,7031,2,3,25,suburban,527,no,yes,2791
72,female,16,suv,22633,4,0,50,rural,539,yes,no,3095
40,male,0,suv,28192,2,3,22,rural,372,no,yes,3835
61,female,18,truck,24940,1,5,43,rural,687,no,no,2666
56,male,5,hatchback,46287,1,1,38,rural,677,no,no,2595
32,female,4,truck,13988,1,5,14,urban,511,no,yes,3045
73,male,1,hatchback,43067,3,5,50,rural,470,yes,yes,4442
66,male,8,suv,17952,3,7,48,suburban,451,yes,yes,4309
21,male,13,truck,32369,3,0,3,suburban,403,no,yes,3137
46,female,3,sports,40862,3,7,28,suburban,521,no,no,5365
39,male,3,hatchback,7977,3,7,21,suburban,581,no,no,4118
42,female,14,suv,43493,4,0,24,urban,687,no,no,4270
30,female,7,sedan,6268,2,4,12,suburban,671,yes,no,2202
35,female,3,hatchback,21756,4,2,17,suburban,428,no,yes,3650
50,female,15,hatchback,25764,2,5,32,suburban,703,yes,no,2962
33,female,3,sports,45385,4,0,15,rural,519,yes,no,4271
62,male,15,hatchback,20032,1,7,44,rural,472,no,yes,3112
59,female,11,hatchback,34478,0,5,41,urban,771,no,no,2864
61,female,15,sports,16885,3,5,43,urban,752,yes,yes,4247
19,female,18,sports,14796,0,7,1,urban,801,no,yes,3226
72,female,7,truck,44047,0,0,50,suburban,351,yes,yes,2297
52,female,5,suv,37863,1,1,34,urban,393,no,no,3384
59,male,9,suv,20478,0,1,41,rural,320,no,yes,2268
51,male,4,truck,37117,0,5,33,rural,405,no,yes,2990
47,female,17,suv,25753,1,1,29,rural,499,no,yes,2381
72,male,9,hatchback,25325,2,5,50,suburban,651,yes,no,2892
30,male,9,truck,12021,4,7,12,suburban,580,no,no,4338
30,female,6,truck,20185,0,4,12,urban,581,no,yes,2497
35,male,17,suv,10868,3,0,17,urban,838,no,no,2381
49,female,0,sedan,18071,1,5,31,urban,544,yes,no,3250
49,male,6,suv,13041,0,1,31,urban,728,no,no,2256
52,male,0,sedan,21515,2,1,34,suburban,337,yes,no,2281
56,male,14,truck,49075,2,3,38,rural,718,yes,no,3043
63,female,3,sedan,45058,3,3,45,suburban,601,no,yes,3856
69,male,19,hatchback,30966,0,6,50,urban,370,yes,no,2714
46,male,9,sports,44284,3,1,28,suburban,824,no,no,3788
66,female,8,sedan,47109,2,6,48,rural,473,no,no,3924
46,female,1,sports,49470,2,6,28,suburban,389,no,no,4602
70,male,13,hatchback,27290,4,6,50,rural,667,yes,yes,3920
61,female,15,sports,35702,2,4,43,urban,506,yes,yes,4069
74,male,0,hatchback,33223,1,2,50,suburban,361,yes,no,2693
33,male,1,sports,38575,4,5,15,urban,618,no,yes,5059
73,female,6,sports,49168,3,3,50,urban,359,no,no,5553
61,female,9,suv,26661,2,5,43,rural,404,yes,no,3804
64,female,19,sedan,21439,1,3,46,rural,538,yes,yes,2715
74,male,0,sports,41432,4,0,50,urban,761,no,yes,4758
27,female,12,truck,38511,1,0,9,rural,426,yes,no,2185
47,male,0,suv,36147,4,1,29,rural,382,no,no,4270
42,female,4,sedan,34114,4,0,24,urban,519,no,yes,4251
56,male,15,suv,11030,4,7,38,urban,707,yes,no,4391
37,female,14,sedan,29515,3,0,19,rural,729,no,no,2704
22,male,16,hatchback,35333,4,2,4,urban,812,no,yes,3780
18,female,15,sports,5079,4,6,0,urban,378,yes,yes,5059
47,male,12,truck,34048,1,4,29,rural,364,yes,yes,3103
66,female,10,suv,49900,4,1,48,suburban,482,yes,no,4264
20,female,16,suv,7966,3,2,2,suburban,365,no,no,3004
62,male,16,suv,8728,1,7,44,urban,507,no,yes,3283
31,female,1,suv,42304,4,1,13,rural,353,yes,yes,4605
73,male,12,sports,43581,1,4,50,urban,520,no,no,4577
47,male,13,sedan,29794,3,1,29,rural,535,yes,no,3202
67,female,10,sports,5947,1,5,49,urban,737,no,no,3690
21,male,9,hatchback,17565,3,5,3,urban,402,no,yes,3997
35,female,2,sports,20844,2,5,17,rural,735,no,yes,3525
54,female,16,sports,5594,4,0,36,urban,720,no,no,3723
42,male,14,hatchback,26414,3,4,24,suburban,407,no,no,3708
65,female,8,sports,35690,4,2,47,suburban,823,yes,no,4386
18,male,9,sedan,21524,3,2,0,rural,742,yes,no,2411
70,male,7,truck,32469,0,7,50,urban,805,no,yes,2982
63,female,12,hatchback,24439,0,3,45,suburban,703,yes,yes,2171
32,female,17,suv,31206,0,2,14,rural,642,yes,yes,2167
26,male,4,sedan,41973,3,6,8,rural,626,no,yes,4192
32,male,5,truck,26555,4,5,14,rural,513,no,yes,4709
66,female,16,sedan,12782,0,6,48,suburban,621,no,no,2261
74,female,10,sedan,7660,4,7,50,suburban,377,yes,yes,4324
41,female,19,suv,44624,3,6,23,suburban,354,yes,yes,4129
21,female,15,truck,11089,4,5,3,suburban,370,yes,yes,3535
29,male,8,sedan,10318,4,3,11,urban,367,no,no,3483
54,female,1,suv,31605,0,0,36,suburban,479,no,no,2322
54,male,4,hatchback,34400,1,2,36,rural,679,no,yes,2086
60,male,0,suv,20405,2,4,42,urban,749,no,yes,3724
23,female,3,sports,35209,3,3,5,suburban,560,no,yes,4401
56,male,3,suv,13062,3,2,38,urban,746,yes,yes,2891
73,female,2,suv,22424,3,0,50,rural,430,yes,no,3345
63,male,8,suv,46274,2,6,45,suburban,533,yes,yes,4614
41,female,11,sedan,28987,1,4,23,urban,453,no,yes,3194
28,male,9,truck,49419,4,4,10,suburban,629,no,yes,3893
30,male,1,suv,25556,3,7,12,urban,352,yes,yes,4239
51,female,10,suv,32601,4,6,33,urban,767,yes,no,4205
42,female,9,sports,24330,0,0,24,rural,712,no,yes,2168
24,male,5,sports,20730,0,2,6,rural,313,yes,yes,2472
69,male,17,hatchback,8236,0,6,50,suburban,795,no,yes,1984
21,female,1,hatchback,8680,3,1,3,suburban,816,yes,yes,2327
25,male,1,sports,35312,2,7,7,urban,667,yes,yes,4338
37,female,9,truck,26191,3,2,19,rural,838,yes,no,2628
46,male,15,hatchback,49066,0,6,28,rural,751,yes,no,2749
71,female,11,truck,22921,0,6,50,urban,840,no,yes,2463
70,male,0,sports,41640,3,3,50,rural,814,no,no,4181
68,female,7,hatchback,39635,2,3,50,rural,780,no,yes,3379
62,female,15,suv,41688,2,2,44,urban,713,yes,yes,3394
63,male,17,sports,10693,4,7,45,suburban,527,no,yes,4960
27,female,12,hatchback,25266,1,5,9,suburban,436,yes,yes,3240
60,male,14,truck,48716,0,3,42,suburban,539,no,yes,2802
51,female,11,truck,31488,2,1,33,urban,771,yes,yes,2774
74,female,7,hatchback,29122,0,5,50,suburban,817,no,no,2444
43,female,9,truck,46224,1,1,25,urban,760,no,yes,2665
58,male,13,hatchback,34004,0,4,40,urban,604,yes,no,2272
66,female,4,hatchback,11331,2,3,48,rural,480,no,no,3063
20,male,17,truck,26566,4,6,2,rural,329,yes,no,4147
73,female,18,sedan,47262,3,5,50,suburban,339,yes,yes,4272
23,male,14,suv,47154,3,2,5,urban,486,yes,yes,4060
22,male,5,sports,45899,2,5,4,suburban,618,no,yes,4188
22,male,10,suv,49564,2,6,4,suburban,526,no,yes,4157
71,female,10,sports,25778,1,4,50,rural,623,no,yes,3138
64,male,19,sports,38926,0,1,46,suburban,342,no,no,2678
40,female,19,suv,25751,1,4,22,suburban,577,no,no,2620
66,male,17,hatchback,22528,3,0,48,rural,618,yes,yes,2817
26,male,17,truck,5068,0,3,8,suburban,473,no,no,1586
52,male,9,sedan,8717,1,2,34,suburban,340,no,no,2114
37,male,1,sedan,20218,3,1,19,urban,708,no,yes,3040
66,female,8,sedan,48968,0,4,48,suburban,622,yes,yes,2533
59,male,13,suv,30402,4,2,41,rural,479,yes,yes,4335
52,male,18,suv,36643,4,3,34,rural,458,yes,no,4107
67,female,9,hatchback,47129,1,6,49,urban,336,yes,no,4469
35,male,3,sedan,34152,2,2,17,rural,705,no,no,2825
34,male,5,hatchback,16526,0,3,16,rural,838,yes,no,2086
41,male,13,sedan,31916,1,3,23,rural,675,no,no,2577
20,male,3,suv,47975,2,3,2,suburban,555,no,no,3836
49,female,14,truck,31028,2,4,31,urban,577,no,no,3971
52,female,15,truck,31709,0,6,34,urban,548,yes,yes,3293
55,male,6,truck,46999,0,3,37,urban,316,no,no,3301
30,female,16,truck,20063,2,2,12,urban,667,yes,yes,2974
73,female,18,sports,9723,3,6,50,rural,424,yes,yes,4089
64,male,18,sedan,9213,1,0,46,suburban,611,yes,no,1235
42,female,16,truck,27797,0,2,24,rural,511,yes,no,1890
26,male,5,sports,41234,2,4,8,rural,771,yes,yes,4030
21,female,10,sports,24410,3,3,3,rural,714,yes,no,3783
31,female,15,sports,28382,4,7,13,rural,799,yes,yes,4442
54,female,7,hatchback,7747,2,6,36,urban,480,no,no,3149
51,male,10,hatchback,28655,3,0,33,urban,688,yes,no,2936
28,female,6,sports,35348,4,4,10,suburban,486,no,yes,4654
58,male,18,truck,17454,3,1,40,rural,767,yes,yes,2420
73,male,9,sedan,17587,0,1,50,urban,756,no,yes,1720
20,female,8,suv,27555,2,7,2,suburban,433,no,yes,3559
45,male,3,hatchback,33071,4,7,27,rural,474,no,no,5168
46,female,14,truck,25239,3,1,28,rural,560,no,yes,3038
26,male,12,truck,36602,4,0,8,urban,616,yes,yes,3664
20,male,1,suv,7203,1,6,2,rural,568,no,yes,2984
42,female,1,suv,18635,2,2,24,rural,769,yes,no,2441
51,female,15,truck,6144,0,0,33,urban,523,yes,no,1754
29,female,8,suv,37699,4,7,11,suburban,551,yes,yes,4750
59,female,12,truck,24083,3,6,41,suburban,363,no,no,3955
26,male,2,suv,31127,4,0,8,urban,763,yes,yes,3651
32,male,8,suv,17213,3,6,14,urban,423,no,no,4121
57,male,12,truck,21944,4,0,39,suburban,537,yes,yes,3019
42,female,1,sports,6187,0,1,24,suburban,374,no,yes,2358
22,male,7,truck,8133,0,5,4,urban,741,yes,no,2210
28,female,8,sedan,8411,2,6,10,urban,799,no,yes,2907
51,male,15,suv,39457,0,6,33,urban,821,no,yes,3149
41,female,1,hatchback,42175,4,6,23,rural,567,yes,yes,5034
32,male,5,suv,40191,4,2,14,urban,786,yes,no,4070
55,male,7,sedan,11728,0,5,37,rural,349,no,no,2471
25,female,4,hatchback,38744,1,5,7,suburban,358,no,yes,3300
22,male,8,hatchback,27881,4,0,4,suburban,753,no,yes,2911
65,female,0,truck,17801,2,2,47,urban,371,no,yes,3182
43,male,8,sports,15548,1,5,25,urban,489,no,no,3558
35,male,9,truck,37886,0,3,17,suburban,455,no,yes,2621
23,female,3,hatchback,39310,3,0,5,suburban,384,yes,yes,3407
54,female,2,hatchback,24427,4,0,36,suburban,368,yes,yes,3689
65,male,9,sports,5972,3,0,47,suburban,684,no,no,2933
30,male,14,suv,38683,2,3,12,urban,672,yes,yes,3482
45,male,10,sports,11621,1,7,27,rural,354,no,no,3718
22,male,13,truck,31013,3,3,4,suburban,384,yes,yes,3399
30,male,5,suv,19530,2,1,12,suburban,616,no,yes,1847
34,male,11,truck,12354,3,7,16,rural,463,no,yes,3638
67,female,12,sports,42359,3,4,49,urban,551,yes,no,4597
57,female,16,suv,28223,2,2,39,rural,451,yes,yes,3234
62,female,15,sports,46232,4,4,44,urban,635,yes,yes,4928
49,male,2,sedan,17550,3,0,31,urban,667,no,yes,2751
46,male,1,hatchback,27660,2,5,28,urban,399,yes,no,3879
68,male,10,suv,36029,3,0,50,urban,419,no,yes,3625
20,female,8,hatchback,35268,4,5,2,urban,684,yes,yes,3926
73,female,2,sedan,31340,2,1,50,suburban,602,yes,yes,2569
57,male,17,suv,9290,3,6,39,urban,448,yes,no,4123
51,male,19,hatchback,35138,0,4,33,suburban,500,no,no,2852
57,female,14,hatchback,11446,4,6,39,urban,302,no,no,4286
44,female,13,suv,18432,3,6,26,suburban,699,yes,no,3758
30,female,1,hatchback,6522,1,0,12,rural,367,no,no,1974
62,male,16,hatchback,38329,2,4,44,rural,453,no,yes,3583
50,male,7,suv,8540,3,7,32,suburban,793,yes,no,3553
23,male,9,hatchback,17328,4,7,5,urban,481,yes,no,4437
41,female,17,hatchback,39247,4,1,23,suburban,824,yes,no,3372
36,female,18,truck,11677,1,4,18,suburban,488,yes,no,2491
33,male,7,truck,46616,1,5,15,urban,319,no,no,3565
57,male,7,sedan,30947,3,2,39,rural,582,yes,no,3461
45,female,2,truck,18520,0,6,27,suburban,309,no,yes,3099
50,male,2,truck,49711,4,7,32,rural,830,yes,yes,4699
65,female,11,sedan,27805,0,1,47,rural,602,yes,no,1723
58,female,16,hatchback,35444,0,4,40,rural,540,yes,no,2792
30,male,3,hatchback,25143,3,0,12,suburban,451,yes,no,2907
60,female,16,truck,15292,2,3,42,suburban,636,yes,no,2409
62,male,13,sedan,47844,2,3,44,urban,487,yes,yes,3985
42,female,18,hatchback,21017,2,1,24,urban,763,no,no,2758
70,female,8,sports,30323,1,7,50,suburban,476,no,yes,3713
59,male,11,suv,46423,4,3,41,urban,476,no,yes,4761
53,female,4,suv,46713,1,7,35,rural,714,no,yes,3489
44,male,10,suv,27320,4,2,26,rural,609,no,yes,3591
55,male,19,truck,13774,4,1,37,suburban,301,no,no,3130
24,female,2,suv,7205,4,0,6,rural,616,no,yes,3066
22,male,14,suv,17342,3,0,4,suburban,808,yes,no,2481
60,male,13,sports,9027,2,1,42,suburban,667,no,no,2913
62,male,10,hatchback,21327,1,3,44,suburban,525,yes,yes,2827
74,male,19,sports,26200,1,3,50,rural,779,no,yes,3094
68,male,7,truck,12188,3,0,50,suburban,362,no,yes,2911
48,male,3,suv,7808,4,2,30,suburban,579,yes,no,3672
40,female,11,hatchback,18851,2,5,22,urban,313,yes,yes,3369
59,male,7,suv,20354,0,3,41,rural,327,yes,no,2174
27,female,5,suv,20058,0,2,9,suburban,441,yes,no,2351
49,female,14,truck,19620,3,6,31,urban,772,yes,no,3610
60,male,11,suv,36230,2,3,42,suburban,823,no,no,2909
70,female,15,sedan,41681,0,5,50,rural,483,yes,yes,3016
47,female,15,hatchback,22803,0,1,29,urban,616,yes,yes,1671
56,male,19,hatchback,7167,1,4,38,urban,660,yes,yes,1826
48,male,19,sedan,7144,2,0,30,suburban,744,no,yes,1523
35,male,3,truck,7167,0,1,17,suburban,595,yes,yes,1483
53,female,10,suv,47520,1,3,35,rural,703,yes,yes,2957
19,female,12,suv,47136,2,5,1,rural,562,yes,no,3965
31,male,8,hatchback,30844,4,0,13,suburban,676,no,yes,3302
30,male,3,truck,33163,2,4,12,urban,367,yes,no,3788
46,female,11,truck,27920,3,4,28,rural,770,no,no,3316
29,female,8,truck,22550,1,5,11,rural,346,no,no,3270
56,female,12,suv,41343,4,5,38,urban,357,yes,no,5116
19,female,15,truck,23254,1,3,1,suburban,323,no,yes,2529
49,male,5,sedan,45011,1,0,31,rural,589,no,yes,2883
30,female,9,sports,25147,0,6,12,urban,743,no,no,3138
63,female,12,truck,17926,2,6,45,rural,702,no,no,3082
44,female,6,sports,38823,1,7,26,urban,323,no,yes,4140
66,female,18,suv,28991,1,3,48,rural,363,no,no,2912
58,male,18,truck,46851,3,4,40,suburban,538,yes,yes,4308
34,male,16,hatchback,32563,3,1,16,urban,582,no,no,3560
57,female,12,suv,35688,3,1,39,rural,741,no,no,3290
48,female,12,sedan,34023,1,2,30,rural,599,yes,yes,2840
51,male,1,sedan,39130,4,4,33,urban,392,no,yes,4894
41,male,9,sports,5925,2,6,23,urban,674,yes,yes,3431
62,female,12,sports,21321,1,6,44,suburban,609,yes,yes,3261
52,female,8,hatchback,15769,0,4,34,urban,466,no,yes,2428
65,male,0,hatchback,41748,4,3,47,rural,306,no,yes,4546
23,male,13,sedan,45028,4,2,5,suburban,342,no,yes,3853
36,male,15,truck,21151,2,7,18,urban,639,yes,no,3513
47,male,19,sedan,15597,4,5,29,rural,452,no,yes,3809
24,male,14,sedan,39187,2,2,6,urban,342,yes,no,3128
27,male,0,hatchback,48835,4,0,9,rural,500,no,yes,3989
58,female,16,sports,5059,2,3,40,rural,847,no,yes,2974
49,male,12,hatchback,40292,3,5,31,suburban,525,no,no,3879
51,male,14,hatchback,25181,3,5,33,suburban,820,yes,no,3194
45,male,15,hatchback,32235,4,6,27,urban,638,yes,no,4265
32,male,15,sedan,33672,4,1,14,suburban,634,no,no,3526
47,female,1,truck,6578,2,0,29,urban,480,yes,yes,2145
54,female,16,sedan,21047,2,2,36,suburban,832,no,yes,2573
46,male,10,suv,37160,1,1,28,suburban,571,yes,yes,2696
39,female,7,hatchback,38475,3,4,21,urban,493,yes,yes,4060
21,female,19,hatchback,29549,1,3,3,suburban,837,no,yes,2024
37,female,2,suv,10277,1,7,19,suburban,780,no,no,2837
49,female,11,hatchback,6780,0,2,31,suburban,397,yes,yes,1839
53,female,19,hatchback,19662,2,4,35,suburban,729,yes,yes,2465
67,female,15,hatchback,36516,0,5,49,urban,811,yes,no,3022
21,male,13,suv,37161,0,6,3,rural,626,no,no,2777
44,male,15,sedan,49499,1,2,26,urban,715,no,no,2924
34,male,16,hatchback,36886,0,1,16,urban,410,yes,yes,2284
29,male,10,truck,13800,2,0,11,urban,511,no,no,2908
39,male,16,suv,10439,1,1,21,suburban,329,yes,no,2380
34,female,18,sports,9307,2,3,16,suburban,566,no,no,3003
27,male,0,suv,7364,4,6,9,rural,649,no,no,3741
71,male,11,sedan,21568,0,3,50,suburban,813,yes,no,1998
18,female,14,suv,43092,1,2,0,rural,513,no,yes,3129
39,female,17,sports,10483,3,1,21,rural,550,yes,yes,3239
43,male,13,truck,5245,2,0,25,suburban,842,no,no,1676
73,female,0,sports,13430,0,5,50,rural,618,yes,no,2799
35,female,12,suv,13183,2,3,17,urban,482,no,no,3603
67,female,14,sports,43692,2,0,49,urban,488,no,no,4007
31,female,6,suv,35086,4,4,13,urban,426,no,no,4513
64,male,14,truck,37726,2,2,46,rural,595,yes,no,3186
46,female,19,truck,18901,4,0,28,rural,322,yes,yes,3279
29,male,9,sedan,8907,4,2,11,urban,829,no,no,3267
53,male,13,truck,38044,4,4,35,suburban,378,no,no,4582
52,female,5,hatchback,33604,0,0,34,urban,845,yes,no,2130
69,female,13,sports,42869,2,6,50,suburban,769,yes,no,4095
29,female,11,sports,19537,2,0,11,suburban,604,no,yes,2679
24,male,10,suv,17501,4,5,6,rural,747,no,no,3401
46,female,19,truck,42371,2,4,28,rural,498,yes,yes,3634
28,female,18,sedan,41821,2,7,10,suburban,490,yes,no,3690
50,female,1,sedan,28196,4,6,32,suburban,531,yes,no,4418
23,female,19,sedan,11073,3,6,5,suburban,323,no,no,3341
64,female,0,hatchback,15561,3,1,46,rural,760,no,no,2972
32,male,7,truck,23101,4,7,14,urban,482,yes,yes,4441
49,female,13,sedan,36426,0,0,31,suburban,732,yes,no,1381
68,female,8,hatchback,34341,2,5,50,rural,382,no,yes,3746
28,female,1,sports,12313,2,0,10,urban,392,no,yes,3245
40,male,4,suv,35773,3,5,22,rural,577,no,no,4372
43,female,7,truck,33003,4,6,25,urban,384,no,yes,4752
51,male,15,truck,31420,0,3,33,rural,507,yes,yes,2627
63,male,15,sports,10714,4,6,45,urban,743,no,no,4742
51,female,12,truck,32139,3,1,33,suburban,669,no,no,3103
46,female,19,truck,31098,3,0,28,rural,775,no,no,2545
21,female,14,truck,47294,2,7,3,urban,803,yes,no,4272
34,male,0,truck,18582,1,4,16,urban,530,yes,no,2953
52,male,2,hatchback,48583,0,2,34,urban,659,yes,no,2458
30,male,5,hatchback,18760,0,4,12,suburban,318,no,yes,2491
58,male,13,suv,11255,1,1,40,rural,508,no,no,2409
56,male,3,truck,21622,3,3,38,urban,430,no,yes,3753
32,male,17,sports,40983,4,3,14,suburban,683,no,no,4713
72,female,14,sedan,45309,0,3,50,suburban,391,yes,yes,2901
46,female,8,suv,34715,1,5,28,suburban,842,no,yes,3055
46,male,17,sedan,41415,2,4,28,suburban,661,yes,yes,3483
28,female,2,sedan,26792,2,7,10,suburban,423,no,no,3957
69,female,9,truck,47576,3,2,50,suburban,572,no,yes,3959
49,male,16,sports,27724,0,6,31,suburban,654,no,no,3415
19,male,6,sedan,8652,4,6,1,rural,399,no,yes,4109
64,female,14,sedan,31297,0,2,46,rural,600,no,no,2058
31,male,0,suv,37422,2,6,13,suburban,502,no,no,4026
37,male,10,sports,19028,0,5,19,urban,320,yes,yes,3275
39,female,16,sports,18803,2,0,21,urban,497,yes,no,3148
28,male,4,sedan,11307,1,5,10,urban,411,yes,no,3244
44,female,6,sports,36325,1,2,26,suburban,448,yes,no,3034
20,female,18,suv,36574,2,2,2,urban,680,yes,yes,3234
34,female,14,suv,24262,4,7,16,rural,482,no,no,4419
61,female,2,suv,6535,4,7,43,rural,636,no,no,4144
73,female,14,truck,19932,0,0,50,rural,637,yes,yes,1294
45,male,4,sedan,20749,2,4,27,rural,599,no,yes,3175
46,male,11,sports,13727,3,4,28,suburban,521,no,no,4177
38,male,19,suv,22332,4,1,20,rural,708,no,yes,3200
64,male,4,sedan,34534,4,7,46,urban,417,no,no,5067
33,female,2,sedan,15834,1,4,15,urban,473,yes,yes,2982
54,female,8,truck,25325,4,3,36,rural,518,no,yes,3867
37,male,8,sports,14213,4,7,19,rural,675,yes,yes,4291
23,female,6,sports,6403,4,7,5,rural,618,yes,yes,3903
36,male,1,suv,12506,2,3,18,urban,387,no,no,3375
74,male,15,suv,34659,2,7,50,urban,377,no,yes,4587
22,male,8,sedan,12591,1,7,4,rural,740,no,no,2599
20,female,12,sports,17996,0,1,2,urban,500,yes,no,2892
18,female,18,sports,42828,4,2,0,urban,714,no,no,4899
55,female,19,suv,39370,0,7,37,suburban,303,yes,yes,3134
32,female,16,hatchback,18472,2,1,14,rural,382,no,yes,2372
51,male,5,sedan,34098,4,0,33,rural,792,yes,yes,3487
52,female,3,sports,7196,0,1,34,suburban,305,yes,yes,2375
66,female,0,truck,16091,0,1,48,suburban,646,yes,no,1828
42,female,17,truck,20040,3,5,24,urban,833,yes,yes,3485
41,male,18,hatchback,11023,2,3,23,suburban,750,yes,no,2166
29,male,8,suv,25543,1,0,11,rural,444,yes,yes,2298
35,female,12,suv,33377,1,5,17,rural,301,yes,yes,3299
32,female,7,suv,41635,3,0,14,rural,587,no,no,3545
61,female,12,truck,47337,0,1,43,urban,524,yes,yes,2965
33,female,14,suv,45409,3,7,15,urban,736,no,yes,4252
44,male,10,truck,10004,3,5,26,rural,513,no,no,3762
25,female,11,hatchback,14963,2,5,7,rural,465,no,yes,2734
63,female,13,sedan,18796,4,0,45,urban,672,yes,no,3224
42,female,3,sports,45972,0,0,24,urban,806,yes,no,2718
34,male,0,hatchback,12077,1,4,16,suburban,632,no,yes,2008
46,male,3,truck,34848,1,6,28,urban,511,yes,no,3269
70,female,18,hatchback,17526,3,0,50,urban,588,yes,no,2911
25,female,8,sports,8261,3,5,7,rural,465,no,yes,4029
32,female,9,sedan,22046,3,2,14,rural,425,no,yes,3145
44,female,3,sports,18397,0,0,26,rural,456,no,yes,2234
63,female,19,truck,30269,3,3,45,suburban,331,no,no,3855
67,male,8,sports,41158,3,4,49,urban,573,no,no,4791
69,male,12,hatchback,30757,4,3,50,suburban,600,no,yes,3865
24,male,11,suv,20299,0,6,6,urban,320,no,no,2883
20,female,10,hatchback,6902,2,3,2,urban,823,yes,no,2213
46,male,11,truck,47399,2,2,28,rural,575,yes,yes,3192
61,male,17,sedan,8846,4,7,43,urban,306,yes,yes,4500
70,male,11,sports,17359,1,4,50,suburban,754,no,yes,2757
41,female,15,sedan,7520,2,6,23,rural,429,yes,no,3087
20,female,4,truck,45832,0,1,2,suburban,598,no,no,2214
37,male,19,sports,25098,1,5,19,suburban,396,no,yes,3295
63,female,11,hatchback,44451,3,5,45,rural,576,no,no,4369
32,male,10,hatchback,28136,0,0,14,urban,584,yes,yes,2507
42,male,8,truck,40885,1,5,24,suburban,472,no,yes,3175
47,male,17,sports,35720,2,2,29,urban,631,no,yes,3738
31,male,2,hatchback,26157,3,5,13,rural,504,no,no,3835
24,female,19,truck,24674,3,2,6,urban,402,yes,no,3233
34,female,16,truck,37357,0,1,16,urban,659,yes,no,2141
61,female,13,sedan,17578,3,7,43,rural,430,no,no,3842
37,female,0,hatchback,7251,1,2,19,urban,338,no,no,2399
53,male,16,sports,18513,4,1,35,suburban,606,no,no,3737
26,female,7,hatchback,42429,2,1,8,suburban,819,yes,yes,2942
55,male,4,hatchback,32105,0,1,37,suburban,345,no,yes,2457
65,female,4,hatchback,25990,4,2,47,urban,493,no,yes,4003
74,female,8,truck,30499,4,6,50,suburban,817,yes,yes,4036
39,female,2,suv,11421,0,1,21,urban,468,yes,no,2439
71,male,18,suv,29591,1,7,50,urban,421,yes,yes,4143
70,male,8,sedan,31979,2,6,50,urban,548,yes,yes,4115
70,male,17,hatchback,25835,0,2,50,urban,506,yes,yes,2295
19,male,15,suv,42693,4,7,1,rural,414,yes,no,5103
41,female,0,sedan,17202,4,4,23,suburban,538,no,yes,4034
25,male,1,truck,40414,0,7,7,suburban,375,yes,yes,3047
28,male,13,hatchback,30666,4,1,10,urban,468,yes,yes,3653
30,female,13,sports,24290,0,2,12,rural,347,no,yes,2401
34,female,0,truck,23130,0,2,16,urban,369,no,no,3099
25,male,15,sedan,42077,2,6,7,suburban,807,no,no,3625
38,female,14,truck,24396,0,2,20,suburban,454,yes,yes,1836
35,male,14,sports,22952,4,0,17,rural,760,yes,yes,3770
47,female,11,truck,32122,3,6,29,urban,672,yes,no,4019
35,male,15,sedan,34381,2,6,17,rural,501,yes,no,3632
63,male,13,sports,45078,4,0,45,urban,616,yes,no,4177
64,male,14,sports,28267,4,1,46,rural,750,no,no,3822
48,male,14,truck,47007,2,5,30,suburban,395,no,yes,3811
55,male,18,sports,12088,2,4,37,rural,795,yes,no,2653
49,female,7,truck,36818,4,5,31,suburban,661,yes,yes,3928
28,male,1,hatchback,17822,3,1,10,suburban,756,no,no,2732
62,male,1,sports,41589,1,3,44,urban,477,yes,yes,4338
42,male,9,truck,6436,4,3,24,rural,428,no,no,3430
50,male,2,hatchback,32281,2,7,32,rural,789,no,yes,3778
55,male,16,sports,27481,0,4,37,rural,338,no,no,2672
58,female,7,hatchback,35469,0,6,40,rural,757,no,no,2927
25,female,3,sports,23867,2,4,7,urban,649,no,yes,3577
28,male,13,sedan,45487,2,4,10,urban,751,no,yes,3480
39,female,9,sedan,27766,1,0,21,urban,679,no,no,2296
68,male,0,truck,34737,2,0,50,suburban,408,no,yes,3176
41,female,3,suv,26213,0,3,23,suburban,507,yes,yes,2512
58,female,0,sedan,33355,3,4,40,suburban,540,no,no,3808
34,male,16,suv,27537,2,7,16,urban,387,no,no,3952
29,female,16,hatchback,7794,1,2,11,suburban,698,no,no,1860
74,female,6,hatchback,49296,3,5,50,rural,561,no,yes,4396
63,male,19,suv,37324,1,3,45,suburban,624,no,no,2705
49,male,14,truck,35858,3,4,31,urban,670,yes,no,3353
32,female,12,sports,47850,2,2,14,urban,404,no,yes,4408
33,female,1,suv,18018,0,4,15,urban,397,yes,yes,2546
71,female,18,suv,22481,3,6,50,urban,786,no,no,4217
39,male,12,suv,20584,4,1,21,rural,395,no,yes,3464
45,female,10,suv,14850,1,2,27,suburban,771,yes,yes,2274
37,female,14,suv,30701,3,6,19,suburban,345,yes,no,4091
50,female,9,truck,46223,1,5,32,urban,330,no,yes,3677
27,male,8,sedan,48952,0,1,9,suburban,707,no,yes,2364
57,male,8,sports,5160,1,6,39,rural,674,yes,yes,2954
49,male,19,sedan,30832,1,0,31,urban,681,yes,no,2004
67,male,0,suv,36210,4,3,49,suburban,788,no,yes,4391
50,female,16,sedan,27290,1,4,32,suburban,608,yes,no,2059
19,male,11,truck,34441,3,3,1,suburban,434,yes,no,2963
50,female,9,hatchback,29886,1,5,32,suburban,627,yes,yes,2894
50,female,4,sedan,37394,2,4,32,urban,498,yes,no,3670
58,female,17,sports,13418,1,1,40,urban,559,yes,no,3126
30,female,14,truck,12081,2,2,12,rural,423,no,no,2590
47,male,5,hatchback,42180,1,2,29,urban,681,no,yes,2670
50,male,6,truck,15114,1,4,32,suburban,806,no,no,2483
30,male,16,suv,23722,3,1,12,suburban,408,no,no,3152
69,male,5,hatchback,26972,2,4,50,suburban,340,no,no,3293
43,male,7,sports,22985,2,4,25,rural,744,no,no,3259
39,female,11,hatchback,10888,4,7,21,urban,445,yes,no,4051
56,male,13,sports,8718,1,6,38,urban,475,yes,no,3739
19,male,11,suv,37147,1,4,1,urban,578,yes,no,3185
55,male,9,sports,48382,3,2,37,suburban,679,no,yes,4100
56,male,19,truck,23309,4,7,38,suburban,464,yes,yes,4274
43,female,14,sedan,24299,4,5,25,suburban,785,yes,yes,3452
63,female,6,truck,46211,3,4,45,rural,660,yes,no,3444
67,female,8,truck,27036,2,2,49,rural,472,yes,no,3562
32,female,9,hatchback,24885,0,0,14,suburban,476,yes,yes,1712
51,female,9,suv,34346,3,1,33,rural,348,no,no,4021
59,male,15,sedan,31691,2,0,41,rural,410,no,no,3036
72,female,6,sports,45042,4,4,50,rural,509,yes,yes,5106
61,female,4,hatchback,22986,3,2,43,urban,454,yes,no,3740
66,female,2,suv,32846,0,1,48,rural,572,no,yes,2637
57,male,17,sedan,46401,1,3,39,suburban,754,no,yes,3076
28,male,10,truck,13192,3,1,10,urban,615,yes,no,2869
20,female,14,suv,44269,0,1,2,rural,514,yes,yes,2163
23,male,19,suv,43487,0,7,5,suburban,629,no,no,2920
26,male,4,suv,14412,3,4,8,rural,443,no,no,3819
23,female,11,truck,20963,2,6,5,suburban,653,yes,yes,2634
26,male,3,sports,38623,3,0,8,suburban,580,yes,no,3956
56,male,14,hatchback,6017,4,0,38,rural,621,no,no,2959
48,male,8,sports,10279,0,7,30,rural,605,yes,yes,2604
49,female,6,sedan,15412,0,3,31,urban,778,no,no,1969
58,female,9,hatchback,12712,1,4,40,rural,689,yes,no,2441
67,female,12,sedan,20817,0,1,49,suburban,363,yes,yes,1850
29,male,7,truck,33080,1,6,11,urban,564,no,no,3405
25,female,11,sports,11624,0,5,7,suburban,305,yes,no,2918
25,male,18,suv,34126,0,0,7,suburban,467,yes,no,2052
67,male,0,hatchback,21579,3,0,49,rural,654,no,yes,2885
45,male,15,suv,20131,3,2,27,suburban,472,no,yes,3627
37,female,16,sedan,42462,4,1,19,rural,418,no,yes,4083
64,female,17,suv,42419,2,4,46,suburban,525,yes,no,3696
24,female,10,suv,28375,4,0,6,urban,473,no,yes,4332
28,female,17,truck,31093,0,7,10,rural,428,no,yes,3173
37,male,6,truck,37525,4,6,19,urban,486,no,yes,4548
33,female,17,sports,34030,3,7,15,rural,362,no,yes,4534
21,male,7,sedan,49067,0,7,3,urban,573,yes,no,3080
23,female,5,truck,10207,0,7,5,rural,509,no,yes,2529
39,female,6,truck,15897,4,4,21,urban,492,yes,no,3880
43,female,9,sports,31639,1,1,25,urban,831,yes,yes,2799
20,male,10,hatchback,7792,2,7,2,rural,481,no,no,3473
58,male,12,sports,5420,4,1,40,rural,527,no,yes,3517
59,male,8,suv,34224,4,0,41,suburban,388,no,no,3985
31,male,6,suv,24198,2,3,13,suburban,443,yes,yes,3223
28,male,8,truck,40608,0,4,10,rural,549,no,no,2715
35,female,12,truck,22415,0,7,17,rural,524,no,yes,2819
71,male,2,sports,45407,1,7,50,urban,467,no,no,4436
29,male,2,sports,22875,4,4,11,urban,409,yes,yes,4710
40,male,0,sedan,9975,2,2,22,suburban,472,no,no,3108
29,male,19,suv,31461,4,6,11,suburban,810,yes,yes,3749
30,female,1,sports,26331,3,1,12,suburban,596,yes,no,4144
42,male,2,hatchback,21893,4,1,24,urban,542,yes,yes,3586
62,female,14,sedan,23243,4,0,44,urban,508,no,yes,3459
68,female,5,sports,20535,3,0,50,urban,542,no,yes,3885
36,female,12,truck,10061,3,0,18,suburban,553,yes,no,2827
72,male,0,sports,6858,2,2,50,rural,381,no,yes,3387
63,female,19,truck,30489,0,6,45,suburban,733,yes,yes,2408
53,male,18,truck,18678,1,7,35,urban,774,no,yes,3033
62,male,0,suv,39833,3,3,44,suburban,842,no,no,3845
25,male,1,suv,24350,0,0,7,suburban,303,no,no,2351
46,male,14,sports,18346,2,0,28,suburban,493,yes,yes,3141
72,male,13,sports,11773,4,5,50,suburban,355,no,yes,4421
70,female,18,hatchback,34465,2,6,50,urban,560,yes,no,3914
72,female,10,sedan,14788,2,0,50,suburban,679,no,no,2554
49,male,14,sedan,37343,3,2,31,urban,786,no,no,3545
68,female,5,sports,42210,1,4,50,suburban,395,no,yes,3707
61,male,19,suv,14247,3,3,43,urban,635,no,yes,3067
35,female,8,hatchback,46983,4,4,17,rural,628,yes,no,4172
23,female,4,sedan,40972,3,7,5,urban,795,yes,yes,4364
35,female,19,sports,21959,4,5,17,urban,818,no,no,4294
36,female,1,suv,28807,3,1,18,rural,424,yes,no,3640
39,female,5,suv,39133,1,1,21,rural,559,yes,no,3172
54,male,17,suv,29218,0,0,36,rural,849,yes,no,1890
49,male,18,truck,26734,1,5,31,rural,307,no,yes,3280
73,female,8,suv,27828,3,4,50,rural,672,no,no,3812
58,male,5,sports,22400,2,2,40,rural,521,no,yes,3627
20,female,13,hatchback,25002,0,3,2,suburban,830,no,yes,1674
45,male,12,sports,37793,2,6,27,suburban,649,yes,no,3897
27,female,10,suv,41492,1,4,9,rural,330,yes,yes,3039
68,female,11,hatchback,37217,0,5,50,urban,657,no,yes,2797
52,female,18,sedan,41226,3,7,34,urban,321,no,yes,4919
46,male,18,sedan,32932,2,5,28,rural,588,no,no,3146
71,male,18,sports,48327,3,6,50,suburban,513,yes,no,4643
32,female,12,hatchback,35875,4,4,14,suburban,464,no,no,4363
50,female,13,sports,30046,0,7,32,urban,439,no,yes,3835
24,male,17,hatchback,28664,2,3,6,rural,669,no,yes,2203
29,male,11,hatchback,29453,1,4,11,suburban,619,yes,no,2356
66,male,3,sports,9746,1,4,48,rural,708,no,yes,2939
47,male,9,hatchback,28973,1,3,29,rural,737,yes,no,2243
38,male,16,suv,18217,1,2,20,urban,312,no,no,2951
48,female,3,hatchback,28362,2,6,30,rural,800,no,no,3095
41,male,11,hatchback,46835,4,5,23,rural,325,no,yes,4629
37,female,12,sports,14133,1,3,19,urban,833,yes,yes,2795
54,female,3,sedan,40809,1,0,36,suburban,375,no,no,2748
21,male,9,truck,45533,1,0,3,rural,665,yes,no,1734
45,male,2,hatchback,10404,4,0,27,urban,790,no,no,3098
61,female,14,truck,38339,0,0,43,suburban,391,yes,yes,2065
37,male,1,hatchback,33725,1,7,19,rural,565,no,no,3702
41,female,16,sports,13796,1,6,23,suburban,798,no,no,3410
67,male,5,sports,26364,1,1,49,urban,469,yes,yes,3598
66,male,7,hatchback,46341,0,2,48,rural,645,yes,yes,2344
68,male,2,sports,6236,1,1,50,urban,527,no,yes,3439
49,female,17,sports,7380,0,4,31,urban,502,no,no,2876
58,male,0,hatchback,44945,0,4,40,rural,745,no,yes,2999
53,female,15,sedan,19538,3,3,35,urban,817,yes,no,3404
70,male,6,hatchback,16971,3,0,50,suburban,431,no,no,3010
51,female,2,sedan,48065,1,7,33,urban,544,yes,no,4521
53,male,3,sports,39285,2,7,35,rural,390,yes,yes,4745
19,female,8,sedan,22917,3,3,1,rural,425,yes,no,3721
32,female,4,sports,43655,3,4,14,suburban,771,no,yes,4333
51,female,18,sedan,16486,2,0,33,rural,541,no,yes,2302
53,female,14,sedan,42410,4,6,35,urban,801,no,yes,4449
23,female,7,hatchback,30446,1,5,5,urban,686,no,no,2897
56,female,5,sedan,26703,4,2,38,rural,306,yes,yes,3724
59,male,17,sports,49191,4,4,41,suburban,387,no,no,5378
68,female,18,hatchback,16399,0,5,50,suburban,444,yes,no,2342
68,female,14,sedan,43829,0,3,50,rural,750,yes,yes,1933
71,female,6,hatchback,17685,1,5,50,urban,630,yes,no,2911
29,male,9,truck,27241,2,3,11,rural,463,no,yes,3129
20,male,5,hatchback,9487,0,4,2,rural,641,no,yes,1621
62,male,13,truck,17018,3,1,44,suburban,300,no,yes,3158
35,female,16,truck,35825,1,7,17,urban,419,yes,yes,3592
57,male,8,hatchback,12750,4,6,39,suburban,763,yes,no,3846
38,male,18,sports,22684,1,6,20,suburban,761,no,yes,3288
32,female,4,sports,48118,0,7,14,urban,348,yes,no,4285
50,female,6,sports,19410,2,2,32,urban,626,yes,no,3088
52,male,18,suv,20105,4,6,34,urban,773,yes,yes,4615
43,female,19,truck,23913,2,5,25,rural,667,no,no,2547
25,female,6,hatchback,41028,1,6,7,urban,586,no,yes,3729
53,female,1,sports,22711,2,5,35,rural,323,no,yes,3935
65,female,15,sports,29967,2,4,47,suburban,592,yes,yes,3978
47,male,12,hatchback,41023,1,6,29,urban,748,no,no,3403
40,female,7,truck,41005,4,4,22,rural,362,no,yes,4381
59,male,5,hatchback,31622,2,6,41,rural,757,yes,no,3655
61,male,5,suv,14497,2,7,43,rural,829,yes,yes,3591
31,male,8,suv,21350,1,3,13,rural,712,no,no,2346
31,male,3,hatchback,27696,3,0,13,suburban,559,no,yes,3324
19,female,10,truck,32470,2,0,1,urban,483,no,no,3307
72,female,4,sports,35889,0,0,50,urban,347,yes,yes,3338
54,female,16,suv,15224,4,3,36,urban,446,no,no,4157
22,male,19,suv,46724,2,0,4,urban,708,yes,yes,2541
55,male,6,truck,10465,1,7,37,urban,739,no,no,3109
62,male,14,suv,21882,0,4,44,urban,757,no,yes,2671
58,female,14,suv,37203,1,1,40,rural,528,yes,no,2620
71,male,13,truck,32944,2,1,50,urban,583,no,yes,3373
64,female,12,hatchback,34837,0,6,46,rural,644,yes,yes,2520
31,female,10,sports,7944,4,1,13,suburban,563,no,yes,4091
73,female,12,sports,29336,4,0,50,rural,677,no,no,4242
56,female,8,suv,43624,4,1,38,suburban,402,no,no,4517
42,male,9,sports,49764,3,5,24,urban,322,no,yes,5203
37,female,3,hatchback,36796,1,0,19,suburban,592,no,no,2805
19,male,16,suv,33789,2,5,1,suburban,566,yes,yes,3610
56,female,13,sports,29222,0,4,38,rural,828,no,yes,2754
23,male,17,sedan,43845,1,5,5,rural,775,no,yes,3205
34,male,10,sedan,5135,2,4,16,suburban,750,yes,no,2175
42,female,15,sedan,20773,3,3,24,suburban,584,no,yes,3471
74,female,0,sedan,47060,2,3,50,urban,612,yes,no,3829
45,female,6,sedan,31447,1,6,27,rural,461,no,no,3306
19,male,9,suv,9033,2,5,1,suburban,421,no,yes,3302
52,female,8,truck,25497,0,2,34,rural,780,yes,no,1939
54,female,2,truck,19178,3,4,36,urban,411,yes,no,3972
22,male,13,suv,11546,0,7,4,urban,538,no,no,3090
18,female,14,suv,13396,3,0,0,suburban,509,yes,yes,2769
57,male,1,hatchback,25978,3,2,39,urban,648,no,yes,3649
29,female,13,truck,48331,2,4,11,suburban,810,yes,no,3070
73,male,15,sedan,17882,0,0,50,rural,301,yes,no,1635
53,male,6,suv,21945,3,4,35,rural,760,yes,yes,3418
62,female,3,sedan,26784,3,4,44,suburban,781,yes,yes,3637
40,male,17,truck,8314,2,7,22,suburban,540,yes,no,2811
64,female,4,sports,23595,1,0,46,suburban,353,no,yes,2850
48,female,5,sports,23755,1,4,30,rural,766,no,yes,3595
28,male,6,suv,37311,4,7,10,rural,408,yes,no,4901
27,female,14,hatchback,35598,4,4,9,urban,579,no,yes,4355
20,male,0,sedan,40449,3,4,2,urban,356,yes,no,4367
71,male,3,suv,40574,1,6,50,rural,513,no,no,3764
31,male,0,hatchback,49729,3,3,13,rural,807,yes,no,3179
33,male,10,sedan,23639,0,1,15,suburban,327,yes,no,1908
27,male,17,truck,36023,1,4,9,rural,503,no,yes,2754
46,male,13,sports,14092,1,6,28,rural,844,yes,yes,3037
27,male,10,hatchback,11382,1,7,9,urban,608,no,yes,2928
29,male,9,sedan,47710,4,0,11,urban,827,yes,yes,3692
47,female,16,suv,8159,2,5,29,suburban,642,yes,no,2366
58,female,3,sedan,10656,2,4,40,urban,517,yes,yes,3363
18,male,14,suv,6452,4,6,0,suburban,386,no,no,4097
22,female,15,sports,47203,4,3,4,rural,330,yes,no,4399
37,female,12,sports,23706,4,6,19,rural,399,no,no,4575
25,female,8,sedan,14862,2,3,7,suburban,614,no,yes,2238
60,female,10,sedan,15219,3,5,42,urban,794,no,no,3753
29,female,10,suv,28481,4,4,11,urban,770,no,no,3764
18,female,5,suv,39536,3,2,0,rural,814,yes,yes,3471
74,male,0,hatchback,11096,3,5,50,urban,630,yes,no,3720
71,female,5,hatchback,42953,0,1,50,suburban,493,yes,yes,2437
37,female,12,hatchback,16855,2,0,19,rural,490,yes,yes,2045
45,female,4,sedan,48262,3,6,27,urban,551,no,no,4670
74,female,14,hatchback,19460,2,0,50,rural,300,no,no,2805
60,male,17,sedan,38937,2,0,42,rural,758,no,yes,2775
54,male,19,sports,26094,0,7,36,urban,389,yes,yes,3450
64,male,13,truck,44358,2,7,46,suburban,817,no,no,3990
54,male,14,sports,32924,3,0,36,urban,782,no,no,3855
29,female,4,sedan,22789,1,3,11,urban,415,yes,no,2889
54,male,3,sedan,5123,3,6,36,urban,372,yes,no,3779
66,male,1,truck,10909,3,7,48,urban,455,yes,no,4166
66,male,6,suv,36854,2,1,48,urban,368,yes,no,3991
73,male,9,suv,8896,3,4,50,urban,770,yes,no,3543
61,female,15,suv,45834,1,4,43,suburban,791,yes,no,3262
73,male,9,hatchback,47141,2,2,50,rural,599,yes,no,3521
45,female,17,suv,22111,4,4,27,suburban,443,no,no,4021
64,male,16,hatchback,12039,3,7,46,urban,505,no,yes,4287
32,female,12,hatchback,49844,3,1,14,suburban,706,no,yes,3658
23,female,0,suv,29099,0,4,5,rural,596,yes,yes,2568
61,male,0,suv,8670,4,3,43,suburban,828,yes,yes,3711
37,male,14,truck,48335,4,5,19,urban,436,no,no,4929
67,male,0,truck,20029,1,4,49,rural,518,yes,yes,2645
31,male,5,hatchback,36811,4,0,13,urban,817,no,no,3321
19,female,12,truck,20793,0,0,1,urban,747,yes,no,1340
26,female,0,hatchback,46318,1,5,8,rural,431,no,no,3575
54,male,4,sedan,25126,4,0,36,rural,662,no,no,3388
37,male,8,hatchback,24228,1,0,19,urban,643,yes,no,1735
43,female,16,hatchback,23595,4,3,25,suburban,317,yes,yes,3827
46,male,15,truck,5972,4,3,28,rural,715,yes,yes,2950
18,female,7,sedan,5360,4,3,0,suburban,840,yes,yes,2942
72,male,16,sports,7632,3,7,50,suburban,452,no,no,4540
52,female,14,sports,40958,4,4,34,rural,631,no,yes,4918
23,female,0,sports,42716,3,5,5,suburban,618,no,yes,4480
54,female,11,sedan,20346,2,0,36,rural,498,no,no,2340
70,female,4,suv,23008,0,2,50,rural,825,no,no,2112
22,female,5,sedan,17120,1,5,4,rural,309,no,yes,2997
50,male,0,truck,35283,1,2,32,rural,438,yes,no,3032
66,female,0,hatchback,12818,2,0,48,suburban,466,no,no,2819
68,male,9,hatchback,10119,4,1,50,suburban,446,yes,yes,3255
31,female,9,truck,35579,0,5,13,rural,702,no,yes,2108
29,female,2,truck,34837,2,7,11,rural,744,yes,no,3579
59,male,16,hatchback,5975,2,4,41,rural,369,yes,no,2531
37,male,18,suv,21265,1,2,19,rural,627,no,yes,2278
70,male,10,suv,9318,3,5,50,urban,528,yes,yes,4175
67,male,17,suv,40081,3,5,49,suburban,618,no,yes,3838
41,female,1,truck,46515,4,3,23,suburban,335,yes,no,4347
60,male,8,hatchback,48069,4,1,42,rural,554,no,yes,4231
51,female,16,hatchback,18134,2,3,33,urban,612,yes,yes,2604
42,male,13,hatchback,44432,4,1,24,urban,634,no,yes,3577
67,male,3,sedan,15841,3,1,49,urban,319,no,no,3548
46,female,16,sedan,31135,0,4,28,rural,597,no,no,2525
74,female,16,sports,17427,1,5,50,urban,320,yes,yes,4000
56,male,11,sedan,45251,3,3,38,rural,777,no,no,3413
48,female,19,suv,39131,4,7,30,urban,771,no,yes,5001
73,female,17,suv,41727,1,3,50,rural,769,no,yes,2665
64,female,2,suv,30165,1,2,46,rural,648,no,yes,2424
60,female,10,suv,6749,2,5,42,suburban,685,yes,no,2774
67,female,17,sports,38308,4,0,49,rural,845,yes,yes,3657
40,female,3,suv,12634,2,0,22,urban,745,yes,no,2235
61,female,16,truck,15614,1,2,43,suburban,398,no,no,2766
55,female,17,truck,29866,2,1,37,urban,354,yes,yes,2976
37,male,4,truck,15282,4,7,19,rural,302,yes,no,4742
40,female,13,sedan,25319,3,2,22,suburban,631,yes,yes,2612
62,male,9,hatchback,41726,0,2,44,rural,734,yes,yes,1767
69,female,14,sports,20412,3,3,50,rural,785,yes,yes,3851
33,female,0,truck,41627,1,2,15,urban,518,yes,yes,3052
67,female,15,truck,13050,3,6,49,urban,510,no,no,4098
59,female,10,suv,29583,2,7,41,urban,795,no,yes,3715
72,male,19,truck,23041,4,1,50,suburban,531,yes,yes,3478
25,male,5,suv,11185,3,0,7,urban,447,no,yes,2999
67,female,15,suv,25812,3,4,49,rural,506,no,yes,3911
38,male,1,hatchback,30832,4,7,20,suburban,659,no,no,4246
18,female,0,sedan,22423,2,7,0,urban,718,no,no,3634
72,female,8,suv,46644,0,5,50,urban,716,no,yes,3448
25,male,11,suv,41786,3,2,7,urban,481,yes,no,4043
46,male,16,hatchback,34665,1,5,28,rural,509,yes,yes,3123
49,female,14,suv,14989,2,2,31,urban,549,no,yes,3212
55,female,18,sports,23208,2,6,37,rural,811,yes,yes,3482
22,male,9,sedan,28054,3,5,4,suburban,438,yes,no,3780
64,female,11,sports,35477,4,3,46,urban,530,yes,yes,4992
39,male,13,truck,35374,3,3,21,rural,311,yes,no,3542
64,female,8,sedan,46220,3,5,46,urban,572,yes,no,4653
51,female,12,truck,8571,4,2,33,urban,787,yes,yes,3039
18,male,2,suv,24576,1,6,0,suburban,389,yes,no,3537
72,male,13,hatchback,14680,4,6,50,suburban,324,no,yes,4208
72,male,9,sports,30706,3,2,50,rural,837,no,no,3863
43,female,15,truck,19318,0,1,25,rural,359,no,no,1817
60,female,6,suv,25659,4,0,42,rural,470,yes,no,3853
27,female,3,sports,10029,1,7,9,suburban,746,no,no,3308
47,female,19,sports,7774,4,7,29,rural,309,yes,yes,4545
67,male,10,truck,21972,4,0,49,suburban,542,no,yes,3814
35,female,15,suv,19048,2,6,17,suburban,477,no,yes,2890
34,female,19,hatchback,38372,2,4,16,urban,556,yes,yes,3800
43,female,3,truck,48188,3,0,25,urban,609,no,yes,3717
25,male,16,sports,46133,3,4,7,rural,815,yes,yes,3640
64,female,12,sports,19689,4,3,46,suburban,514,no,yes,4669
57,female,10,sedan,21737,0,7,39,suburban,329,no,no,3131
66,male,2,suv,21014,3,4,48,suburban,645,yes,no,3632
29,female,8,sedan,26818,4,4,11,urban,364,no,yes,4049
44,female,5,hatchback,38201,4,0,26,suburban,452,no,yes,3945
25,male,10,truck,16144,4,6,7,rural,339,no,no,4299
42,female,15,sports,36001,4,2,24,rural,325,no,no,4390
63,female,18,suv,5867,4,6,45,urban,572,no,yes,4550
21,female,4,sports,32182,2,3,3,rural,458,yes,yes,3667
50,male,13,sedan,19340,1,1,32,suburban,300,yes,no,2368
18,female,16,sedan,16837,1,4,0,suburban,378,yes,no,2324
36,female,2,truck,13787,4,4,18,rural,527,yes,no,3709
48,male,3,suv,5393,3,5,30,urban,626,yes,no,3545
33,male,15,suv,17056,0,4,15,suburban,800,yes,no,1612
31,female,15,truck,48160,4,6,13,suburban,774,no,yes,4265
70,female,3,sedan,49957,0,2,50,urban,654,yes,no,2776
65,female,18,sedan,33429,2,1,47,suburban,423,yes,yes,3047
22,female,16,sedan,36899,1,6,4,rural,723,no,no,2857
58,male,12,sports,37221,2,5,40,rural,551,no,yes,4017
43,female,0,hatchback,25754,3,6,25,urban,813,yes,yes,4200
45,male,11,sedan,49389,3,0,27,urban,806,no,yes,3735
19,male,3,hatchback,25905,4,3,1,rural,785,no,yes,3540
67,female,10,hatchback,29083,3,2,49,urban,777,no,yes,3316
23,female,4,suv,46098,3,1,5,rural,632,no,no,3320
26,male,1,truck,34621,2,3,8,urban,531,yes,yes,3516
50,male,16,sports,25577,0,0,32,rural,841,yes,no,1977
58,female,7,hatchback,41728,1,3,40,suburban,329,no,yes,3108
42,male,5,sports,5663,3,5,24,suburban,472,no,no,3926
65,female,8,suv,24216,3,4,47,rural,767,no,yes,3793
30,female,12,sedan,14265,2,4,12,suburban,775,yes,yes,2506
26,male,10,hatchback,9574,1,2,8,rural,616,no,no,1561
70,male,15,truck,27755,2,3,50,urban,696,yes,no,3088
30,female,15,suv,36241,0,6,12,suburban,424,yes,no,2982
48,male,1,sports,27676,2,4,30,suburban,379,no,no,3934
58,female,9,sedan,26561,1,2,40,suburban,826,no,no,2525
28,female,11,sports,29737,1,2,10,rural,822,no,yes,2796
21,female,7,truck,28390,3,5,3,suburban,695,no,yes,3374
51,male,10,hatchback,31076,0,2,33,urban,388,no,yes,2609
55,female,9,truck,10546,4,0,37,suburban,302,no,no,3339
63,female,12,sports,26280,3,6,45,urban,835,no,yes,4546
21,female,16,sports,37953,2,4,3,suburban,820,yes,no,3407
55,female,6,truck,26037,2,4,37,suburban,370,yes,yes,3518
36,female,2,truck,45576,1,1,18,urban,438,yes,no,2827
23,female,19,truck,33564,1,0,5,suburban,309,no,no,1950
51,female,12,sedan,38597,1,4,33,urban,814,yes,yes,3102
35,female,18,sports,24903,4,5,17,urban,830,yes,no,4936
30,female,6,suv,35806,4,4,12,urban,429,no,yes,4951
58,female,8,sedan,29392,3,1,40,suburban,700,yes,yes,3280
40,female,18,sedan,33087,4,7,22,suburban,520,no,no,4454
36,male,12,sedan,49288,1,3,18,urban,736,yes,yes,2808
62,female,7,suv,49308,3,3,44,suburban,699,no,no,4032
28,female,17,truck,27293,3,0,10,rural,412,no,no,3121
18,female,1,sports,15677,0,2,0,urban,751,no,yes,2226
41,male,17,hatchback,17803,4,1,23,urban,517,yes,no,3513
71,female,17,hatchback,6225,2,7,50,rural,357,no,no,3369
24,male,10,sports,10774,2,1,6,rural,412,yes,yes,2799
42,female,0,suv,18043,0,7,24,urban,421,yes,no,3208
38,female,13,hatchback,21163,1,7,20,rural,707,no,no,2936
32,male,15,sedan,7844,0,4,14,urban,759,yes,no,1885
18,female,10,hatchback,12347,1,5,0,suburban,384,yes,no,2696
29,male,0,sports,25804,4,4,11,rural,699,yes,yes,4328
24,male,6,sedan,41764,4,5,6,urban,655,no,yes,4240
32,female,15,hatchback,32246,3,1,14,urban,398,yes,yes,3514
38,female,13,sports,47458,3,2,20,urban,820,yes,yes,3953
36,female,14,suv,6688,3,3,18,rural,817,yes,yes,2691
46,female,13,sports,22251,3,0,28,suburban,407,yes,yes,3272
42,male,10,suv,17504,2,6,24,suburban,451,yes,no,3387
50,male,15,sedan,44720,3,5,32,rural,326,yes,no,4087
66,female,18,sports,32584,3,3,48,urban,418,no,no,4470
49,male,16,truck,49484,3,0,31,urban,399,no,no,3618
66,male,5,truck,43852,1,2,48,urban,302,no,no,3659
52,female,10,truck,18219,3,1,34,rural,628,no,yes,2700
61,male,16,truck,47972,0,2,43,rural,828,yes,yes,2018
55,male,8,truck,29815,3,5,37,urban,405,yes,no,3984
43,female,17,suv,29623,3,1,25,urban,529,yes,yes,3228
28,male,16,sports,41817,2,7,10,urban,603,yes,yes,4241
52,female,11,sedan,8457,3,4,34,rural,476,no,yes,3088
25,male,4,truck,32855,1,7,7,rural,383,no,yes,3614
63,female,10,truck,41258,4,0,45,suburban,562,yes,yes,3796
31,male,3,sedan,20470,3,4,13,urban,495,yes,no,4131
27,male,3,sedan,23281,3,1,9,urban,548,yes,no,3450
19,female,2,truck,16728,3,6,1,suburban,681,no,yes,3254
63,female,16,suv,43723,2,0,45,urban,757,no,yes,2773
26,female,6,sedan,15162,4,0,8,suburban,708,no,yes,3004
20,female,3,sports,34272,2,4,2,rural,380,yes,no,3680
38,male,12,sports,40488,2,0,20,suburban,711,yes,yes,2938
43,male,11,suv,48341,2,1,25,suburban,505,yes,yes,3701
25,male,0,hatchback,16338,1,7,7,rural,687,no,yes,2923
65,female,18,suv,27296,4,6,47,urban,698,no,yes,4578
19,male,19,truck,16675,1,5,1,suburban,307,no,no,2782
23,male,17,hatchback,29070,1,5,5,suburban,816,yes,no,2572
45,female,10,truck,25080,4,1,27,urban,749,no,yes,3842
70,female,19,sports,18936,1,4,50,suburban,775,yes,no,2723
46,male,2,sedan,15019,4,2,28,rural,641,yes,yes,3125
43,female,16,truck,46182,3,1,25,suburban,372,yes,no,3264
42,male,11,sports,6746,2,5,24,urban,420,no,yes,3923
29,male,9,suv,27768,1,1,11,urban,601,no,no,2488
22,female,7,truck,13325,4,0,4,suburban,533,no,yes,2820
51,male,14,sports,49763,0,0,33,urban,365,no,yes,3109
65,female,4,sedan,9486,1,1,47,urban,529,no,yes,2892
54,female,3,truck,21485,1,4,36,suburban,842,no,yes,2603
32,male,19,sports,19328,4,2,14,suburban,350,yes,no,4104
61,male,18,truck,24112,0,0,43,urban,628,no,no,1693
53,male,3,sedan,49001,0,5,35,suburban,686,no,no,2472
32,female,14,truck,37280,3,6,14,rural,337,yes,no,3969
60,male,16,truck,31576,1,0,42,suburban,472,no,yes,2599
65,female,11,sports,47528,2,5,47,urban,792,no,no,4223
40,female,2,hatchback,20702,1,7,22,rural,754,yes,no,2983
23,male,9,truck,26320,2,7,5,urban,340,no,no,3616
63,female,14,hatchback,23437,2,6,45,urban,428,yes,no,3777
67,male,9,suv,5193,4,2,49,rural,353,yes,yes,3712
61,male,17,truck,30317,1,6,43,suburban,385,yes,yes,3093
60,male,0,hatchback,33482,4,0,42,urban,568,no,no,4664
62,male,2,suv,24343,3,6,44,suburban,595,yes,no,4168
38,male,11,sports,34144,2,4,20,suburban,320,no,yes,3892
40,male,0,truck,16612,0,5,22,rural,514,yes,yes,2523
60,male,2,sports,24307,2,0,42,urban,724,no,no,3205
72,female,2,suv,24623,3,0,50,rural,488,yes,no,3134
33,male,4,sports,25249,2,1,15,rural,460,no,no,3240
64,female,18,sports,13229,4,7,46,urban,840,no,no,4916
70,female,0,sedan,31274,1,4,50,urban,680,no,yes,3114
32,female,3,suv,42334,0,4,14,rural,543,no,yes,3402
42,male,3,sports,11595,4,1,24,rural,482,no,yes,3958
53,female,16,hatchback,33602,1,6,35,rural,843,no,yes,3039
28,female,13,suv,43377,0,5,10,urban,847,no,yes,3064
68,male,17,sedan,42876,3,3,50,urban,392,no,yes,4101
32,male,0,truck,39551,2,2,14,rural,667,no,no,2775
21,female,15,sports,47926,0,7,3,urban,458,yes,yes,3642
38,male,2,hatchback,29678,3,4,20,urban,697,yes,no,3764
30,male,8,sedan,27214,1,7,12,urban,479,yes,yes,3763
39,male,3,suv,43599,0,3,21,suburban,737,yes,no,2153
36,male,4,sports,37809,3,5,18,suburban,672,yes,yes,4152
51,female,10,sedan,48954,1,2,33,rural,605,no,yes,2550
31,male,8,sedan,32794,4,4,13,suburban,678,yes,no,3801
21,male,2,hatchback,27593,2,0,3,rural,517,yes,no,2561
65,male,5,truck,33864,3,4,47,rural,628,yes,no,3791
70,female,10,truck,49329,4,2,50,urban,642,yes,no,4109
69,female,8,truck,47636,1,6,50,rural,462,no,yes,3530
63,male,14,suv,8689,0,3,45,rural,457,no,yes,2135
44,male,2,sedan,45363,2,7,26,rural,409,yes,yes,4075
46,female,0,suv,19687,1,6,28,rural,649,yes,yes,3028
64,male,19,sedan,25381,3,0,46,urban,664,yes,yes,2767
45,male,18,hatchback,38093,2,2,27,urban,314,yes,no,3404
52,female,13,hatchback,28589,4,5,34,rural,452,no,yes,4128
25,male,16,suv,6120,2,6,7,suburban,831,no,yes,2748
33,male,13,suv,21491,4,2,15,suburban,699,no,no,3242
59,female,16,hatchback,48638,1,4,41,rural,351,yes,yes,3058
53,female,13,sports,44062,0,7,35,urban,768,no,no,4056
47,male,11,truck,10193,2,5,29,rural,620,yes,yes,2480
35,female,15,truck,28608,0,1,17,rural,666,no,yes,1502
19,male,0,hatchback,20213,0,1,1,urban,785,no,yes,2058
66,male,12,truck,19230,2,6,48,suburban,315,yes,no,3584
30,male,5,sports,23423,2,0,12,rural,710,no,no,3171
21,female,16,sports,22187,0,2,3,urban,573,no,no,2905
43,female,11,sedan,15040,3,3,25,urban,605,yes,yes,2980
42,male,18,suv,5766,3,0,24,rural,391,no,no,3166
47,male,5,truck,34949,2,5,29,urban,757,no,yes,3725
28,female,6,sports,8527,0,6,10,rural,569,yes,yes,2889
24,female,0,suv,16021,0,0,6,suburban,351,no,no,1951
48,female,0,suv,22872,1,6,30,rural,420,yes,no,3433
61,male,4,sedan,41897,0,4,43,suburban,349,yes,no,2835
27,female,5,suv,16758,3,5,9,urban,774,yes,yes,3369
56,female,15,suv,23757,1,7,38,rural,791,yes,no,3305
30,male,15,hatchback,30412,3,3,12,urban,679,yes,yes,3278
48,male,13,sedan,19312,4,2,30,rural,686,yes,yes,3167
24,male,0,sedan,27119,2,5,6,urban,588,yes,no,4128
73,female,12,truck,16804,4,2,50,suburban,753,yes,yes,3084
66,male,19,suv,15983,2,2,48,rural,670,yes,no,2595
59,male,9,truck,34999,3,0,41,urban,483,yes,yes,3401
59,male,9,sports,35557,3,4,41,rural,504,yes,yes,4535
73,male,8,suv,44758,4,0,50,rural,471,yes,yes,4180
53,female,12,sports,33788,2,1,35,suburban,521,yes,no,3668
37,male,2,hatchback,36950,2,1,19,urban,467,no,yes,3685
21,female,17,suv,8983,1,2,3,rural,543,yes,yes,2013
71,female,19,truck,8768,0,4,50,rural,517,yes,yes,2328
24,female,1,truck,6504,1,5,6,rural,355,yes,no,2882
71,male,16,suv,7450,3,2,50,rural,466,no,yes,3214
18,female,18,truck,16236,4,5,0,rural,818,yes,yes,3293
61,male,12,suv,13002,2,2,43,urban,441,no,no,3186
73,male,12,sedan,14891,1,7,50,rural,424,yes,yes,3071
62,male,0,truck,43787,4,0,44,rural,389,no,no,3845
59,female,1,suv,18898,4,7,41,rural,610,no,no,4563
64,male,0,suv,15472,0,2,46,urban,670,no,no,1919
30,male,4,truck,20264,2,2,12,rural,515,no,yes,2755
72,male,2,sedan,22691,4,4,50,rural,740,no,yes,3874
39,female,6,truck,48487,2,4,21,suburban,485,yes,yes,3934
71,female,12,suv,37632,1,6,50,suburban,452,yes,yes,3518
38,female,17,sedan,38743,4,5,20,rural,395,yes,yes,4345
39,male,6,sports,48016,4,4,21,rural,635,no,yes,4749
45,female,0,hatchback,18002,1,2,27,suburban,814,no,no,2374
26,male,4,truck,48386,2,4,8,urban,448,no,no,4112
43,male,16,suv,33250,2,4,25,urban,831,no,no,3606
26,female,7,sedan,48388,4,3,8,suburban,701,yes,yes,3732
32,male,14,sedan,26323,1,3,14,rural,630,no,no,2023
27,female,19,sports,8733,3,1,9,suburban,526,yes,no,3248
41,male,3,truck,46319,2,0,23,urban,657,no,yes,2988
74,female,1,sedan,7223,3,6,50,suburban,615,no,yes,3505
59,male,4,sports,21868,4,6,41,urban,335,no,no,5435
25,male,0,suv,39196,3,0,7,rural,808,no,no,3457
41,male,4,sports,7080,3,4,23,rural,777,no,yes,3743
33,male,5,truck,18776,2,1,15,rural,727,yes,no,2079
66,male,1,sports,5695,4,1,48,urban,749,no,no,3749
43,female,0,sedan,37969,3,5,25,suburban,389,yes,yes,4465
44,male,3,sedan,17049,2,6,26,rural,840,yes,no,2699
54,female,6,hatchback,20628,3,3,36,urban,475,no,yes,3752
21,female,0,sports,13265,2,1,3,rural,719,no,yes,2949
67,female,0,suv,29671,4,2,49,suburban,470,no,no,4656
41,male,7,truck,17460,1,5,23,rural,693,no,no,2461
36,male,19,hatchback,8477,2,6,18,urban,565,no,yes,3370
53,male,15,sports,7202,2,4,35,urban,803,no,yes,3209
56,female,12,suv,28874,3,2,38,rural,433,yes,no,3602
27,male,17,hatchback,46217,4,0,9,rural,325,yes,yes,3374
42,male,19,sedan,16850,0,6,24,urban,576,no,no,2611
35,female,9,truck,44085,0,3,17,rural,399,no,no,2824
36,female,11,sports,25809,1,2,18,rural,741,yes,yes,2544
53,female,0,suv,10350,4,4,35,rural,724,yes,no,3855
27,female,9,sedan,7806,2,7,9,suburban,329,yes,no,3175
50,female,8,hatchback,12163,0,2,32,suburban,795,no,yes,1299
72,female,2,truck,33832,1,2,50,suburban,490,yes,no,3140
67,male,18,hatchback,5185,4,1,49,rural,486,no,yes,2955
22,female,8,hatchback,45838,1,3,4,urban,439,no,yes,3236
64,male,9,suv,29718,0,0,46,rural,619,yes,no,1739
66,male,18,sedan,16545,3,7,48,rural,668,yes,yes,3642
52,male,15,sports,30215,3,4,34,suburban,596,yes,yes,4134
61,female,17,suv,33325,4,5,43,urban,499,no,no,4681
51,male,13,truck,23458,1,5,33,suburban,678,no,no,2611
50,female,2,hatchback,21006,2,4,32,urban,379,yes,no,3497
72,female,1,truck,33544,0,0,50,rural,746,no,no,1822
38,male,0,suv,37969,3,4,20,rural,800,yes,yes,3792
34,female,17,suv,16284,3,1,16,rural,558,no,yes,2849
39,male,8,sports,43478,1,7,21,urban,843,yes,yes,3750
65,male,12,hatchback,32655,3,5,47,suburban,420,no,no,4475
54,female,1,suv,34143,1,6,36,suburban,354,yes,yes,3658
32,male,6,truck,20698,0,5,14,suburban,792,no,no,2168
52,male,15,sports,39870,1,6,34,urban,317,no,no,4176
45,male,18,truck,14102,3,2,27,urban,608,no,no,3116
24,female,14,hatchback,6571,1,1,6,rural,409,yes,yes,1684
49,male,10,sports,42893,3,5,31,suburban,630,no,yes,3845
28,female,0,sports,44465,4,1,10,urban,563,no,no,4865
27,female,6,sports,26553,3,7,9,suburban,567,yes,no,4569
26,male,19,sedan,23543,3,1,8,suburban,734,yes,no,2431
31,male,7,sports,33901,3,0,13,urban,749,no,no,3688
30,female,9,truck,19034,4,5,12,urban,596,no,yes,4216
74,female,4,truck,32120,2,6,50,rural,436,yes,yes,3704
42,male,8,hatchback,6329,3,3,24,rural,696,no,no,2706
19,male,0,suv,46420,2,7,1,rural,483,no,yes,4044
52,female,1,suv,30382,0,6,34,suburban,711,yes,no,2361
24,female,18,sedan,8699,1,7,6,suburban,619,yes,no,2293
38,female,13,sports,43795,2,7,20,rural,625,yes,no,4143
35,female,19,sedan,15667,0,0,17,suburban,716,no,no,1279
20,female,9,hatchback,42591,1,0,2,suburban,389,no,yes,2465
59,male,8,hatchback,47115,3,7,41,suburban,740,yes,no,3928
71,female,9,suv,28459,3,1,50,suburban,374,yes,yes,3151
56,female,5,hatchback,11959,3,3,38,urban,566,no,no,3516
58,male,16,sports,34581,4,0,40,urban,611,yes,no,4126
66,male,5,truck,11210,4,3,48,rural,782,no,yes,3717
28,female,3,hatchback,17517,4,5,10,rural,327,yes,yes,4006
56,female,19,sedan,17620,4,1,38,suburban,641,yes,yes,2654
41,male,2,sports,41744,0,0,23,suburban,725,no,no,2333
63,female,18,hatchback,27804,0,3,45,urban,834,no,no,2081
36,female,17,hatchback,35568,3,4,18,suburban,709,yes,yes,3155
21,male,3,sports,22991,1,6,3,suburban,584,no,yes,3943
43,female,7,hatchback,13912,4,0,25,rural,405,no,no,3528
55,male,16,truck,37527,1,0,37,suburban,803,yes,no,1951
59,male,4,suv,35863,0,0,41,urban,345,no,yes,2788
49,male,12,sports,49827,4,3,31,suburban,746,no,yes,4452
56,male,0,sedan,38458,0,2,38,suburban,443,no,no,2307
62,female,12,hatchback,25407,0,7,44,suburban,836,no,no,2945
63,male,3,suv,17344,2,5,45,suburban,361,yes,no,3102
53,female,13,sedan,41205,0,6,35,suburban,381,yes,no,2626
57,female,2,sedan,7355,3,0,39,urban,635,yes,no,3061
54,female,4,truck,35893,0,4,36,rural,510,yes,yes,2731
50,female,6,suv,5749,4,4,32,suburban,699,yes,no,3249
53,female,0,sports,24435,3,7,35,rural,646,no,yes,4640
20,male,11,suv,43526,0,1,2,rural,497,no,no,2610
26,male,10,suv,23088,3,2,8,urban,676,no,no,3075
25,male,7,sedan,49405,0,2,7,rural,461,yes,no,2401
50,male,5,truck,43842,3,3,32,suburban,507,yes,no,4077
23,female,1,truck,29403,1,1,5,suburban,726,yes,yes,1874
58,male,18,suv,43042,2,6,40,suburban,343,no,no,4137
56,female,19,suv,44177,3,3,38,suburban,790,no,no,3913
21,female,19,hatchback,44056,4,1,3,urban,578,no,no,3572
30,male,13,sedan,27713,2,5,12,rural,445,yes,yes,3191
66,male,0,sports,5885,2,2,48,urban,368,yes,no,3700
19,male,9,sports,38632,0,6,1,rural,821,no,no,2774
22,male,15,truck,44685,3,5,4,urban,410,no,yes,4222
61,female,3,sedan,16686,2,6,43,urban,848,no,no,3702
44,female,10,truck,8054,4,3,26,urban,354,yes,yes,3640
49,male,15,sports,13977,4,1,31,suburban,522,yes,yes,3552
38,female,19,suv,30032,4,2,20,suburban,823,no,no,3731
25,female,0,sedan,13536,0,2,7,urban,445,no,no,2384
55,female,15,sedan,20070,1,7,37,rural,563,yes,yes,3087
25,male,18,hatchback,21937,3,6,7,rural,843,no,no,3274
67,female,8,suv,26500,2,6,49,suburban,767,no,no,3750
20,male,8,suv,45451,3,6,2,urban,486,yes,yes,4747
71,male,8,truck,15011,2,0,50,suburban,642,no,yes,2364
61,female,16,sedan,13896,0,7,43,suburban,398,no,no,2554
20,female,11,truck,34799,3,3,2,suburban,605,no,no,2797
39,male,12,suv,19582,0,0,21,urban,498,yes,no,2231
23,female,7,hatchback,44958,0,7,5,urban,453,no,no,3779
19,female,15,sedan,46912,3,6,1,suburban,395,no,yes,4163
40,male,17,suv,5814,3,6,22,urban,658,yes,no,3638
61,male,0,hatchback,14740,2,2,43,rural,698,no,no,2532
19,male,0,sports,29719,4,3,1,rural,675,no,no,4221
55,male,11,suv,40545,0,3,37,suburban,627,yes,yes,2721
34,female,5,sports,25150,1,5,16,rural,571,no,yes,3589
52,female,8,truck,9958,2,4,34,suburban,594,no,no,2969
51,male,4,sports,8825,2,7,33,suburban,694,no,yes,3347
40,male,15,suv,19800,4,1,22,suburban,771,yes,yes,3259
47,male,17,sports,14999,4,4,29,urban,847,no,no,4138
69,female,16,sedan,25854,0,4,50,urban,317,yes,yes,2751
25,male,17,suv,32315,2,6,7,urban,376,yes,yes,3853
39,female,0,hatchback,44540,2,2,21,urban,348,yes,no,3596
61,male,18,sports,14481,1,5,43,suburban,797,yes,yes,2851
53,male,7,sedan,22246,0,1,35,urban,725,yes,yes,1846
22,male,2,truck,27601,0,6,4,rural,428,yes,no,2967
30,female,4,truck,15677,4,6,12,rural,818,yes,no,4007
46,female,7,sports,34552,0,4,28,urban,603,no,yes,3346
48,female,18,truck,27322,1,4,30,rural,411,no,no,3070
64,male,17,hatchback,7355,0,3,46,rural,662,yes,no,1632
74,female,17,suv,14157,3,2,50,urban,365,no,yes,3797
72,female,0,sedan,40163,3,4,50,suburban,330,no,yes,4554
33,male,14,sports,30914,1,1,15,suburban,594,no,no,2761
59,male,17,truck,38292,4,0,41,suburban,618,yes,no,3068
47,female,6,suv,5561,2,6,29,urban,313,no,no,3592
74,female,15,hatchback,13167,0,0,50,suburban,541,yes,yes,1548
72,female,15,truck,21184,4,2,50,suburban,652,yes,yes,3395
33,female,14,truck,29497,4,0,15,rural,547,no,yes,3221
29,male,5,sedan,28800,0,3,11,suburban,767,yes,no,1996
34,male,8,hatchback,42432,2,3,16,urban,687,yes,yes,3131
33,male,6,hatchback,6205,0,1,15,suburban,741,yes,yes,1079
29,female,13,sports,17039,2,5,11,rural,641,no,no,3380
25,female,10,sedan,40006,1,2,7,rural,815,no,yes,2711
37,male,15,sports,22544,2,2,19,rural,344,no,no,3268
20,male,5,sedan,17987,4,6,2,rural,718,yes,no,3668
33,female,15,hatchback,10239,1,0,15,suburban,502,no,no,1629
47,female,19,sedan,49785,3,4,29,rural,838,no,no,3501
62,male,15,sedan,28358,1,4,44,rural,685,no,no,2334
40,male,11,sedan,22138,2,5,22,rural,659,yes,yes,2876
45,male,16,suv,27984,1,6,27,suburban,767,yes,no,2929
68,female,4,suv,33428,1,4,50,urban,504,no,no,3885
57,female,12,hatchback,14096,3,5,39,rural,546,yes,no,3386
71,female,7,sedan,29536,2,7,50,rural,348,no,no,4092
22,female,4,hatchback,7621,4,6,4,rural,665,no,yes,3625
37,female,11,suv,40958,1,7,19,suburban,552,yes,yes,3677
57,female,8,sedan,8948,0,1,39,suburban,377,yes,yes,1445
73,male,2,sports,6287,4,2,50,rural,716,yes,yes,3791
61,male,2,suv,28902,1,0,43,urban,334,yes,no,2990
18,female,0,suv,26164,4,1,0,rural,737,yes,no,3383
74,male,17,suv,20668,0,3,50,urban,611,yes,no,2358
47,female,11,sedan,6772,4,3,29,urban,442,no,yes,3994
38,male,8,truck,37238,4,3,20,suburban,496,no,no,3945
37,female,8,sports,43968,0,5,19,suburban,559,yes,yes,3451
23,male,17,sports,20762,0,5,5,suburban,665,yes,no,2528
39,male,17,hatchback,40906,0,6,21,urban,491,no,no,3204
35,female,6,sedan,12213,3,2,17,urban,786,no,yes,3221
25,female,3,suv,19941,0,3,7,urban,833,yes,no,2246
56,male,12,truck,35345,4,5,38,suburban,323,yes,no,3965
49,male,16,sedan,40184,0,6,31,suburban,374,no,no,3176
50,female,1,sedan,20964,1,5,32,suburban,693,no,no,2680
70,male,13,truck,31855,0,4,50,rural,757,no,no,1938
33,female,2,suv,22968,0,5,15,urban,409,no,yes,3093
29,female,4,sedan,6046,2,3,11,urban,389,no,no,2802
55,male,13,sports,19909,4,1,37,rural,336,yes,no,4178
69,female,2,sports,18578,4,3,50,urban,606,no,yes,4529
51,male,6,truck,28368,1,6,33,urban,361,yes,no,3347
31,male,17,suv,33599,3,6,13,rural,604,no,no,3934
53,female,12,truck,10719,2,6,35,urban,478,yes,no,3591
50,male,9,sedan,20960,1,4,32,suburban,839,no,no,2387
40,female,12,sports,28606,1,3,22,rural,743,yes,no,2593
67,female,15,hatchback,20624,4,0,49,urban,818,no,no,3153
62,female,8,truck,44179,2,4,44,suburban,335,yes,yes,3502
19,male,1,hatchback,45842,4,2,1,urban,777,no,yes,4246
58,female,4,hatchback,15352,3,3,40,rural,372,yes,no,3050
38,male,16,sports,35885,4,5,20,suburban,329,yes,no,4808
19,female,3,truck,20003,0,1,1,urban,602,yes,no,1650
44,female,16,hatchback,14223,4,3,26,rural,646,yes,no,3321
74,female,8,sedan,36433,0,1,50,urban,810,no,no,2375
26,male,19,suv,17718,1,6,8,urban,816,no,yes,3006
18,male,1,suv,6315,3,6,0,suburban,364,yes,no,3596
28,female,17,sports,26553,0,0,10,urban,752,no,yes,1969
20,female,10,truck,29682,3,2,2,rural,828,yes,no,2778
69,male,12,truck,24464,4,5,50,rural,668,no,yes,4059
40,male,7,suv,46704,4,4,22,suburban,336,no,yes,4884
43,male,0,sedan,36419,1,7,25,suburban,680,yes,yes,3107
21,female,16,suv,18767,4,7,3,urban,518,no,yes,4518
35,male,11,suv,11466,0,4,17,rural,545,yes,no,2027
72,female,3,truck,36028,1,2,50,suburban,849,no,no,2608
23,male,12,hatchback,42858,3,0,5,urban,550,no,no,3619
52,female,8,sedan,9240,1,0,34,urban,645,no,no,2219
39,female,6,truck,36459,3,6,21,rural,771,yes,no,3758
60,female,4,suv,30396,2,3,42,rural,421,no,yes,3720
32,male,4,hatchback,21795,0,0,14,urban,625,yes,no,1479
39,male,16,sedan,29689,0,3,21,rural,827,yes,yes,1807
54,male,8,sports,19910,3,1,36,urban,420,no,no,4126
69,female,5,sedan,7446,4,2,50,urban,438,yes,yes,3790
59,female,18,sedan,8346,4,1,41,rural,386,no,no,3237
29,male,15,suv,45517,2,7,11,suburban,429,yes,yes,4105
64,female,1,suv,9142,3,1,46,urban,551,no,yes,3734
66,female,9,sports,21070,2,1,48,rural,659,yes,no,3200
59,female,15,sports,12087,3,1,41,urban,729,yes,yes,2908
55,male,4,sports,28752,2,4,37,urban,346,yes,yes,4512
35,female,14,truck,20635,3,0,17,urban,800,yes,no,2335
62,male,12,truck,27218,0,2,44,rural,724,no,yes,1936
52,male,12,suv,36873,2,7,34,rural,674,no,yes,4238
47,male,12,suv,47965,2,7,29,rural,410,yes,no,4255
41,male,14,sports,19724,3,2,23,suburban,526,yes,yes,3725
59,male,13,truck,36351,1,7,41,urban,338,yes,yes,3714
47,female,7,hatchback,36433,1,7,29,suburban,434,yes,yes,3642
31,male,10,truck,14261,0,5,13,urban,594,no,yes,2712
23,male,17,suv,18479,4,1,5,rural,333,no,no,3344
20,male,3,truck,20804,4,7,2,urban,727,no,no,4298
33,female,9,suv,32245,0,2,15,urban,367,yes,no,2451
24,female,0,sports,17827,4,6,6,urban,498,no,no,5152
69,female,4,sports,47368,3,3,50,suburban,558,no,no,4698
31,female,12,sports,49700,1,2,13,rural,436,yes,no,3496
26,male,0,hatchback,17040,0,6,8,rural,680,no,yes,2128
32,male,7,hatchback,24477,3,1,14,urban,823,yes,yes,2951
38,female,2,suv,21127,0,2,20,rural,537,yes,yes,2284
52,female,2,sedan,26182,1,0,34,suburban,583,yes,no,2369
19,female,6,hatchback,31049,4,1,1,suburban,757,yes,no,3230
44,female,3,suv,29527,3,4,26,rural,434,yes,yes,3930
19,male,2,truck,17473,1,7,1,suburban,381,yes,yes,2907
52,female,14,sports,21709,0,6,34,suburban,508,yes,no,3200
35,female,7,sports,38974,2,0,17,rural,702,no,yes,3113
31,female,2,sports,47464,3,2,13,rural,487,no,no,4679
37,female,6,suv,18714,0,4,19,urban,792,yes,yes,2599
35,female,17,sports,39208,0,5,17,urban,554,no,no,3379
27,female,10,hatchback,36945,1,7,9,suburban,622,no,yes,3197
42,female,10,truck,26568,0,0,24,rural,724,no,no,1654
19,male,16,sports,14147,3,5,1,suburban,714,yes,yes,3218
42,male,5,suv,21267,3,3,24,rural,466,no,no,3826
71,male,7,truck,46514,0,0,50,suburban,784,yes,yes,2159
50,male,0,sports,36452,1,4,32,suburban,735,yes,yes,3189
53,male,9,sedan,10136,3,5,35,suburban,831,yes,yes,3035
48,male,18,sports,37579,2,3,30,urban,780,yes,no,3708
31,female,2,hatchback,36516,4,7,13,rural,479,yes,yes,4819
18,female,3,truck,16446,1,5,0,suburban,370,yes,yes,2526
63,male,10,hatchback,29524,1,2,45,urban,740,yes,no,2786
33,female,14,sedan,18188,4,1,15,suburban,438,no,yes,2962
71,male,0,sedan,43587,4,7,50,suburban,401,no,yes,5441
63,female,8,hatchback,45837,3,5,45,rural,767,yes,yes,3971
69,female,10,truck,10560,0,2,50,suburban,582,no,yes,1881
20,female,18,sedan,48227,0,1,2,rural,328,no,yes,2417
52,female,12,sedan,41397,2,1,34,urban,317,yes,yes,3148
58,female,15,sports,16657,0,4,40,urban,807,no,yes,2821
23,female,3,suv,43082,2,6,5,suburban,319,yes,no,4079
42,male,0,sedan,23840,2,3,24,urban,625,no,yes,3184
30,male,19,truck,46430,1,6,12,rural,655,yes,no,2725
70,female,12,truck,45397,1,7,50,rural,732,yes,yes,3228
51,male,0,sports,16324,3,3,33,urban,698,no,no,4056
25,female,4,truck,30247,4,0,7,rural,317,yes,no,3324
38,male,4,sports,22558,4,2,20,rural,849,no,yes,4035
51,female,13,sedan,24943,2,4,33,suburban,675,yes,no,2636
21,male,13,sedan,44460,4,5,3,suburban,639,yes,yes,4149
42,female,7,sedan,46986,2,2,24,rural,449,no,no,3757
32,male,3,sedan,49514,4,5,14,urban,532,no,no,4995
21,female,6,suv,20372,3,6,3,rural,403,no,no,4206
62,male,19,suv,17631,1,7,44,suburban,520,yes,no,3185
29,female,18,sedan,6472,1,5,11,urban,325,no,yes,2567
49,female,14,truck,31955,2,6,31,rural,363,yes,yes,3488
49,female,3,sports,35802,4,6,31,urban,553,no,no,5633
45,male,18,hatchback,9872,0,5,27,urban,548,no,no,2145
30,male,8,sports,32547,3,0,12,urban,430,no,yes,4206
48,male,12,hatchback,48341,4,6,30,rural,329,no,no,4844
31,female,13,hatchback,18691,0,0,13,suburban,309,no,no,1833
37,male,13,sedan,49250,3,4,19,urban,388,yes,yes,4396
35,female,9,hatchback,9753,3,0,17,urban,729,yes,no,2559
46,male,15,sedan,6833,1,4,28,rural,446,no,no,2370
23,male,4,suv,43696,2,0,5,suburban,426,no,no,3533
49,male,5,truck,13645,4,3,31,suburban,423,no,yes,4226
46,male,1,hatchback,44584,3,4,28,rural,640,yes,no,3638
60,female,12,truck,35441,4,3,42,urban,817,yes,no,4187
19,male,12,sedan,45024,3,6,1,rural,350,no,yes,4074
40,male,18,hatchback,48317,1,3,22,suburban,697,yes,yes,2428
36,female,17,sports,20062,2,7,18,urban,613,yes,yes,3798
48,female,18,suv,14635,0,4,30,urban,813,no,yes,2399
68,male,0,suv,25064,0,2,50,suburban,801,yes,yes,1926
22,male,7,hatchback,14940,1,6,4,urban,829,yes,no,3013
36,female,15,suv,40169,3,6,18,rural,718,yes,no,4045
51,female,1,sports,18111,1,1,33,suburban,493,yes,no,3084
27,female,7,truck,49131,2,7,9,suburban,611,no,no,3703
42,male,5,sports,34739,0,0,24,urban,598,yes,no,3095
19,male,15,suv,47746,4,5,1,suburban,628,yes,yes,3591
28,male,10,truck,22793,0,0,10,rural,775,yes,yes,1334
67,female,16,sports,23146,2,5,49,suburban,416,no,yes,4039
48,female,18,sedan,38677,3,2,30,urban,563,no,yes,3466
73,female,10,sedan,5760,1,1,50,suburban,816,no,no,1861
32,male,7,truck,28022,0,2,14,urban,818,no,yes,2233
26,female,3,truck,10612,0,1,8,urban,320,no,no,1676
40,male,10,truck,41008,4,4,22,rural,776,no,no,3732
36,female,7,sedan,32265,1,4,18,suburban,848,no,yes,3033
26,male,8,sports,5530,4,5,8,rural,472,yes,no,4233
52,male,1,truck,14551,4,3,34,rural,361,yes,yes,3981
38,female,15,sedan,33394,3,3,20,suburban,505,yes,yes,3708
26,male,5,truck,47987,0,5,8,rural,478,yes,yes,3043
45,female,18,truck,7560,1,7,27,rural,641,no,yes,2659
63,male,7,truck,23561,3,4,45,urban,739,yes,yes,3158
68,female,13,sedan,10103,3,7,50,rural,374,yes,no,3750
24,female,15,sports,29090,3,5,6,suburban,589,no,no,3710
33,male,11,sedan,22921,2,3,15,urban,443,yes,no,2859
33,female,4,sedan,47233,2,5,15,rural,507,no,yes,3790
50,male,18,truck,7781,3,4,32,rural,571,no,no,3102
21,female,17,hatchback,22330,2,2,3,suburban,714,yes,no,2204
21,female,8,hatchback,10257,1,0,3,rural,696,yes,no,1386
56,female,1,hatchback,39956,0,4,38,suburban,683,no,yes,2590
57,female,19,sedan,43831,1,5,39,rural,560,yes,yes,3261
34,male,11,truck,20615,0,4,16,rural,466,no,no,2383
54,female,1,hatchback,5881,2,4,36,suburban,317,yes,no,2780
56,female,9,suv,6847,1,3,38,urban,546,yes,no,2686
69,male,0,suv,44367,4,5,50,suburban,595,yes,no,4974
46,male,3,suv,27110,3,3,28,urban,713,no,yes,3772
69,male,11,sports,42336,0,5,50,urban,619,no,no,3360
53,male,8,truck,21314,0,3,35,suburban,480,yes,no,2437
55,male,3,sedan,35118,4,3,37,suburban,595,yes,no,4327
56,male,8,sedan,44931,4,2,38,rural,360,no,yes,4086
67,female,5,truck,48924,3,4,49,rural,508,no,yes,4296
54,male,0,sports,27966,2,7,36,urban,465,no,no,5281
69,female,9,truck,49023,1,2,50,rural,599,no,yes,3222
52,male,13,sports,16320,1,7,34,suburban,650,yes,yes,3320
24,female,17,hatchback,7216,1,3,6,urban,360,no,yes,2337
44,female,5,hatchback,30564,2,2,26,rural,562,no,no,3093
45,female,17,sports,43469,3,6,27,rural,423,no,yes,5141
39,male,19,truck,29401,1,6,21,suburban,537,no,no,3120
31,male,15,hatchback,16780,0,4,13,suburban,841,yes,yes,1651
24,male,14,truck,15694,0,4,6,rural,389,yes,yes,2025
54,male,15,hatchback,9809,0,3,36,urban,438,yes,no,2700
39,female,7,truck,21562,4,4,21,urban,661,no,no,3929
22,male,12,truck,37441,4,2,4,suburban,712,no,yes,3312
72,female,10,suv,45539,2,1,50,suburban,392,yes,yes,3339
19,female,6,sports,6929,1,4,1,suburban,433,yes,no,3099
44,male,16,sedan,34617,4,2,26,rural,503,no,yes,3586
38,male,17,sports,19244,0,6,20,rural,337,no,no,3209
71,male,18,truck,37879,4,6,50,suburban,756,yes,no,3997
55,female,12,truck,49179,0,2,37,urban,833,no,no,2206
32,male,14,sports,16116,1,7,14,suburban,737,yes,yes,2926
38,female,0,truck,27418,2,6,20,suburban,523,no,yes,3743
27,male,15,hatchback,20707,3,2,9,urban,467,yes,no,3603
40,female,4,truck,22765,3,7,22,urban,406,no,yes,4627
73,male,2,sports,40895,0,4,50,urban,679,no,no,3494
56,male,9,sports,18100,4,1,38,urban,323,no,yes,4651
22,female,18,sports,28867,4,3,4,rural,810,yes,yes,3795
18,male,4,suv,48971,0,3,0,rural,606,no,yes,2266
30,male,6,suv,6208,1,4,12,suburban,657,no,yes,2288
38,male,13,suv,49085,0,4,20,rural,669,no,no,2375
43,male,2,suv,5036,1,6,25,suburban,470,yes,yes,3144
67,male,12,suv,23212,2,0,49,suburban,521,no,no,3080
62,male,12,suv,16252,2,5,44,urban,742,yes,yes,3129
38,male,9,suv,24725,0,7,20,urban,452,no,no,3428
70,female,1,sports,12006,2,1,50,rural,675,yes,yes,2952
35,female,5,sedan,29059,4,2,17,rural,580,yes,no,3955
54,male,7,suv,10347,1,5,36,rural,518,no,yes,2772
62,male,3,sports,37171,3,2,44,rural,785,yes,no,4028
49,male,11,sedan,33517,3,5,31,urban,809,no,yes,3636
53,female,14,suv,29274,2,3,35,urban,634,no,yes,3445
34,female,7,sedan,38577,1,5,16,rural,709,no,yes,3099
52,male,6,sedan,32648,4,4,34,suburban,353,no,no,4189
66,female,13,hatchback,9118,3,1,48,urban,374,yes,no,3411
28,male,18,truck,22910,4,3,10,urban,648,yes,yes,3163
38,male,13,hatchback,18083,4,6,20,urban,692,yes,no,4176
69,male,12,sedan,18187,3,5,50,urban,456,yes,yes,4266
72,male,0,sports,5424,3,1,50,rural,380,yes,yes,3687
70,female,18,suv,31641,2,4,50,rural,507,no,yes,3573
43,female,0,truck,39750,1,6,25,suburban,385,no,no,3672
21,male,3,suv,20918,0,2,3,urban,746,yes,no,1957
51,female,9,sports,28154,1,6,33,rural,476,yes,yes,4308
69,female,2,truck,16992,0,7,50,rural,810,no,no,2487
65,male,19,hatchback,39001,3,7,47,urban,438,yes,no,4833
35,female,8,sedan,47757,4,0,17,rural,401,yes,yes,3661
57,male,2,sports,19546,1,1,39,rural,772,yes,yes,2915
52,male,5,sedan,46524,4,7,34,rural,841,yes,no,4967
58,male,5,sedan,8019,1,2,40,suburban,493,no,yes,2452
46,male,11,suv,6304,1,1,28,rural,785,no,yes,1898
69,female,0,sports,21832,4,1,50,urban,613,yes,no,4040
46,male,15,sedan,27791,2,1,28,urban,546,no,no,2895
55,female,4,hatchback,15022,3,4,37,urban,737,yes,no,3475
59,male,8,truck,15350,2,7,41,rural,372,no,yes,3923
38,male,9,sports,16818,2,3,20,suburban,368,yes,yes,3331
59,female,12,suv,38617,1,1,41,rural,451,no,no,3378
30,male,14,sports,8962,3,4,12,urban,393,no,no,3997
66,female,11,suv,9854,1,0,48,suburban,734,no,yes,1907
58,female,4,truck,39307,0,7,40,suburban,730,yes,no,2912
34,male,4,hatchback,7944,1,3,16,rural,756,no,no,1998
73,male,17,sedan,27327,4,4,50,urban,729,no,yes,3647
26,male,11,sports,8244,1,6,8,rural,528,yes,yes,3106
58,male,2,suv,27720,0,0,40,urban,329,yes,no,2554
18,male,6,truck,30090,1,6,0,suburban,634,yes,no,2682
19,male,16,sedan,39359,0,3,1,rural,476,yes,yes,2419
65,female,18,truck,12855,3,4,47,suburban,708,yes,yes,3063
46,female,17,hatchback,6601,1,0,28,urban,536,no,yes,2059
50,male,0,sedan,36952,0,4,32,suburban,577,yes,yes,2596
27,female,4,sedan,10690,3,0,9,suburban,376,yes,no,2998
67,female,1,sedan,17521,4,1,49,suburban,839,no,yes,3049
57,male,0,suv,39610,2,1,39,rural,457,yes,yes,3308
38,male,6,sedan,15483,0,7,20,urban,466,yes,no,2789
45,female,10,truck,13058,4,3,27,suburban,484,no,no,3835
28,male,10,suv,18704,3,0,10,suburban,688,no,no,2927
72,female,17,sedan,10565,4,1,50,suburban,311,yes,yes,3231
51,male,16,truck,48856,1,3,33,suburban,468,yes,no,3088
25,female,1,truck,42256,2,2,7,urban,725,no,yes,3340
39,female,6,sports,35615,0,1,21,urban,748,yes,yes,3028
25,female,6,truck,46674,3,1,7,rural,793,no,no,2863
66,female,9,hatchback,6927,2,5,48,urban,748,no,yes,3232
32,male,2,sedan,20512,3,4,14,urban,405,no,no,4015
34,male,11,sedan,13301,4,2,16,suburban,726,yes,no,2896
40,female,2,sedan,26313,3,0,22,rural,397,yes,yes,3161
41,female,10,truck,13457,3,3,23,rural,525,yes,yes,3322
62,male,11,truck,10492,4,2,44,suburban,746,no,yes,3271
36,male,3,sedan,8223,4,0,18,rural,775,yes,no,3131
22,female,15,suv,27511,2,1,4,urban,502,yes,no,3110
49,female,19,suv,26455,0,6,31,rural,596,no,no,2894
61,female,17,hatchback,38722,4,5,43,suburban,315,yes,yes,4338
18,female,3,sports,28434,2,7,0,rural,677,yes,no,3974
40,female,5,hatchback,35341,3,6,22,rural,635,no,no,3825
54,male,14,sedan,47309,3,7,36,rural,319,no,no,4558
25,female,0,sedan,20007,1,3,7,suburban,739,no,yes,2278
30,male,2,sedan,39342,4,3,12,urban,543,yes,yes,4429
25,male,4,sports,31799,2,2,7,rural,543,yes,yes,3479
74,male,16,truck,20674,2,7,50,urban,691,yes,no,3577
40,female,13,sports,20426,0,4,22,urban,561,no,no,3156
60,male,8,hatchback,12095,2,0,42,urban,519,yes,yes,2844
18,male,2,truck,49791,4,7,0,rural,307,yes,yes,4927
62,male,12,truck,29104,2,5,44,urban,745,yes,no,3284
68,male,2,hatchback,8255,1,7,50,rural,313,no,no,3538
41,female,10,truck,38826,3,7,23,rural,686,yes,no,3861
52,female,1,suv,39725,3,5,34,rural,321,no,yes,4614
41,male,14,hatchback,28032,2,6,23,urban,524,yes,yes,3615
34,male,12,hatchback,9944,2,2,16,rural,534,no,yes,2183
22,female,18,suv,42826,2,7,4,suburban,640,no,yes,3533
37,female,15,sports,35497,2,4,19,suburban,433,yes,no,3442
38,female,17,sports,32723,1,4,20,suburban,477,yes,no,3342
57,male,6,sports,40287,4,4,39,rural,819,no,no,4994
48,female,12,truck,16845,1,3,30,suburban,838,no,yes,1965
63,male,3,suv,29297,1,0,45,rural,736,yes,yes,1834
53,male,8,hatchback,7570,1,0,35,rural,350,no,no,2296
28,female,9,hatchback,32503,3,6,10,rural,742,no,yes,3559
69,male,8,hatchback,12450,1,7,50,urban,580,no,yes,3520
32,female,6,truck,25271,2,2,14,suburban,343,yes,no,3033
36,male,14,truck,45471,1,1,18,rural,664,no,yes,2434
24,female,7,sports,20898,2,2,6,suburban,568,yes,yes,3483
68,male,18,truck,19389,4,7,50,suburban,592,yes,no,4487
45,male,10,sports,30463,3,0,27,urban,493,yes,no,3635
68,female,4,sports,5744,4,7,50,suburban,670,no,no,4262
60,female,1,hatchback,27804,4,6,42,rural,377,no,yes,4875
22,female,9,truck,41282,3,3,4,rural,488,no,no,3594
22,female,15,sports,15871,2,7,4,suburban,689,yes,no,3317
47,male,12,suv,18536,2,2,29,suburban,324,yes,yes,2673
71,female,7,suv,28097,2,6,50,urban,601,yes,yes,3730
49,female,8,truck,5175,3,1,31,rural,657,yes,no,2308
25,male,10,hatchback,8217,1,5,7,suburban,393,yes,no,2301
27,female,10,hatchback,20106,0,2,9,suburban,635,yes,yes,1276
55,female,15,sports,35359,1,7,37,rural,463,yes,yes,4070
64,male,9,truck,27357,1,6,46,suburban,640,yes,yes,2670
49,female,11,suv,47354,4,4,31,urban,371,no,no,4905
65,female,5,sports,43570,0,1,47,suburban,341,no,yes,2734
45,female,11,sports,12034,2,4,27,suburban,710,no,no,3588
34,female,9,sedan,21263,1,3,16,urban,320,no,no,3098
48,female,17,truck,47180,3,0,30,urban,300,yes,no,3529
25,female,17,sports,13776,1,2,7,urban,375,no,yes,2865
57,male,3,suv,48822,2,6,39,rural,697,yes,yes,3918
42,female,8,sedan,14812,1,2,24,suburban,387,no,no,2382
26,male,6,suv,24739,4,4,8,suburban,316,yes,no,3879
19,male,17,hatchback,31925,4,4,1,urban,628,no,yes,3368
32,male,7,sedan,24575,1,0,14,rural,509,no,no,2141
67,male,10,sedan,27231,4,6,49,urban,682,no,yes,4116
20,female,6,sports,16399,3,2,2,suburban,445,yes,no,3672
66,female,8,hatchback,28100,0,6,48,rural,752,no,yes,2607
53,female,7,sports,15768,1,0,35,rural,692,no,no,2180
21,male,2,truck,38299,3,4,3,suburban,609,no,no,3434
31,female,16,suv,16357,3,7,13,rural,791,no,no,3944
58,female,1,suv,6437,3,5,40,rural,729,no,yes,3608
58,female,14,sports,29946,2,6,40,urban,300,yes,yes,4388
42,male,13,suv,25888,1,4,24,rural,340,yes,yes,3391
72,male,17,suv,10502,1,1,50,urban,511,no,no,2425
67,female,15,truck,45376,1,4,49,rural,632,yes,no,2654
27,male,19,hatchback,10566,0,4,9,urban,745,no,yes,1839
38,male,3,sedan,46576,3,6,20,urban,603,no,yes,4070
53,female,19,sports,9014,1,5,35,rural,453,no,yes,3568
29,male,5,sports,18613,4,0,11,urban,822,no,no,3878
44,male,5,truck,45167,2,1,26,suburban,324,yes,yes,3040
57,female,10,truck,38699,0,1,39,suburban,324,no,yes,2448
19,male,16,sedan,40233,2,2,1,rural,405,no,no,3088
71,male,2,hatchback,26814,3,5,50,rural,418,yes,yes,3950
30,male,12,sports,28386,4,7,12,rural,407,no,yes,4846
70,male,2,truck,46585,3,3,50,suburban,629,no,yes,3514
49,male,15,sports,43756,1,2,31,rural,479,yes,yes,3832
48,male,14,suv,12509,2,2,30,rural,430,yes,yes,2509
33,male,10,sports,27316,4,7,15,urban,467,no,no,5750
49,male,17,hatchback,16071,2,2,31,rural,522,no,yes,2542
49,female,14,hatchback,32742,0,1,31,suburban,768,no,yes,1897
51,female,4,sports,18228,4,0,33,suburban,577,yes,yes,4052
28,female,15,suv,16614,0,6,10,rural,489,no,yes,2780
27,female,15,hatchback,15301,4,7,9,suburban,830,no,no,3912
32,male,16,truck,40549,1,4,14,urban,825,no,yes,2608
34,female,8,sports,47851,2,1,16,urban,489,no,no,4021
57,female,2,suv,16374,2,4,39,rural,517,yes,yes,3108
35,male,19,truck,39407,3,7,17,rural,598,yes,yes,4166
72,male,12,sports,46741,4,4,50,urban,610,no,yes,4850
26,male,2,suv,18982,4,3,8,urban,535,yes,no,3833
42,male,6,truck,36258,0,6,24,rural,467,no,yes,2997
57,male,5,hatchback,15248,4,2,39,suburban,492,yes,yes,3173
31,female,8,sports,15515,2,3,13,rural,541,yes,yes,3447
42,male,11,sports,40042,4,2,24,rural,461,yes,yes,4294
67,female,14,hatchback,31809,3,1,49,rural,638,no,yes,2843
39,female,19,sedan,15830,3,4,21,rural,754,no,no,2470
69,male,2,truck,40248,2,3,50,rural,434,yes,yes,3899
47,female,9,hatchback,11799,2,7,29,rural,492,no,no,3193
37,female,0,sports,13547,2,7,19,rural,701,yes,no,3633
38,male,18,truck,36562,4,5,20,suburban,691,no,no,3542
61,female,18,truck,19328,4,1,43,rural,341,yes,yes,3204
49,female,12,sedan,17679,1,1,31,urban,392,yes,no,2818
68,female,11,sports,26058,0,7,50,rural,514,no,yes,3705
63,male,0,suv,37237,4,5,45,suburban,648,no,no,4365
66,male,18,sedan,24906,1,2,48,urban,812,yes,yes,2351
73,male,15,sedan,48427,1,4,50,rural,634,no,yes,2896
38,female,14,suv,43872,3,2,20,rural,698,yes,yes,3338
52,male,15,suv,21547,4,2,34,urban,463,yes,yes,4214
49,female,10,sedan,28306,1,1,31,rural,405,no,yes,2444
47,male,5,truck,33210,3,7,29,suburban,531,no,no,4418
72,female,10,hatchback,33239,0,2,50,rural,832,no,yes,2122
56,male,2,hatchback,32830,3,0,38,suburban,476,no,no,3341
66,male,14,sedan,8381,0,5,48,rural,593,yes,yes,2090
29,female,0,truck,39832,2,6,11,urban,564,yes,yes,4036
58,male,6,suv,44357,2,5,40,suburban,819,yes,yes,3776
64,female,0,sedan,33841,3,4,46,rural,569,no,yes,4253
35,male,16,sports,12447,2,5,17,rural,511,no,yes,3406
38,male,8,truck,25368,4,7,20,urban,462,yes,yes,4675
30,female,12,sports,25271,3,2,12,urban,352,no,yes,4024
38,female,10,sports,5339,1,2,20,suburban,532,no,yes,2906
25,female,19,sedan,24974,4,3,7,suburban,737,no,yes,3195
63,male,5,truck,31509,3,4,45,suburban,817,yes,no,3910
57,female,0,sports,42898,0,4,39,rural,343,yes,no,3586
63,male,6,truck,31221,2,5,45,rural,815,no,no,3535
24,female,11,hatchback,32263,2,2,6,suburban,391,yes,yes,2697
40,female,19,sports,12733,2,0,22,rural,737,yes,no,2372
61,female,18,sports,10049,3,7,43,urban,636,yes,yes,4309
49,female,16,truck,48086,4,7,31,rural,593,yes,yes,4610
28,female,3,hatchback,26088,0,3,10,suburban,563,yes,yes,2270
39,female,2,sports,20608,2,0,21,rural,404,no,no,3487
39,male,0,sedan,5638,4,7,21,urban,523,yes,no,4392
60,female,17,truck,12709,1,2,42,suburban,718,no,yes,1728
42,male,14,truck,10143,1,4,24,suburban,414,no,yes,2863
39,female,7,sports,6224,0,4,21,suburban,534,yes,no,2380
45,female,0,hatchback,49870,2,6,27,suburban,573,yes,no,4153
46,female,19,sports,42013,1,7,28,rural,529,yes,no,3893
30,male,13,suv,14741,4,0,12,urban,333,yes,no,3362
35,male,3,sports,27991,4,6,17,rural,687,no,no,4838
19,female,4,suv,45175,1,6,1,rural,800,no,no,3297
46,male,12,sedan,31081,2,1,28,suburban,761,no,no,2602
38,female,14,truck,20642,0,7,20,urban,748,yes,no,2091
32,female,5,truck,14567,2,7,14,rural,513,no,no,3626
69,male,0,hatchback,46627,3,2,50,urban,345,no,yes,4233
44,male,18,sports,43536,1,4,26,urban,704,yes,yes,3144
67,male,12,sedan,22399,3,5,49,urban,632,yes,yes,4029
48,male,5,suv,38103,1,1,30,urban,539,yes,yes,3297
32,female,14,hatchback,20330,0,4,14,rural,553,no,no,2302
68,male,15,sedan,21464,2,5,50,urban,527,yes,yes,3844
40,male,15,sedan,7134,2,4,22,rural,465,no,yes,2867
41,female,9,suv,34662,1,1,23,urban,810,yes,yes,2453
61,male,8,suv,5184,4,0,43,urban,689,no,no,3253
30,male,8,truck,35387,3,2,12,rural,722,no,no,3002
39,male,16,sports,45824,2,6,21,suburban,710,yes,no,3871
60,male,16,hatchback,12263,2,1,42,rural,746,no,yes,1903
54,female,16,sports,18191,1,1,36,urban,702,yes,yes,2449
50,female,11,hatchback,8514,4,6,32,rural,396,yes,yes,4134
73,male,12,sedan,37734,3,7,50,urban,678,yes,yes,4356
20,male,11,suv,11077,4,4,2,rural,485,no,no,3755
71,female,13,suv,40120,4,7,50,rural,543,no,no,4906
36,male,9,sedan,14500,1,5,18,rural,802,no,yes,2303
40,male,18,sedan,19992,4,6,22,suburban,587,yes,yes,3693
46,male,1,hatchback,15133,3,1,28,rural,668,no,no,2792
47,male,3,sedan,11405,0,7,29,rural,364,no,yes,2957
56,male,18,hatchback,35269,0,2,38,suburban,461,yes,no,2688
61,male,6,sports,21874,3,6,43,suburban,717,yes,no,3931
64,male,14,suv,36457,1,6,46,urban,780,yes,no,3619
42,male,14,suv,22085,2,0,24,urban,568,yes,yes,2800
54,male,5,suv,40702,1,5,36,rural,489,yes,no,3333
64,female,2,sports,19347,3,7,46,urban,705,yes,yes,4401
25,female,5,sports,18502,4,0,7,rural,788,yes,yes,3448
59,female,15,truck,18848,0,7,41,suburban,611,no,no,2210
33,male,1,hatchback,27421,4,0,15,suburban,393,yes,yes,3377
25,male,6,hatchback,19426,1,2,7,rural,689,yes,yes,1835
18,female,10,truck,9695,3,4,0,urban,846,yes,no,2885
61,male,6,suv,20860,0,5,43,urban,710,yes,yes,2519
22,female,3,hatchback,30710,3,5,4,urban,511,yes,yes,3643
20,male,19,hatchback,30411,0,7,2,rural,668,no,yes,2390
18,female,6,suv,13843,0,6,0,urban,467,yes,yes,2890
21,female,3,sedan,36152,0,2,3,suburban,313,no,yes,2223
57,female,11,sedan,20573,1,7,39,suburban,506,no,yes,3353
52,male,4,truck,43334,3,5,34,suburban,342,yes,yes,4496
49,female,18,sports,35737,2,1,31,suburban,741,yes,yes,3044
59,male,4,hatchback,43767,2,3,41,suburban,814,yes,yes,3426
51,male,18,hatchback,33256,2,6,33,suburban,694,no,yes,3697
60,male,2,truck,41634,3,3,42,suburban,537,yes,no,4458
42,male,10,truck,46705,4,3,24,suburban,830,no,yes,3706
27,male,6,hatchback,7002,3,0,9,suburban,703,no,no,2048
38,male,16,suv,21623,0,7,20,rural,513,yes,yes,2743
63,male,8,suv,46815,4,5,45,rural,673,yes,yes,4507
56,female,8,sports,27251,0,7,38,suburban,431,no,yes,3972
44,female,9,hatchback,17707,0,6,26,suburban,308,no,no,2764
44,female,12,hatchback,29117,3,2,26,suburban,452,yes,yes,3081
19,male,14,hatchback,27743,2,5,1,urban,730,yes,yes,2967
58,male,4,hatchback,15790,4,2,40,rural,782,no,yes,3337
65,male,2,truck,37620,1,7,47,suburban,604,no,yes,3099
30,male,7,sedan,20596,2,5,12,rural,583,yes,no,3209
26,female,19,hatchback,35339,1,6,8,suburban,771,no,yes,2514
69,male,9,sedan,39121,3,7,50,urban,489,yes,no,4412
53,female,12,suv,47995,4,6,35,suburban,827,yes,yes,4355
39,male,2,sports,46446,3,0,21,rural,811,yes,yes,3776
59,female,7,suv,25698,1,6,41,rural,642,no,no,3184
43,male,8,hatchback,44632,0,1,25,rural,729,no,no,2056
71,female,11,suv,19716,3,3,50,rural,333,no,yes,3932
29,male,10,truck,35806,4,3,11,suburban,770,yes,no,3738
34,female,1,sedan,22868,3,5,16,urban,693,yes,yes,3703
31,male,17,hatchback,36130,2,0,13,urban,794,yes,yes,2535
31,female,8,truck,11125,3,3,13,suburban,812,no,yes,2833
74,female,1,sedan,46972,1,5,50,suburban,621,yes,no,3214
51,male,1,truck,40115,3,6,33,rural,414,yes,no,3907
70,female,2,suv,41476,4,4,50,suburban,513,yes,yes,4976
74,male,15,hatchback,34046,3,5,50,urban,444,no,yes,4455
37,male,18,suv,27760,3,2,19,suburban,477,no,yes,3226
28,male,3,sports,15114,4,3,10,suburban,659,no,no,4232
33,female,17,hatchback,5637,3,3,15,urban,584,no,no,3154
68,female,19,suv,43634,4,4,50,urban,544,no,yes,4906
48,male,17,hatchback,28177,1,6,30,suburban,505,no,yes,3353
72,male,9,sedan,40776,4,1,50,rural,641,no,no,3734
23,female,10,hatchback,28600,1,7,5,rural,659,yes,no,3054
73,female,16,hatchback,21251,1,5,50,rural,798,yes,no,2429
36,female,19,sedan,31809,4,1,18,urban,440,yes,no,4119
54,male,15,suv,28756,3,5,36,urban,521,yes,yes,4114
21,male,19,hatchback,43368,2,4,3,rural,688,no,no,3250
64,male,12,truck,16649,4,1,46,suburban,629,no,no,2669
21,male,1,hatchback,16366,3,0,3,suburban,692,yes,yes,2197
37,male,1,suv,16880,1,4,19,suburban,657,yes,no,2567
27,female,13,sedan,22783,0,6,9,urban,693,no,no,2415
41,male,3,suv,27226,2,7,23,urban,339,no,yes,4339
71,female,16,sports,46209,3,5,50,rural,572,no,yes,4897
52,female,12,hatchback,10320,2,2,34,suburban,719,yes,yes,1948
43,male,3,hatchback,13727,0,6,25,urban,369,no,yes,2721
54,female,2,sedan,16724,0,6,36,urban,757,yes,no,2620
55,male,11,hatchback,44211,0,2,37,rural,533,no,yes,2460
38,female,7,truck,24933,4,2,20,suburban,496,no,yes,4051
71,male,1,truck,18394,2,5,50,urban,808,yes,no,3319
57,male,5,suv,44720,4,6,39,urban,835,no,yes,5148
56,female,9,sedan,46417,0,3,38,urban,446,yes,yes,3111
38,male,11,sports,24122,3,4,20,urban,758,no,yes,3987
27,female,9,suv,41137,0,4,9,suburban,366,no,no,2526
55,male,9,sedan,36437,4,7,37,rural,329,yes,no,4955
63,male,2,sedan,25519,0,1,45,suburban,406,no,no,2049
21,male,19,suv,12983,0,4,3,rural,689,no,no,1698
74,female,9,suv,49656,4,7,50,urban,705,no,yes,5247
62,female,8,hatchback,10635,4,7,44,suburban,420,no,no,4342
37,male,19,sports,41837,3,6,19,rural,310,no,no,4929
34,female,18,truck,44019,4,4,16,rural,646,no,yes,3881
72,male,13,hatchback,49347,3,6,50,urban,552,no,no,4826
24,female,1,sedan,24622,1,1,6,rural,418,no,no,2651
21,female,4,sports,43505,1,4,3,rural,819,no,no,3535
46,male,19,sports,14439,4,4,28,rural,514,yes,no,4086
31,male,7,suv,32909,0,7,13,urban,379,no,no,3328
20,male,6,sports,40341,2,0,2,suburban,718,no,yes,2952
41,male,5,sports,37893,0,5,23,urban,588,no,yes,3828
54,male,10,sedan,47189,4,1,36,rural,533,yes,yes,3764
33,female,11,hatchback,16403,3,0,15,rural,560,yes,no,2746
72,female,17,sports,39074,0,3,50,suburban,321,yes,yes,3110
69,male,18,suv,39869,1,1,50,rural,377,yes,yes,2313
21,male,9,hatchback,37903,4,6,3,suburban,313,yes,no,4146
73,male,13,suv,31953,0,5,50,rural,447,yes,yes,2381
41,female,2,sports,12311,0,4,23,rural,329,no,yes,2852
51,male,17,hatchback,37025,3,6,33,urban,737,yes,no,4155
47,male,14,sports,25615,3,4,29,urban,829,no,yes,3759
35,female,5,sedan,38580,3,0,17,suburban,362,no,yes,3107
36,female,9,hatchback,31320,2,0,18,urban,729,no,no,2638
48,female,11,suv,47898,4,3,30,suburban,434,yes,no,4270
36,female,6,sedan,28952,4,3,18,urban,456,no,no,4105
66,male,16,truck,22254,1,5,48,suburban,553,no,no,3093
63,female,0,suv,20227,1,4,45,rural,486,yes,no,3020
36,female,17,sports,18760,4,6,18,suburban,678,yes,no,3902
39,male,14,suv,13826,0,2,21,urban,626,no,no,1543
41,male,18,truck,18939,4,6,23,suburban,498,yes,yes,4455
62,male,0,suv,38436,2,7,44,urban,470,yes,no,4854
29,female,4,sedan,22677,1,3,11,rural,614,no,no,2198
47,male,14,suv,13460,1,4,29,urban,305,no,yes,3111
55,female,2,hatchback,13673,1,6,37,rural,555,no,no,3020
70,female,0,truck,32866,4,6,50,rural,619,no,no,4509
48,female,7,suv,41158,1,3,30,urban,547,no,no,3437
53,male,11,truck,14453,1,7,35,rural,303,no,yes,3030
36,female,18,sedan,20904,4,6,18,urban,812,no,yes,4119
65,male,11,hatchback,20396,0,6,47,suburban,805,no,yes,2658
62,male,12,sports,33370,1,1,44,rural,330,yes,yes,3295
53,male,0,suv,26933,1,7,35,suburban,574,yes,no,3900
47,female,18,sedan,35349,1,0,29,suburban,624,yes,yes,1809
72,female,5,truck,9334,2,4,50,urban,476,yes,yes,3247
66,female,7,truck,36460,4,6,48,urban,586,yes,yes,4566
72,male,3,sedan,32268,1,3,50,rural,378,no,no,3124
50,female,4,suv,27068,2,0,32,urban,542,yes,yes,3307
35,female,6,sports,33247,0,7,17,suburban,800,yes,no,3139
69,female,3,suv,28134,0,6,50,suburban,504,no,no,3107
66,female,19,hatchback,21285,2,6,48,suburban,759,yes,no,3219
45,female,3,suv,40003,0,2,27,rural,682,no,yes,2506
64,male,14,hatchback,26367,3,3,46,urban,632,yes,no,3649
28,male,4,truck,29136,0,4,10,suburban,465,yes,no,2272
74,male,8,hatchback,42787,3,1,50,rural,460,no,yes,3614
71,male,1,sports,29425,2,0,50,urban,305,yes,yes,4069
62,female,6,sedan,34465,3,7,44,urban,504,yes,no,4649
50,male,16,hatchback,23961,0,0,32,suburban,831,yes,no,1175
34,female,15,suv,38443,1,1,16,rural,399,no,no,2663
23,male,16,hatchback,23823,3,4,5,suburban,344,no,no,3449
21,male,19,truck,14873,0,5,3,suburban,756,no,no,1968
37,male,1,hatchback,10587,1,7,19,rural,526,no,yes,3099
65,female,10,sports,43713,2,2,47,suburban,614,no,no,3807
64,female,1,hatchback,30852,2,5,46,rural,351,yes,no,3765
44,male,0,sports,42535,4,7,26,rural,445,yes,yes,5345
32,female,1,suv,12004,2,6,14,suburban,580,no,no,3409
23,male,8,truck,45496,4,1,5,suburban,422,no,no,3864
64,male,1,sedan,32823,2,2,46,urban,770,yes,no,2894
31,male,14,suv,44377,2,4,13,urban,596,no,yes,3929
28,female,9,suv,12131,2,3,10,rural,811,yes,no,2800
56,male,14,sedan,22696,4,3,38,rural,801,no,yes,3467
26,male,9,hatchback,30649,4,7,8,rural,501,no,yes,4404
43,male,16,hatchback,9099,3,7,25,urban,714,yes,yes,3890
33,female,8,hatchback,36571,0,5,15,suburban,721,yes,no,2140
22,male,17,truck,35580,0,4,4,suburban,819,no,yes,1874
74,female,3,suv,33664,0,2,50,urban,372,no,no,3344
69,male,8,sports,20582,2,7,50,suburban,644,yes,no,4018
27,female,15,sedan,31469,0,7,9,suburban,326,yes,yes,2763
67,male,3,suv,27402,4,5,49,suburban,468,no,no,4854
20,male,15,hatchback,29236,3,1,2,urban,508,yes,yes,3369
30,female,18,sedan,30110,1,5,12,rural,842,no,yes,2294
60,female,0,sports,28430,3,4,42,suburban,844,no,no,3689
66,male,5,suv,49407,0,6,48,suburban,609,no,no,3129
47,female,9,suv,42948,0,4,29,rural,479,no,no,3275
71,male,15,truck,22763,4,3,50,suburban,737,no,no,3449
62,male,3,suv,22029,3,1,44,suburban,776,no,no,3247
23,male,12,suv,43180,4,3,5,rural,694,no,yes,3985
34,female,15,sports,9652,4,2,16,urban,841,yes,no,3399
62,male,19,sports,11834,1,2,44,urban,356,yes,no,2980
68,female,5,sedan,42219,4,0,50,suburban,473,no,no,4081
70,male,10,hatchback,27487,4,4,50,suburban,625,yes,yes,3592
36,female,2,sports,12084,1,1,18,rural,621,no,yes,2369
59,female,19,sedan,19692,2,1,41,rural,482,no,yes,2732
52,male,9,suv,7655,2,3,34,suburban,534,yes,no,2942
63,female,0,sedan,45201,1,5,45,suburban,485,yes,yes,3778
43,male,19,sedan,39082,4,5,25,urban,565,no,yes,4738
68,male,10,sedan,10272,0,3,50,urban,628,yes,no,1754
22,male,11,sedan,5218,3,6,4,urban,664,no,no,3253
46,male,13,sports,35892,0,5,28,urban,323,yes,no,3606
54,male,7,hatchback,42471,0,1,36,rural,560,no,yes,2732
37,female,10,sedan,26515,4,7,19,urban,654,no,yes,4320
66,male,3,truck,39307,3,7,48,urban,495,no,yes,4574
38,female,6,suv,18145,3,7,20,suburban,789,yes,no,3801
27,female,9,suv,22986,2,3,9,urban,632,no,no,2958
22,male,18,suv,24088,1,7,4,suburban,620,no,yes,2614
53,female,3,suv,10064,4,5,35,suburban,746,yes,yes,3775
23,male,1,suv,27196,3,0,5,urban,676,yes,yes,3338
43,female,17,sedan,16603,4,4,25,urban,502,no,no,3977
21,female,13,hatchback,7488,2,0,3,suburban,389,yes,no,2159
56,female,15,truck,30192,0,5,38,rural,476,no,yes,2845
56,male,10,sports,33897,3,2,38,suburban,331,no,no,4366
67,female,9,truck,23802,2,1,49,rural,542,no,no,2779
52,male,16,sports,21411,4,0,34,rural,369,yes,no,3624
18,female,13,sports,34666,2,0,0,urban,370,yes,yes,3291
41,female,3,truck,45975,2,3,23,urban,457,yes,yes,3987
74,female,18,sedan,17770,2,3,50,urban,848,no,no,3038
53,female,1,suv,12977,2,3,35,urban,625,no,no,2968
23,male,6,sedan,42429,2,5,5,suburban,334,no,yes,4150
58,male,8,suv,37031,2,6,40,rural,779,yes,yes,3395
71,female,18,hatchback,9549,1,6,50,suburban,759,yes,yes,2575
63,female,15,sports,25337,4,7,45,rural,715,no,yes,5050
61,male,15,truck,32365,0,2,43,suburban,718,yes,no,1849
74,male,17,hatchback,25645,4,0,50,rural,810,yes,yes,2873
48,male,10,suv,29507,3,4,30,urban,667,yes,yes,3630
37,male,6,sedan,9973,3,7,19,rural,506,yes,yes,3692
41,female,8,truck,13436,4,7,23,urban,660,no,yes,4419
42,female,3,sports,15086,2,3,24,rural,735,no,yes,2976
53,male,12,hatchback,22740,1,2,35,suburban,569,no,no,2172
38,male,3,sports,30518,0,5,20,rural,532,yes,no,3377
47,male,18,suv,24851,2,7,29,suburban,405,yes,no,3828
41,male,1,sports,44732,4,2,23,suburban,317,yes,yes,5178
61,male,8,sedan,19842,4,3,43,urban,794,no,yes,3555
59,male,11,hatchback,34954,1,1,41,rural,559,yes,no,2552
47,female,1,hatchback,6745,1,7,29,suburban,784,no,yes,2937
39,female,5,sedan,17697,4,0,21,rural,612,no,yes,2998
45,female,4,sports,31933,2,3,27,urban,401,no,yes,4214
24,male,4,sedan,8879,2,4,6,urban,836,yes,yes,2895
52,male,19,truck,25161,2,0,34,rural,479,no,yes,2458
72,male,4,sedan,23499,0,2,50,suburban,809,no,yes,2140
45,female,3,sports,27641,0,6,27,suburban,776,yes,no,2782
31,male,8,sedan,40035,2,4,13,suburban,699,no,yes,2831
73,male,9,suv,23651,4,0,50,rural,649,yes,no,3248
27,female,15,sedan,14688,1,7,9,suburban,514,no,yes,2441
33,male,9,sedan,15988,3,7,15,suburban,682,yes,yes,3416
33,female,9,sports,28470,1,4,15,suburban,423,no,yes,3152
71,female,18,truck,42249,1,2,50,urban,591,no,yes,3286
48,male,9,truck,28849,3,7,30,suburban,627,no,no,3869
59,female,5,sports,38697,2,7,41,rural,397,yes,yes,4630
42,male,16,sports,12773,1,3,24,rural,599,yes,no,2962
30,female,4,sports,41092,3,6,12,suburban,329,yes,no,4852
23,male,5,suv,34076,4,4,5,rural,373,no,no,4362
61,female,14,hatchback,9587,4,3,43,rural,471,yes,no,3902
26,male,18,sedan,38124,4,6,8,suburban,383,yes,yes,4401
62,female,17,sports,20787,2,2,44,urban,589,yes,no,3825
53,female,3,sports,25448,1,6,35,suburban,384,yes,yes,4043
73,female,7,sports,10499,1,2,50,rural,553,no,no,3203
60,male,15,truck,8841,0,7,42,rural,818,no,no,2614
37,male,18,sports,49890,4,4,19,suburban,751,no,no,4646
35,female,19,sedan,30402,2,4,17,rural,606,no,yes,2796
60,male,2,sports,28055,3,2,42,urban,483,no,no,4401
74,female,9,sedan,44827,2,4,50,suburban,613,no,yes,3380
38,male,1,suv,5665,1,7,20,rural,640,yes,no,2592
21,female,3,hatchback,37271,4,4,3,urban,526,no,no,4740
67,male,5,truck,28237,0,4,49,rural,563,yes,no,2442
50,female,10,sedan,47988,2,5,32,urban,749,no,yes,3824
44,female,13,suv,33267,0,4,26,rural,550,yes,yes,2802
24,female,15,hatchback,15774,1,0,6,suburban,707,no,yes,1540
23,female,18,hatchback,5553,3,2,5,rural,469,no,no,2576
32,male,1,hatchback,18860,2,2,14,suburban,431,no,no,3061
35,female,16,sedan,29903,1,1,17,urban,345,no,no,2665
49,male,8,suv,12045,4,3,31,urban,649,yes,no,3141
73,male,16,sports,14380,2,1,50,rural,398,yes,yes,2965
28,female,14,suv,37917,0,4,10,suburban,336,no,no,3068
37,male,6,suv,37261,2,4,19,suburban,737,no,yes,3637
41,male,18,suv,18343,1,7,23,urban,374,yes,yes,3557
32,male,2,sedan,7853,1,7,14,urban,357,no,yes,3493
65,female,0,sedan,15128,0,6,47,rural,318,no,no,2671
24,male,3,sedan,7736,1,0,6,urban,701,yes,yes,1677
38,male,17,suv,38724,2,0,20,urban,487,yes,yes,3456
59,female,7,sedan,16440,0,0,41,suburban,438,yes,yes,1803
43,female,18,hatchback,10180,1,0,25,suburban,442,yes,no,1761
61,male,5,sedan,35284,1,0,43,suburban,407,no,yes,2598
73,female,0,truck,46375,2,0,50,urban,520,no,yes,3927
31,male,7,sedan,16646,1,0,13,rural,444,no,yes,2307
74,male,0,sedan,24029,2,0,50,rural,809,no,yes,2680
54,male,18,sedan,25158,4,6,36,urban,675,yes,yes,4116
38,female,10,sedan,19342,2,5,20,rural,304,no,yes,3205
35,male,14,truck,42781,3,0,17,urban,687,no,no,3359
22,female,10,sports,5084,1,2,4,rural,462,yes,yes,2341
20,female,18,sedan,6935,4,0,2,urban,664,no,no,2589
40,male,9,hatchback,35466,0,3,22,suburban,716,yes,no,1734
43,female,11,truck,47376,3,0,25,rural,808,yes,no,3244
54,female,0,sports,14262,0,5,36,suburban,320,yes,no,2961
41,female,6,sedan,16604,3,6,23,suburban,816,yes,yes,3427
66,female,16,sports,47481,4,7,48,rural,496,yes,no,5464
36,female,9,hatchback,28133,4,7,18,urban,644,no,yes,5037
68,male,5,truck,33667,4,4,50,suburban,629,no,yes,4126
42,female,16,truck,40241,3,5,24,suburban,677,no,yes,3252
38,male,17,sports,38503,2,5,20,urban,510,yes,no,4590
29,male,4,sedan,7838,0,4,11,urban,459,yes,yes,2264
74,male,17,suv,40330,2,0,50,rural,653,no,yes,2781
58,male,16,truck,18440,2,6,40,rural,539,yes,no,3184
50,male,15,suv,41674,1,6,32,urban,378,yes,yes,3897
67,male,7,truck,39040,0,0,49,suburban,451,yes,yes,2247
70,female,12,sedan,42604,3,4,50,urban,816,no,yes,3892
21,female,15,sedan,39630,1,3,3,rural,682,yes,no,2220
59,female,10,truck,41994,1,1,41,suburban,651,yes,yes,2355
74,male,5,sports,31339,4,2,50,suburban,500,yes,yes,4153
24,female,2,sedan,35384,3,4,6,rural,432,no,yes,3609
39,female,0,sedan,46782,2,0,21,suburban,468,yes,yes,3464
72,female,17,hatchback,37643,2,2,50,urban,690,no,no,3223
50,male,4,sedan,21926,2,7,32,rural,684,yes,no,3173
34,female,12,hatchback,43977,4,7,16,suburban,397,yes,no,4380
41,male,9,sedan,28652,2,0,23,rural,676,no,yes,2331
51,female,4,sedan,15270,0,1,33,suburban,639,no,yes,1747
45,male,13,sports,22268,2,1,27,urban,830,no,yes,3753
60,male,16,sports,41417,2,4,42,rural,431,yes,no,4466
58,male,0,sedan,25317,0,2,40,suburban,509,no,no,2218
56,female,1,truck,41434,4,5,38,urban,304,no,yes,4944
39,female,6,truck,20448,1,6,21,urban,676,no,yes,2719
66,male,9,sedan,14913,3,6,48,urban,353,yes,yes,3924
34,female,19,truck,13566,4,2,16,suburban,797,no,no,2913
51,male,6,sedan,37444,2,7,33,suburban,497,yes,yes,3890
23,male,15,sports,20605,1,5,5,urban,740,yes,no,3563
63,female,4,suv,5557,3,7,45,urban,479,yes,no,4053
23,female,11,hatchback,47240,3,1,5,urban,540,no,yes,3835
51,female,16,truck,49383,3,0,33,urban,619,no,yes,2989
18,male,15,truck,11040,0,6,0,urban,800,no,yes,2251
27,male,19,sports,38896,0,5,9,suburban,322,no,no,3009
38,female,15,truck,26804,1,5,20,rural,479,yes,yes,3071
22,male,18,sedan,14292,2,4,4,rural,474,no,no,2767
19,female,14,sedan,31110,1,3,1,rural,497,no,no,2376
39,male,11,suv,10349,2,1,21,suburban,837,yes,yes,1766
65,female,9,suv,35374,4,5,47,rural,753,no,yes,4151
74,female,1,suv,24009,3,7,50,rural,398,yes,no,4533
19,male,6,sedan,47591,3,7,1,rural,726,yes,no,4091
27,female,12,suv,5057,0,1,9,rural,752,no,yes,1206
51,female,2,suv,13503,4,7,33,urban,490,yes,no,5030
33,male,14,sedan,33293,4,4,15,suburban,798,yes,yes,3393
65,female,0,sports,47961,2,0,47,rural,490,yes,yes,3298
68,male,2,truck,24121,4,2,50,urban,440,no,yes,4348
56,female,9,hatchback,10493,0,1,38,rural,474,no,yes,2062
39,male,14,sedan,41645,2,4,21,rural,719,no,no,3377
29,female,5,sedan,7282,1,4,11,rural,733,yes,yes,1755
41,female,19,hatchback,28170,2,4,23,rural,739,no,yes,2674
64,female,14,hatchback,49143,1,6,46,rural,830,no,no,3437
57,female,6,suv,6431,2,7,39,urban,831,yes,no,3348
55,male,4,hatchback,39543,3,6,37,rural,660,no,yes,4026
27,male,3,truck,25591,1,6,9,urban,745,no,yes,2958
52,male,17,truck,16351,0,2,34,rural,656,yes,no,1214
68,male,2,truck,37483,1,6,50,suburban,358,no,no,3480
66,male,16,truck,36195,1,1,48,urban,466,yes,yes,3055
49,male,17,truck,42153,2,5,31,rural,562,no,no,3685
24,male,17,suv,27735,3,4,6,urban,730,no,no,3874
38,female,1,sedan,20203,2,2,20,rural,495,no,no,3083
37,female,12,hatchback,8974,2,6,19,rural,653,yes,no,3005
43,female,14,sedan,43673,3,0,25,urban,346,no,yes,3842
21,female,4,hatchback,42233,2,3,3,rural,608,no,yes,3191
63,male,2,suv,24686,3,1,45,rural,529,yes,yes,3504
69,male,4,suv,44713,0,2,50,rural,710,no,yes,3181
39,male,4,sports,48826,3,3,21,rural,615,yes,no,4184
32,female,4,sports,17636,4,3,14,rural,376,no,no,4008
73,male,2,suv,40070,3,6,50,rural,361,no,no,4790
57,female,2,suv,34123,3,2,39,urban,537,no,no,4041
38,male,19,hatchback,36812,4,7,20,suburban,377,no,yes,4794
32,male,17,suv,33760,3,5,14,rural,715,no,yes,3775
39,male,19,sedan,9966,1,5,21,urban,323,no,no,2821
69,male,3,hatchback,23426,2,2,50,suburban,328,yes,yes,2890
45,female,0,suv,19162,2,2,27,urban,790,no,yes,3137
31,female,15,hatchback,21058,0,4,13,suburban,434,yes,no,2022
44,male,7,hatchback,46482,0,0,26,suburban,650,no,yes,2102
58,female,16,truck,48667,4,5,40,suburban,649,yes,yes,4284
57,male,7,sports,7998,1,4,39,urban,580,yes,no,4027
45,male,6,hatchback,5909,0,7,27,suburban,775,yes,no,2014
43,male,7,hatchback,39648,2,3,25,rural,591,no,no,3392
66,male,11,truck,17497,0,3,48,rural,488,no,yes,2233
19,female,15,suv,23944,0,3,1,suburban,718,yes,no,1776
42,male,11,hatchback,12527,3,2,24,suburban,767,yes,no,2800
73,male,18,truck,43464,0,7,50,rural,505,yes,yes,3159
20,female,9,sedan,8072,4,1,2,urban,541,yes,yes,3770
25,male,6,truck,17018,2,4,7,urban,605,yes,no,2991
61,female,11,sports,34652,4,1,43,rural,483,yes,yes,4285
50,male,19,sports,9476,4,6,32,urban,777,no,yes,4306
59,male,4,suv,48835,1,0,41,urban,803,no,no,3219
69,male,15,suv,35232,3,0,50,suburban,427,yes,no,3430
52,male,8,sports,32482,4,4,34,urban,748,no,yes,4791
23,male,6,sports,42257,1,3,5,rural,529,yes,no,3400
56,male,19,hatchback,25875,2,6,38,urban,340,yes,yes,3700
69,female,13,sports,21219,2,5,50,suburban,691,no,yes,3496
40,male,10,suv,35448,1,7,22,rural,639,yes,yes,3481
42,female,6,sports,19367,4,0,24,rural,320,no,yes,4150
67,female,9,suv,30120,4,1,49,rural,646,yes,no,3517
60,male,8,sedan,11855,3,1,42,suburban,309,yes,yes,2929
36,female,3,sports,8097,3,5,18,rural,386,no,no,4165
22,male,15,suv,49585,2,2,4,suburban,844,no,yes,3075
68,female,9,truck,24889,3,3,50,suburban,638,no,yes,3061
28,male,18,hatchback,6084,1,2,10,urban,303,yes,no,1811
73,female,16,suv,38320,2,4,50,rural,322,no,no,3631
29,female,8,sports,26944,4,0,11,urban,496,yes,yes,4238
27,male,12,sports,38921,2,5,9,urban,797,yes,yes,3835
25,female,0,sedan,26857,0,5,7,suburban,572,no,no,2876
41,male,1,truck,23070,2,5,23,urban,750,yes,no,3255
45,male,12,suv,29475,3,2,27,urban,406,no,no,4309
58,male,8,truck,27219,1,7,40,urban,677,no,yes,3252
53,male,6,sedan,46457,4,2,35,rural,499,yes,no,4232
54,male,15,hatchback,36489,4,4,36,urban,301,yes,yes,4417
38,female,18,truck,28178,3,1,20,suburban,420,no,no,3221
25,female,6,sedan,18483,3,1,7,rural,448,no,no,3267
72,female,5,suv,49927,3,6,50,suburban,451,yes,no,4905
26,male,17,hatchback,38573,0,4,8,rural,605,no,yes,1740
64,female,18,sports,38688,1,7,46,rural,774,yes,no,3773
32,female,10,sedan,36529,0,5,14,rural,663,yes,no,2088
65,female,11,sports,39211,3,1,47,suburban,370,no,yes,4132
63,female,9,hatchback,44816,1,4,45,urban,332,yes,no,3714
57,female,12,sedan,38978,3,1,39,rural,456,no,yes,3310
35,male,11,sedan,34677,1,7,17,suburban,629,no,yes,3284
59,male,9,hatchback,21004,4,6,41,rural,686,yes,yes,3809
37,female,19,suv,15272,0,4,19,urban,458,yes,no,2939
23,male,17,sedan,11212,3,1,5,rural,838,yes,no,2247
29,male,3,hatchback,26071,3,5,11,suburban,526,no,yes,4212
19,female,4,truck,48108,2,7,1,rural,551,no,yes,4386
24,female,4,sports,14700,4,2,6,suburban,666,no,yes,3631
33,male,11,sedan,34980,3,7,15,urban,561,no,no,4289
20,female,2,truck,22297,0,2,2,urban,837,no,yes,2038
62,male,7,sedan,46349,4,7,44,rural,342,no,yes,4965
20,male,1,suv,33625,3,6,2,urban,830,yes,no,4473
44,female,17,hatchback,33831,0,5,26,suburban,315,yes,no,2542
67,male,8,sedan,34367,2,1,49,rural,404,yes,yes,2992
60,male,12,hatchback,40338,2,5,42,suburban,502,no,yes,3497
57,male,6,sedan,25121,0,4,39,rural,358,yes,yes,2581
55,female,9,suv,40547,4,2,37,suburban,347,no,yes,4116
50,female,8,suv,29914,0,0,32,rural,576,yes,no,2216
45,female,14,truck,49396,0,6,27,suburban,711,yes,yes,2818
18,female,4,suv,22178,2,1,0,suburban,477,yes,no,2673
72,male,11,hatchback,6722,2,0,50,rural,413,yes,no,2520
25,female,0,suv,18885,2,0,7,suburban,595,no,yes,2747
54,female,11,sedan,5102,3,7,36,urban,737,no,no,3362
49,female,5,suv,32435,3,6,31,suburban,565,yes,yes,4627
65,female,18,hatchback,18262,1,3,47,rural,461,yes,no,2285
60,male,18,sedan,12453,3,0,42,urban,803,no,yes,2780
54,male,15,truck,47407,4,0,36,urban,335,no,no,4278
21,male,18,truck,17224,4,5,3,suburban,757,yes,no,3407
47,female,2,truck,11172,2,3,29,suburban,670,yes,yes,2552
23,female,9,sedan,16252,0,3,5,suburban,785,yes,no,1361
63,male,17,truck,22918,2,3,45,urban,571,yes,no,3606
71,female,12,suv,12197,0,6,50,urban,478,yes,no,3210
36,female,17,sedan,36591,2,4,18,urban,779,yes,no,3251
49,male,2,sedan,18677,2,3,31,rural,458,no,no,2871
26,male,2,sedan,16039,4,5,8,rural,503,no,no,3875
29,female,11,sports,32785,0,4,11,suburban,577,no,no,3267
28,female,19,hatchback,9570,1,1,10,rural,442,no,no,1495
63,female,6,sports,11706,1,4,45,rural,819,yes,no,2926
72,male,7,sports,16655,2,1,50,suburban,811,no,yes,2771
33,male,8,sports,38202,2,3,15,suburban,415,no,no,3785
18,male,13,hatchback,14449,4,3,0,urban,691,no,no,3151
62,male,4,sports,29630,0,1,44,urban,642,yes,yes,2741
72,female,18,truck,14122,2,2,50,suburban,672,yes,no,2495
70,male,15,sedan,15991,1,5,50,suburban,668,yes,no,2464
38,male,11,sedan,29887,0,4,20,rural,514,no,yes,2614
47,female,3,suv,18859,2,5,29,rural,810,no,no,3250
30,female,7,truck,28640,0,5,12,rural,626,yes,yes,2304
51,female,6,hatchback,30532,4,0,33,suburban,336,yes,yes,3669
21,male,14,sedan,44229,1,3,3,suburban,679,no,no,1986
45,female,5,sports,43764,0,4,27,urban,811,yes,yes,3506
55,female,4,suv,42620,1,5,37,rural,623,yes,yes,3377
48,male,13,suv,7512,2,4,30,urban,668,no,no,2922
72,male,12,sedan,20446,3,5,50,suburban,523,no,no,3444
44,female,9,truck,26912,0,3,26,rural,399,no,yes,2421
22,male,17,suv,39031,1,5,4,urban,374,yes,no,3550
42,female,3,sedan,40515,0,1,24,suburban,736,no,yes,1937
20,female,7,truck,20416,2,3,2,urban,667,no,yes,2890
50,male,10,sedan,12280,2,4,32,rural,362,yes,no,3159
21,female,16,sedan,15974,1,6,3,urban,398,yes,yes,3463
42,male,17,truck,48746,4,2,24,urban,524,yes,no,4359
37,male,10,truck,48775,0,5,19,suburban,374,no,no,3127
51,male,15,truck,41531,0,1,33,rural,483,no,no,2145
43,female,11,sedan,17227,2,3,25,urban,592,yes,no,3044
22,male,12,suv,18031,0,0,4,suburban,356,no,yes,1763
52,male,15,hatchback,48283,1,6,34,rural,548,no,no,3836
45,female,0,hatchback,38000,3,6,27,suburban,768,no,no,4148
46,female,15,sedan,7028,2,3,28,rural,439,no,no,3081
26,female,14,sedan,35433,3,7,8,suburban,658,yes,yes,3380
69,female,5,suv,23313,0,6,50,suburban,707,no,no,2471
55,male,11,truck,14650,4,4,37,suburban,773,no,yes,3723
67,male,7,sedan,31224,1,4,49,urban,745,no,yes,3344
23,male,6,sports,35364,0,0,5,urban,531,yes,yes,2838
36,female,1,truck,23361,1,1,18,suburban,599,no,yes,1589
61,female,11,sedan,7413,0,4,43,rural,725,no,no,1639
74,male,13,sports,45794,0,1,50,suburban,460,no,no,3207
28,female,15,suv,36070,0,1,10,urban,700,yes,yes,1906
19,female,10,sports,43186,2,3,1,rural,677,no,yes,3595
64,male,19,sedan,27409,3,1,46,urban,556,yes,no,3812
61,male,8,hatchback,34854,4,5,43,suburban,793,no,yes,4417
61,female,9,sedan,36206,3,7,43,urban,788,yes,yes,4405
26,female,16,hatchback,34655,3,4,8,urban,481,yes,yes,3870
38,female,11,suv,14952,1,4,20,urban,825,no,no,2625
41,male,5,suv,41365,2,2,23,suburban,399,no,yes,3708
51,male,18,truck,22762,2,6,33,urban,657,yes,yes,3245
39,male,10,truck,5620,0,1,21,suburban,530,yes,yes,1519
20,male,8,hatchback,38697,3,2,2,suburban,305,no,no,3243
29,male,5,hatchback,20455,4,3,11,urban,389,no,yes,3986
45,female,15,suv,27210,1,2,27,rural,363,no,no,2894
47,female,19,sports,5974,2,6,29,urban,387,no,no,3749
43,female,15,hatchback,17679,0,1,25,urban,332,no,no,2146
65,male,5,hatchback,32429,4,7,47,urban,371,no,no,5231
38,male,4,sports,23073,3,6,20,rural,552,no,yes,4685
45,male,3,truck,9671,4,4,27,rural,406,yes,yes,3885
73,female,1,truck,35365,2,7,50,suburban,813,yes,no,3832
43,male,5,hatchback,13917,1,3,25,rural,435,no,yes,2443
50,male,8,truck,46121,3,1,32,rural,708,no,yes,3008
38,female,16,truck,12784,1,7,20,urban,420,no,no,3080
52,male,13,truck,38426,4,7,34,suburban,777,yes,no,4429
69,female,6,suv,40665,4,7,50,suburban,393,yes,yes,4878
51,male,18,sedan,17291,0,7,33,rural,804,no,yes,2072
58,male,0,hatchback,23926,3,7,40,rural,306,no,yes,4109
68,female,19,hatchback,31154,4,7,50,urban,490,yes,yes,4458
64,female,14,suv,30650,2,3,46,rural,756,yes,no,2743
35,female,17,sedan,8205,2,0,17,rural,685,yes,no,1884
28,female,2,sedan,41812,1,7,10,suburban,577,no,no,3552
74,female,17,suv,35294,2,1,50,rural,747,no,yes,2521
40,female,1,sports,41201,4,0,22,urban,351,yes,no,4606
65,male,9,sports,44479,2,7,47,suburban,704,no,yes,4531
39,male,10,sedan,12384,3,2,21,suburban,695,no,no,2326
34,female,2,sports,22261,1,1,16,rural,510,no,yes,3225
22,male,6,sports,8059,3,0,4,urban,569,yes,yes,3192
61,female,7,sports,36734,4,5,43,suburban,844,yes,no,4605
28,male,18,sedan,28391,4,4,10,urban,581,yes,no,4056
47,female,17,sports,20915,2,2,29,urban,697,no,yes,3186
32,male,12,hatchback,45281,0,1,14,rural,515,no,yes,2322
44,male,12,sedan,39442,0,1,26,urban,731,yes,no,2234
52,male,18,suv,47568,4,4,34,suburban,620,no,yes,4233
50,male,11,sports,30793,4,4,32,rural,792,yes,yes,4179
37,male,16,truck,36989,1,6,19,suburban,427,no,yes,3376
33,female,11,sedan,30305,4,7,15,urban,373,no,no,4897
51,female,12,suv,21767,4,0,33,urban,775,no,yes,3376
19,female,11,hatchback,43652,1,0,1,rural,751,no,yes,2111
52,male,18,suv,23196,3,0,34,rural,761,no,yes,2603
57,female,13,sports,23708,3,6,39,suburban,737,yes,no,3891
73,male,6,truck,18383,1,7,50,suburban,555,yes,no,3453
45,male,12,sports,10248,1,3,27,urban,747,no,no,2989
64,male,5,suv,41197,3,2,46,rural,401,yes,yes,4123
56,female,18,sedan,31440,3,7,38,urban,582,no,yes,4615
23,male,18,truck,26230,3,1,5,urban,503,no,yes,3142
26,female,3,truck,34654,3,2,8,suburban,385,no,yes,3778
37,female,18,suv,21611,2,4,19,suburban,623,yes,yes,2687
18,male,8,sports,27457,1,7,0,suburban,463,no,yes,4054
25,male,15,suv,15256,0,5,7,rural,356,no,no,2430
72,female,3,truck,45971,2,2,50,suburban,505,yes,yes,3597
40,female,5,suv,45533,0,2,22,rural,728,no,no,2504
20,female,7,truck,39290,0,0,2,urban,447,yes,yes,2443
21,female,15,sports,38459,4,4,3,rural,600,yes,yes,3922
42,female,4,sedan,33281,1,2,24,suburban,589,yes,no,2400
64,female,9,sedan,6739,2,1,46,rural,320,yes,no,2604
55,male,12,suv,6525,1,0,37,rural,436,yes,yes,2096
32,female,13,truck,21453,3,6,14,suburban,668,yes,yes,3138
38,female,6,sedan,11251,1,2,20,suburban,821,yes,yes,1897
52,female,19,truck,48208,0,4,34,urban,735,no,no,2457
74,female,5,sports,24507,3,7,50,rural,329,no,yes,5587
70,male,6,suv,18860,1,5,50,urban,747,no,yes,3449
70,male,4,truck,26108,1,7,50,urban,524,no,no,3986
63,female,17,suv,32906,0,7,45,rural,685,no,no,2883
69,female,11,truck,12649,3,1,50,urban,728,no,yes,2859
31,female,5,truck,39055,0,5,13,rural,828,no,yes,2249
53,male,0,sports,18193,1,4,35,urban,327,no,no,3806
29,male,3,suv,36022,2,4,11,urban,425,yes,yes,3748
34,male,18,hatchback,36656,2,4,16,rural,798,no,no,2772
56,male,11,truck,46535,4,5,38,suburban,486,no,no,4412
26,male,14,truck,20913,2,3,8,rural,671,yes,yes,2438
52,male,2,sedan,20629,3,1,34,suburban,437,yes,no,3117
30,female,19,suv,35692,4,4,12,rural,636,yes,no,3885
32,male,7,hatchback,9954,3,3,14,rural,513,no,yes,3295
35,male,10,sports,38512,2,0,17,suburban,590,yes,no,3441
68,female,15,hatchback,15719,2,3,50,suburban,670,yes,no,3011
50,male,8,sports,32649,1,0,32,rural,829,yes,yes,2747
23,female,2,hatchback,17402,3,5,5,rural,848,yes,yes,2930
44,male,4,hatchback,42344,0,6,26,rural,595,no,no,3298
40,female,19,suv,14216,1,6,22,suburban,718,yes,yes,2488
44,female,13,sedan,36050,3,3,26,rural,660,no,no,3027
51,female,14,hatchback,35272,4,5,33,suburban,457,yes,no,4016
73,female,5,truck,10050,3,4,50,urban,374,yes,no,3881
63,female,3,truck,7438,4,3,45,suburban,671,yes,yes,3408
55,male,7,truck,48150,4,3,37,urban,820,no,no,4173
31,male,18,sedan,46587,2,4,13,rural,405,yes,no,3610
53,female,4,hatchback,21760,0,0,35,rural,666,no,yes,1597
70,female,12,sports,17078,3,4,50,suburban,701,yes,yes,3950
25,female,15,sports,21473,0,1,7,urban,402,no,yes,2897
52,male,0,suv,48815,4,6,34,rural,624,no,yes,4804
36,female,12,sedan,14257,2,7,18,rural,672,yes,no,3262
47,female,10,hatchback,27450,0,7,29,urban,637,yes,yes,2559
31,female,7,truck,30634,1,6,13,rural,332,yes,yes,3640
37,female,7,sedan,33648,4,3,19,rural,407,no,no,3927
66,male,13,sedan,32176,1,1,48,suburban,721,yes,no,2118
42,female,12,hatchback,15296,0,4,24,rural,568,no,yes,2122
57,female,2,suv,26959,0,6,39,urban,372,no,yes,3418
41,male,3,suv,19570,0,5,23,rural,480,no,yes,3386
31,female,19,suv,40423,3,4,13,suburban,451,no,yes,3885
43,female,14,truck,19727,4,2,25,rural,811,no,no,3369
55,male,14,truck,22899,4,1,37,urban,367,no,yes,3825
40,male,12,hatchback,40785,4,6,22,rural,671,no,no,4423
39,male,8,suv,45111,3,2,21,urban,647,yes,no,3668
65,female,9,hatchback,17339,0,1,47,suburban,331,yes,yes,1938
74,female,11,suv,39341,0,7,50,rural,378,no,no,3667
36,male,13,sedan,10597,1,5,18,rural,558,yes,yes,2402
63,male,0,sports,32112,3,2,45,suburban,796,yes,yes,4408
68,male,13,sports,41694,2,2,50,urban,474,no,yes,4415
20,female,13,suv,15244,3,1,2,urban,666,yes,yes,2814
59,female,7,hatchback,8796,1,4,41,rural,314,no,no,2526
36,male,15,truck,46591,1,0,18,urban,350,no,yes,2905
26,female,13,suv,15053,1,4,8,urban,406,yes,no,2692
45,male,0,suv,33528,0,0,27,rural,768,no,yes,2352
37,female,15,truck,23648,2,1,19,urban,501,no,no,3069
62,female,17,suv,23431,1,3,44,urban,517,yes,no,3056
24,female,6,sedan,5535,4,4,6,rural,340,yes,yes,3749
31,female,14,truck,45652,0,2,13,rural,684,no,yes,1913
26,male,16,sedan,49493,2,4,8,urban,635,yes,no,3148
72,female,18,sports,11881,4,7,50,rural,404,no,no,4851
74,female,12,truck,24481,2,1,50,urban,502,yes,no,3155
36,male,8,truck,47235,2,7,18,urban,809,yes,yes,4060
64,female,14,hatchback,40841,4,3,46,urban,394,yes,yes,4181
69,male,2,hatchback,6025,3,3,50,urban,476,no,yes,3594
31,male,0,truck,35869,2,4,13,rural,364,yes,yes,2855
73,female,15,sports,39819,3,4,50,rural,523,no,no,4399
55,female,7,suv,35192,2,7,37,suburban,679,no,no,3966
70,male,12,hatchback,8621,4,5,50,rural,554,no,no,4184
53,male,7,sports,35566,2,4,35,suburban,597,yes,no,3842
57,male,16,sports,25947,1,1,39,urban,470,yes,no,3149
34,female,13,hatchback,19405,1,0,16,rural,663,no,yes,1668
47,male,6,suv,9403,2,5,29,urban,372,no,yes,3898
26,male,14,hatchback,41091,4,0,8,suburban,359,yes,no,3847
50,male,15,sports,27525,4,7,32,rural,754,yes,yes,4656
73,female,18,sedan,10017,0,2,50,rural,635,yes,yes,1343
69,male,5,hatchback,44203,4,6,50,rural,423,yes,yes,4565
42,female,0,sports,24729,3,1,24,rural,754,no,yes,3576
31,female,11,hatchback,33430,2,5,13,urban,313,no,yes,4223
28,male,17,sports,43584,1,7,10,rural,715,yes,no,3864
70,female,15,suv,42372,4,3,50,suburban,326,no,no,4557
52,male,11,sports,41192,1,5,34,rural,349,yes,yes,3929
58,female,19,truck,19628,0,2,40,suburban,486,yes,no,1759
31,female,12,sedan,49629,2,3,13,suburban,356,yes,no,3346
47,male,7,sports,17501,4,5,29,urban,333,yes,yes,4959
58,male,0,hatchback,35131,1,7,40,rural,837,no,yes,3372
21,male,6,hatchback,28566,4,3,3,suburban,670,no,yes,3738
21,female,14,sports,28824,0,4,3,rural,385,no,yes,3163
45,female,12,truck,7812,1,3,27,urban,459,yes,no,2655
25,male,12,sports,37812,1,5,7,urban,724,no,yes,3451
19,male,8,suv,32326,2,3,1,rural,405,yes,yes,3079
58,female,14,truck,14402,2,1,40,suburban,690,no,no,2040
63,female,3,sports,31325,1,4,45,urban,811,yes,yes,3643
39,female,12,sedan,46553,2,4,21,suburban,574,no,no,3240
58,male,11,truck,31000,1,2,40,suburban,588,yes,no,2643
73,female,4,sports,29259,3,4,50,rural,557,no,yes,4871
72,male,6,sedan,6926,4,0,50,urban,519,no,no,3741
33,female,7,sports,5856,3,1,15,rural,826,no,yes,2956
46,female,4,suv,10988,3,2,28,rural,832,no,no,2850
66,male,8,hatchback,13743,4,0,48,rural,358,no,yes,3546
65,male,13,sports,9138,1,3,47,suburban,659,no,yes,2723
47,male,11,truck,48848,1,6,29,rural,412,no,no,3597
29,female,3,sports,21082,2,0,11,urban,575,yes,yes,3303
52,female,19,sports,38374,0,2,34,suburban,556,yes,no,2857
28,female,7,sports,13863,1,4,10,rural,628,yes,no,2651
63,male,16,sports,42790,4,1,45,urban,534,no,yes,5037
67,female,7,truck,34807,0,6,49,rural,350,no,no,3374
38,male,0,truck,27118,4,2,20,rural,520,yes,yes,3558
38,male,19,sports,10149,4,0,20,rural,529,no,no,3362
22,male,1,hatchback,43079,4,6,4,suburban,521,yes,yes,4926
65,female,3,sports,7484,0,0,47,rural,353,no,no,2362
37,female,0,truck,30191,3,7,19,urban,572,yes,no,4312
54,male,6,suv,48809,4,2,36,rural,497,no,no,4752
20,female,0,sports,25791,2,6,2,rural,427,no,no,4284
61,male,8,sports,8807,1,5,43,suburban,308,no,no,3851
50,male,2,sports,31648,1,5,32,rural,526,no,yes,3855
70,female,11,sports,36090,1,2,50,urban,433,no,yes,4028
26,male,18,sedan,30100,0,5,8,urban,315,no,no,2522
26,male,14,sports,35949,2,2,8,rural,514,yes,yes,3818
21,female,15,truck,40941,2,4,3,urban,411,yes,yes,3787
52,male,9,truck,22857,2,6,34,urban,456,yes,yes,4103
34,male,5,sedan,32850,2,2,16,rural,724,no,no,2974
51,male,16,sports,47967,2,3,33,urban,751,yes,yes,3904
41,male,16,hatchback,7412,3,1,23,urban,617,no,yes,2429
49,male,18,sports,8182,2,1,31,rural,659,yes,no,2368
18,male,17,truck,25948,2,3,0,suburban,675,yes,no,2051
25,male,10,suv,38782,0,0,7,suburban,595,yes,no,1966
62,female,6,suv,22253,0,0,44,rural,497,no,no,2250
40,female,9,hatchback,44681,2,0,22,suburban,697,no,no,2649
64,male,6,sports,40495,3,7,46,suburban,541,yes,yes,5045
57,male,4,sedan,7852,2,6,39,suburban,728,no,yes,2823
29,female,11,sports,46845,2,0,11,suburban,305,yes,yes,3162
71,female,15,hatchback,23992,2,4,50,rural,617,no,no,2946
29,female,17,hatchback,6273,4,3,11,suburban,511,yes,yes,3341
63,female,2,hatchback,12649,3,1,45,suburban,572,no,no,2989
64,female,19,suv,34002,1,3,46,rural,383,yes,yes,2858
32,male,14,sports,39723,2,1,14,rural,659,no,yes,3502
58,female,4,sports,13778,1,0,40,suburban,680,no,no,2637
36,female,12,sedan,29776,3,4,18,urban,839,yes,yes,3198
43,female,18,hatchback,9549,2,2,25,rural,440,no,yes,2519
69,male,11,hatchback,20863,1,2,50,rural,809,no,no,2488
46,male,4,truck,16809,1,5,28,suburban,472,no,yes,2912
39,male,5,truck,13302,3,0,21,urban,319,no,yes,3132
57,male,6,suv,13100,2,0,39,rural,802,no,yes,2575
38,male,9,sports,7911,4,3,20,rural,526,no,no,4360
68,male,15,sedan,17091,3,4,50,rural,408,no,no,3743
55,female,7,sedan,14099,4,4,37,urban,619,no,yes,3799
37,male,8,hatchback,10663,2,7,19,rural,607,no,yes,3160
74,male,3,sedan,34904,1,3,50,rural,386,yes,no,3372
46,female,7,hatchback,33291,3,4,28,urban,527,no,no,4180
68,male,6,sports,49649,3,6,50,rural,609,no,no,4762
21,female,14,sedan,46066,3,6,3,urban,678,yes,yes,4262
72,female,2,hatchback,41104,0,4,50,urban,684,no,yes,3361
24,male,16,sports,44137,2,6,6,urban,412,no,no,5085
45,female,10,sports,7534,0,7,27,suburban,592,no,no,3100
45,female,8,hatchback,7226,3,2,27,rural,604,no,yes,2594
21,female,4,hatchback,14585,3,4,3,rural,590,yes,no,3130
39,female,9,suv,32260,4,6,21,rural,404,no,yes,4728
29,male,14,sports,32411,0,0,11,urban,590,no,no,2568
62,female,13,hatchback,37934,1,2,44,suburban,776,yes,no,2268
20,male,3,sports,15902,2,0,2,urban,820,yes,yes,3013
39,female,19,sedan,41392,1,0,21,rural,359,yes,no,2415
61,female,1,truck,23731,1,6,43,urban,611,no,no,2902
19,female,11,truck,22788,2,6,1,suburban,405,yes,yes,3599
41,male,0,hatchback,36126,3,3,23,rural,388,no,yes,3660
51,male,19,hatchback,47485,4,5,33,urban,567,yes,yes,4577
44,male,4,sports,7774,3,4,26,suburban,418,yes,yes,3667
72,female,5,hatchback,14017,3,4,50,urban,744,no,yes,3433
58,female,10,sports,30700,0,4,40,urban,728,yes,no,2874
18,female,7,hatchback,30144,1,4,0,rural,650,no,no,2313
25,female,6,sports,34910,1,6,7,suburban,605,yes,yes,2940
40,male,3,hatchback,47918,1,2,22,urban,501,yes,yes,3339
55,female,5,suv,41507,4,1,37,suburban,322,no,no,4326
23,male,15,sports,31685,4,0,5,rural,389,no,yes,4472
39,female,19,suv,29402,4,5,21,rural,770,yes,yes,3945
42,male,14,suv,42232,2,7,24,rural,392,no,yes,4095
35,male,13,suv,35063,4,5,17,suburban,584,yes,no,4191
34,female,11,suv,29125,0,1,16,suburban,608,no,yes,1818
29,female,11,sedan,29020,0,7,11,urban,835,yes,no,2800
23,male,15,truck,36703,3,7,5,suburban,675,no,no,3673
43,female,14,sedan,36769,3,1,25,rural,798,yes,yes,2902
44,female,12,hatchback,18746,3,7,26,urban,441,yes,yes,4544
25,male,10,hatchback,9094,3,1,7,suburban,351,yes,yes,2630
36,male,16,truck,7930,0,6,18,rural,369,yes,no,1821
59,male,14,truck,38531,3,2,41,rural,559,no,yes,3830
18,male,13,truck,35755,0,1,0,urban,592,no,no,2422
74,female,9,suv,35105,4,7,50,rural,677,no,no,4345
46,male,11,sedan,16552,4,7,28,suburban,338,yes,no,4331
62,male,15,hatchback,41218,2,2,44,rural,647,yes,yes,2609
66,male,14,sedan,24779,3,6,48,urban,824,yes,no,3903
52,female,9,sedan,34000,4,3,34,rural,805,no,no,4136
57,male,3,sedan,25103,4,7,39,rural,681,no,yes,4256
31,female,8,truck,19102,1,7,13,suburban,724,no,yes,2983
52,male,19,truck,6861,1,3,34,suburban,735,no,yes,1616
65,male,8,hatchback,48574,0,5,47,suburban,621,yes,no,2422
62,female,19,hatchback,37682,2,3,44,suburban,549,yes,no,3632
37,male,10,hatchback,18283,1,2,19,rural,479,yes,yes,2362
73,male,10,sedan,30597,2,2,50,suburban,328,yes,no,3254
66,female,6,truck,17436,4,0,48,rural,795,no,no,3319
30,male,9,suv,33424,0,7,12,suburban,625,yes,yes,2627
55,male,3,sedan,13890,2,1,37,suburban,486,no,no,2922
66,male,4,sports,43297,1,4,48,suburban,354,no,no,4170
63,male,4,sedan,13299,4,4,45,rural,813,yes,yes,3262
66,female,10,truck,46348,3,1,48,suburban,709,no,yes,3659
25,male,8,sports,46384,4,4,7,rural,316,no,no,5294
60,female,15,sedan,16157,1,4,42,suburban,387,yes,no,2341
37,male,8,truck,34763,1,6,19,suburban,522,no,yes,3400
50,female,3,truck,37687,3,4,32,urban,357,yes,yes,4212
43,male,1,suv,15191,4,5,25,suburban,529,no,yes,4637
56,female,13,sedan,16767,2,7,38,rural,453,no,yes,3288
38,male,2,truck,22911,2,7,20,urban,572,no,yes,4788
70,female,17,hatchback,33629,4,7,50,rural,345,no,yes,4682
66,female,5,truck,39794,2,2,48,rural,751,no,yes,3198
59,male,10,suv,31944,4,2,41,urban,605,yes,yes,4261
60,female,17,truck,48726,4,2,42,suburban,726,no,no,3780
71,male,11,sedan,39623,1,1,50,urban,417,no,yes,3109
58,male,4,sedan,22981,0,3,40,rural,550,no,yes,2339
26,male,8,sports,10958,1,5,8,suburban,702,no,yes,2702
41,male,19,sedan,19705,2,5,23,urban,499,yes,no,3418
54,male,17,sports,35636,0,4,36,rural,445,no,no,3200
66,female,18,hatchback,47876,4,7,48,suburban,350,no,yes,4865
58,male,2,suv,30152,2,0,40,rural,667,no,yes,2672
34,male,8,hatchback,43529,3,2,16,suburban,619,yes,no,3335
41,male,3,sports,5688,2,6,23,suburban,498,no,yes,3714
38,male,16,truck,30365,0,5,20,urban,740,no,no,2457
68,male,16,truck,34663,0,5,50,suburban,444,no,yes,3022
56,male,1,hatchback,44074,4,0,38,rural,358,yes,yes,3995
72,female,8,truck,42840,3,4,50,suburban,442,no,no,3986
58,female,8,sports,22739,4,5,40,rural,522,no,no,4870
56,male,4,suv,15909,3,7,38,suburban,399,no,no,4375
30,female,14,sedan,17713,3,5,12,suburban,325,yes,no,3642
28,male,14,sports,17614,4,3,10,urban,731,no,no,3981
63,male,2,sports,47089,2,0,45,suburban,825,no,no,3415
36,male,18,sedan,37561,1,6,18,suburban,421,no,no,3122
28,male,2,sedan,25734,3,6,10,rural,764,no,no,3495
30,male,5,suv,35709,0,4,12,rural,564,yes,no,2870
63,female,3,suv,27885,4,4,45,rural,306,yes,yes,4546
62,female,12,suv,11086,2,2,44,suburban,519,yes,yes,3061
18,female,12,truck,17731,3,3,0,rural,695,no,yes,2796
57,female,10,sports,25592,2,4,39,rural,756,yes,yes,3165
61,male,4,sedan,18341,4,7,43,suburban,407,no,yes,4695
36,female,0,sports,44435,0,3,18,rural,791,no,no,3050
29,male,8,sports,17976,3,2,11,urban,759,no,yes,3696
25,female,16,suv,22374,3,7,7,urban,308,yes,yes,4025
25,female,0,suv,17333,2,6,7,rural,666,yes,yes,3132
70,female,2,sports,10290,4,0,50,rural,424,no,no,3787
62,female,14,suv,28586,1,5,44,rural,461,no,no,3418
29,male,9,truck,21340,3,5,11,suburban,335,yes,no,3500
65,female,7,sedan,40655,0,1,47,urban,303,yes,yes,2579
50,female,11,sports,19560,3,1,32,urban,712,no,yes,3318
62,male,14,sedan,28997,3,1,44,rural,386,yes,yes,3435
43,male,8,truck,6340,1,5,25,rural,782,no,yes,2220
56,female,9,suv,49697,1,3,38,suburban,357,yes,yes,3406
45,male,19,hatchback,31013,4,7,27,suburban,439,yes,yes,4263
22,male,8,truck,37862,3,1,4,urban,471,yes,no,3267
25,male,14,hatchback,27282,3,0,7,suburban,559,no,no,2854
42,female,0,sedan,24076,2,4,24,urban,794,no,no,3217
44,male,1,sports,45894,2,7,26,rural,324,no,no,4931
63,female,18,suv,24665,0,3,45,rural,497,no,yes,2417
40,female,13,truck,15923,0,5,22,urban,722,yes,yes,2029
47,female,7,suv,44821,2,0,29,rural,417,no,yes,3025
62,female,5,hatchback,15935,0,6,44,suburban,305,yes,yes,2663
64,male,11,hatchback,29041,3,5,46,rural,396,no,yes,3826
40,female,14,sports,17467,1,3,22,rural,371,no,yes,3353
66,male,13,hatchback,16073,3,3,48,urban,731,no,yes,3336
64,female,0,sports,12691,2,3,46,suburban,679,yes,yes,3336
37,male,10,truck,29490,4,2,19,suburban,849,yes,no,3275
35,female,2,sports,20688,4,4,17,rural,355,yes,yes,4599
35,male,18,hatchback,37969,2,7,17,rural,402,no,no,3636
19,female,17,sedan,18829,3,1,1,suburban,515,no,yes,2630
21,female,19,sports,8086,0,2,3,suburban,320,yes,yes,2084
47,male,1,suv,49073,0,4,29,urban,509,yes,no,3615
50,female,6,sedan,7590,4,5,32,rural,590,yes,yes,3472
53,female,7,sports,44893,2,1,35,rural,487,yes,yes,3708
35,female,18,suv,12860,2,6,17,suburban,450,no,no,3730
54,male,14,sedan,43176,1,2,36,urban,490,no,yes,3319
36,female,9,sports,6948,4,2,18,suburban,706,no,no,3891
64,female,0,truck,41731,2,7,46,rural,513,no,yes,4177
45,male,5,suv,38461,1,0,27,rural,777,no,yes,2327
57,male,12,truck,31295,0,7,39,rural,493,yes,no,3174
37,male,13,hatchback,43131,4,6,19,rural,549,yes,yes,4677
66,male,2,sports,49893,4,6,48,urban,340,no,no,5978
50,male,10,sports,16924,2,2,32,rural,669,yes,yes,2685
29,female,2,suv,43655,2,3,11,suburban,319,no,yes,3969
68,female,18,sports,15851,3,5,50,urban,308,no,no,5039
32,female,9,hatchback,12734,0,6,14,urban,502,yes,yes,2365
58,male,14,sports,47681,0,7,40,rural,317,yes,no,4164
56,female,10,sedan,10293,1,2,38,urban,618,no,yes,2142
19,male,14,truck,18820,1,3,1,rural,581,no,no,2344
46,male,12,hatchback,7291,3,4,28,urban,775,yes,no,3149
58,female,4,hatchback,17391,0,4,40,urban,551,yes,no,2436
27,male,3,truck,40466,1,7,9,suburban,639,no,no,3241
19,male,12,truck,49334,0,6,1,suburban,761,yes,yes,2279
68,female,8,hatchback,46970,0,3,50,suburban,700,no,no,2604
28,male,16,truck,35796,1,0,10,urban,670,no,yes,2662
30,male,1,suv,38809,2,7,12,suburban,581,yes,yes,4033
27,female,4,truck,22591,2,0,9,suburban,689,yes,yes,2093
31,male,15,sedan,47640,1,4,13,suburban,636,no,no,2758
35,male,6,sedan,41389,3,5,17,urban,644,yes,no,4160
68,female,0,suv,8352,4,2,50,rural,818,yes,yes,3488
71,female,11,truck,23062,0,7,50,suburban,572,yes,yes,3085
26,female,10,sedan,33172,4,6,8,urban,552,yes,yes,4542
74,female,11,sports,15937,1,6,50,urban,673,yes,no,3610
56,male,18,truck,33121,0,4,38,rural,305,no,no,1898
45,male,11,suv,19602,4,4,27,suburban,713,yes,no,3785
20,female,11,truck,46740,2,7,2,urban,797,yes,yes,3576
37,male,13,hatchback,28136,3,7,19,urban,355,yes,no,4237
23,male,1,hatchback,5945,4,3,5,urban,697,no,no,3617
44,female,1,sedan,24812,3,0,26,rural,537,no,no,2894
70,female,3,hatchback,12973,2,5,50,suburban,789,no,no,3232
19,male,19,suv,28552,4,3,1,urban,321,yes,yes,4106
46,female,15,sedan,19118,1,4,28,urban,740,no,yes,2877
55,female,9,suv,16290,0,1,37,urban,340,yes,yes,2135
20,female,12,suv,30123,2,2,2,urban,557,yes,yes,2959
33,male,1,hatchback,21383,3,4,15,suburban,750,no,no,3271
47,female,2,hatchback,15366,3,7,29,suburban,347,no,yes,4179
57,male,18,suv,6797,2,3,39,urban,802,no,yes,2935
19,male,5,hatchback,31456,1,1,1,urban,438,no,yes,2572
34,male,18,hatchback,49016,1,1,16,urban,501,yes,yes,2605
58,female,19,hatchback,26427,3,4,40,rural,808,no,yes,3171
29,female,18,truck,7257,2,5,11,rural,585,yes,no,2873
52,female,7,suv,7197,2,0,34,rural,532,no,yes,2692
60,female,13,sports,13222,0,1,42,urban,615,no,no,2633
18,female,9,suv,30187,3,6,0,rural,760,no,no,3684
72,male,2,sedan,19152,1,7,50,suburban,849,yes,no,2594
62,male,5,hatchback,25781,4,7,44,rural,620,no,yes,4539
32,male,14,hatchback,40680,1,2,14,urban,474,yes,yes,3002
43,female,17,sports,16004,1,7,25,suburban,338,yes,no,3586
54,male,13,sedan,46642,4,3,36,urban,732,yes,yes,4311
38,male,18,truck,30515,3,3,20,suburban,784,yes,no,3233
66,female,9,suv,20416,0,3,48,rural,357,yes,no,2448
48,female,14,truck,11152,1,6,30,rural,795,yes,yes,2588
42,male,3,sedan,12172,1,4,24,suburban,433,yes,yes,2718
40,male,1,sports,8185,3,3,22,suburban,808,yes,no,3267
41,female,2,sedan,30352,3,6,23,urban,455,yes,yes,4335
74,female,6,sports,35743,2,3,50,suburban,500,no,no,4268
55,female,15,truck,36212,3,2,37,urban,798,no,no,3332
45,female,9,truck,31618,3,6,27,suburban,701,no,yes,3899
38,male,18,sedan,14161,1,0,20,suburban,795,yes,no,1434
71,male,16,sedan,22467,0,5,50,rural,787,yes,yes,2190
60,female,18,hatchback,26589,1,4,42,rural,459,no,yes,3149
35,male,4,sports,42630,3,4,17,urban,510,no,no,5038
53,male,19,hatchback,8070,2,3,35,urban,752,yes,yes,2505
52,female,12,suv,49708,0,2,34,urban,369,no,no,3157
62,male,12,suv,13563,2,1,44,suburban,613,yes,yes,2324
72,male,10,sedan,30254,4,6,50,suburban,730,no,no,4277
26,male,10,truck,21585,2,3,8,urban,681,yes,no,3034
70,female,15,suv,35297,2,6,50,suburban,466,yes,no,3808
55,female,14,suv,19772,3,3,37,rural,690,yes,yes,2972
47,male,16,hatchback,19455,3,4,29,suburban,618,yes,no,3241
61,female,17,hatchback,11299,3,4,43,rural,416,no,no,3262
51,female,18,suv,15188,3,3,33,urban,811,yes,no,3281
49,female,3,sedan,29763,3,4,31,suburban,502,yes,yes,3676
20,male,4,hatchback,37517,2,2,2,urban,461,no,no,3154
20,male,6,suv,26555,4,1,2,rural,761,no,no,3430
45,female,1,truck,34323,3,1,27,urban,500,no,no,4069
61,male,0,hatchback,22938,4,6,43,rural,530,yes,yes,4451
32,male,11,suv,26983,4,1,14,rural,815,yes,no,2988
58,male,9,sports,17874,1,6,40,urban,505,no,yes,4034
40,male,7,hatchback,29805,1,3,22,rural,630,no,yes,2289
57,male,0,sports,37822,0,5,39,urban,646,no,yes,3067
28,female,11,hatchback,25750,1,3,10,urban,648,yes,yes,2423
65,male,1,hatchback,41799,3,3,47,urban,459,no,yes,4499
49,male,9,sports,47083,4,2,31,rural,551,no,no,5087
74,male,16,sedan,32946,0,1,50,rural,521,yes,no,2490
71,female,2,suv,6552,1,4,50,suburban,693,yes,yes,2586
53,female,6,sedan,35049,2,4,35,urban,695,yes,yes,3562
50,female,11,sedan,12795,0,0,32,urban,466,no,no,1683
41,male,7,suv,10271,3,0,23,urban,751,yes,no,3129
56,female,19,truck,19665,4,6,38,urban,437,yes,no,4641
51,female,11,sedan,5115,3,7,33,urban,509,no,yes,3968
73,female,2,sedan,41381,3,5,50,urban,513,yes,no,4748
45,female,16,sedan,33994,2,6,27,urban,659,no,no,3681
54,male,8,truck,32186,2,4,36,suburban,534,no,yes,3787
24,female,9,hatchback,35267,4,1,6,suburban,696,yes,yes,3210
21,female,5,sports,44140,1,6,3,urban,603,no,no,3863
54,male,0,sports,29935,3,3,36,urban,408,no,no,4620
73,male,11,truck,36748,1,4,50,suburban,689,no,yes,3014
18,female,4,sedan,29603,4,5,0,suburban,419,yes,no,3788
18,male,12,sports,8837,3,5,0,urban,509,no,no,3637
64,female,14,truck,41301,1,4,46,urban,726,no,no,3314
37,male,10,suv,14610,3,7,19,suburban,843,yes,no,3632
36,male,7,sports,33615,2,0,18,suburban,629,yes,no,2950
46,female,4,suv,16108,2,7,28,urban,525,no,yes,3881
27,male,1,sedan,43599,0,1,9,suburban,446,no,no,2100
35,female,11,sports,27347,4,4,17,urban,639,yes,no,4330
45,male,1,truck,39062,1,3,27,rural,479,no,yes,3213
52,female,15,hatchback,12550,3,3,34,urban,589,yes,no,3318
60,male,2,sports,33205,0,2,42,urban,486,yes,no,3514
64,male,9,sports,23459,4,3,46,urban,785,yes,yes,4213
48,male,18,sports,28750,4,4,30,suburban,636,no,yes,4141
44,male,7,sports,49637,4,4,26,urban,407,yes,no,5548
28,male,6,truck,32729,1,3,10,urban,425,yes,yes,2979
66,female,0,truck,43585,2,0,48,suburban,333,yes,no,3136
66,male,11,hatchback,23162,0,1,48,rural,737,no,no,1549
55,female,4,truck,49854,1,5,37,rural,575,no,yes,3496
22,female,15,truck,15690,3,4,4,suburban,793,yes,yes,2869
25,female,3,sedan,34104,1,3,7,urban,481,yes,no,3208
51,male,16,sedan,21757,3,5,33,rural,538,no,no,3745
65,female,1,suv,19770,3,3,47,rural,647,no,no,3332
69,male,11,hatchback,15457,4,4,50,suburban,445,no,yes,3948
73,female,0,sedan,47802,1,2,50,rural,343,yes,yes,3540
29,female,11,hatchback,22957,2,1,11,rural,798,no,no,2004
55,female,11,hatchback,34619,3,4,37,suburban,594,yes,no,4179
18,female,11,sports,25828,4,5,0,rural,830,yes,no,4211
48,female,18,hatchback,22171,2,3,30,urban,510,no,no,3227
21,male,16,sports,39313,1,2,3,suburban,701,yes,no,2941
66,female,19,suv,18146,2,6,48,urban,530,yes,no,3394
62,female,10,suv,19202,1,4,44,urban,638,no,no,3220
67,male,12,suv,42142,3,1,49,suburban,304,yes,no,4119
22,male,7,sports,26831,0,2,4,rural,610,yes,no,2459
47,male,9,sports,14849,0,5,29,suburban,461,no,yes,2626
73,female,7,suv,25439,3,7,50,rural,515,yes,yes,4571
41,female,19,sports,21990,2,3,23,urban,470,no,no,4138
20,female,7,truck,18336,1,0,2,rural,551,no,no,2370
28,female,8,truck,40344,0,6,10,urban,337,yes,yes,2945
62,female,6,sports,27953,1,6,44,urban,527,yes,yes,4382
21,female,13,sports,10051,3,1,3,urban,577,no,yes,4020
43,male,1,sedan,15068,2,7,25,suburban,584,no,yes,3657
44,male,10,sedan,21967,1,2,26,rural,809,yes,no,1718
63,female,7,hatchback,26773,2,4,45,rural,665,yes,no,3111
71,female,12,hatchback,48769,0,4,50,rural,367,yes,yes,3161
60,female,14,hatchback,36014,1,2,42,urban,403,no,no,3082
44,female,2,suv,13847,4,4,26,suburban,700,yes,no,3428
59,female,13,truck,9881,0,6,41,rural,545,yes,no,2593
68,male,14,suv,46182,2,6,50,rural,491,yes,yes,3999
67,male,1,sports,12699,3,6,49,suburban,595,yes,yes,4553
23,female,18,sedan,29180,4,2,5,rural,443,no,no,3940
32,male,11,sports,42891,1,1,14,suburban,325,no,yes,2971
70,female,19,sports,8550,0,6,50,suburban,550,yes,yes,3117
47,female,3,sedan,27163,1,4,29,rural,492,yes,yes,2891
59,female,2,sports,48402,1,7,41,suburban,680,no,no,4146
54,male,4,hatchback,34675,4,1,36,suburban,301,yes,no,3956
54,male,2,sedan,49945,4,7,36,rural,344,no,no,5034
59,female,14,sports,37934,4,3,41,urban,302,no,yes,4858
54,male,18,hatchback,31592,4,3,36,rural,748,no,yes,3225
52,male,1,hatchback,46077,3,3,34,rural,434,no,no,4362
40,female,11,truck,28039,2,3,22,urban,590,yes,yes,3271
23,male,4,hatchback,47769,4,4,5,suburban,577,no,yes,4624
21,male,16,suv,28726,0,2,3,rural,475,yes,yes,2042
35,female,13,sedan,39974,1,4,17,urban,581,yes,yes,3047
26,female,9,sedan,39018,4,5,8,urban,419,no,no,4855
66,male,2,sedan,9558,0,4,48,rural,473,no,no,2456
46,female,3,sports,37174,3,1,28,rural,738,no,yes,3731
30,male,5,sports,35405,0,2,12,urban,758,yes,no,2843
64,female,15,suv,47631,0,7,46,rural,640,no,no,3005
69,female,6,hatchback,7151,3,6,50,urban,420,no,no,4310
34,female,14,sports,42845,3,0,16,rural,792,no,yes,3775
62,female,19,hatchback,20552,1,0,44,urban,575,yes,no,2487
49,male,10,hatchback,40065,4,6,31,rural,328,no,yes,4621
65,female,0,sports,46996,0,2,47,rural,543,no,no,3476
39,female,4,sports,7614,2,0,21,rural,620,no,no,2901
21,female,12,suv,39647,2,2,3,suburban,651,yes,no,3074
22,male,13,truck,5620,1,1,4,rural,831,no,no,1876
54,male,8,sedan,28082,2,1,36,urban,380,yes,yes,3005
58,female,16,sports,26891,1,4,40,urban,592,yes,no,3513
66,female,14,sports,46030,4,0,48,suburban,593,yes,no,4467
30,female,6,hatchback,37314,1,6,12,suburban,796,yes,no,2987
51,female,11,truck,28500,3,2,33,suburban,757,yes,no,2931
62,female,5,sports,39693,3,7,44,rural,359,no,no,5100
39,female,15,truck,33018,3,1,21,rural,842,no,yes,3133
70,male,4,sedan,24567,3,4,50,urban,679,yes,yes,3663
40,female,8,hatchback,30978,3,0,22,urban,623,yes,yes,2756
68,female,13,suv,15553,3,0,50,rural,361,yes,yes,2836
20,female,7,sedan,14630,3,0,2,urban,445,yes,no,3037
59,female,13,truck,17003,3,7,41,rural,661,no,yes,4190
51,female,11,truck,46444,3,1,33,suburban,352,no,yes,3473
49,female,9,sedan,25648,4,7,31,rural,701,yes,no,4009
62,male,19,truck,36607,3,1,44,rural,748,yes,yes,3388
68,male,19,suv,42666,1,0,50,rural,382,yes,yes,2611
66,male,12,suv,29821,4,1,48,urban,678,no,no,3987
38,male,18,truck,19601,2,0,20,rural,757,yes,yes,2287
63,male,14,truck,11121,0,3,45,rural,380,no,yes,1887
61,male,7,suv,43557,4,1,43,rural,813,no,yes,3859
38,female,9,truck,21310,3,2,20,suburban,608,yes,yes,2684
61,female,2,sports,27098,4,1,43,rural,793,no,no,3763
28,female,2,hatchback,28531,0,0,10,rural,535,yes,yes,2194
56,female,4,sports,44253,0,2,38,rural,336,no,no,3187
21,female,15,truck,14980,3,4,3,urban,624,yes,no,2904
68,female,16,truck,41393,3,2,50,suburban,355,yes,no,3538
18,male,5,hatchback,49280,1,2,0,suburban,420,yes,no,3086
45,female,19,truck,13951,0,1,27,rural,613,yes,yes,1191
41,male,19,hatchback,13117,3,5,23,rural,510,yes,yes,3174
52,male,15,suv,30979,0,2,34,urban,402,yes,yes,2736
30,female,1,hatchback,13989,1,2,12,rural,738,no,no,2177
64,female,19,hatchback,21915,2,6,46,urban,337,no,no,3768
51,female,14,sports,34535,0,0,33,rural,713,yes,no,2088
28,female,17,truck,37124,1,1,10,urban,523,no,yes,2980
53,female,0,suv,49376,1,0,35,suburban,592,yes,yes,3016
68,female,18,sedan,38366,1,1,50,rural,454,no,yes,3008
34,female,11,hatchback,12428,4,7,16,urban,331,no,yes,4352
52,male,7,sedan,29881,3,4,34,urban,533,yes,yes,3896
35,female,5,truck,9904,0,5,17,rural,788,yes,yes,1667
57,female,11,hatchback,40677,4,2,39,urban,632,no,no,3985
39,male,6,sedan,13922,0,6,21,rural,316,no,no,2583
74,female,17,sports,36160,4,1,50,rural,713,no,yes,3823
41,female,13,sedan,7025,3,2,23,urban,539,no,no,3269
36,male,7,sports,18220,1,2,18,urban,585,no,yes,3452
54,female,19,suv,7766,0,3,36,urban,645,no,no,1697
56,female,13,truck,23482,1,7,38,suburban,674,yes,yes,2700
38,female,4,sedan,38159,3,7,20,rural,315,no,yes,4556
25,female,8,hatchback,15935,0,0,7,rural,559,yes,yes,1305
45,female,7,truck,8784,2,7,27,suburban,660,no,no,2982
22,female,1,sedan,28050,2,7,4,suburban,698,yes,yes,3523
34,male,15,hatchback,25221,2,7,16,urban,759,yes,no,3758
54,female,12,hatchback,34179,3,5,36,rural,815,yes,yes,3611
53,female,6,hatchback,23069,2,6,35,suburban,384,yes,no,3502
71,male,15,hatchback,40682,0,1,50,suburban,362,no,no,2293
36,male,6,sedan,30994,2,7,18,rural,399,yes,yes,3942
44,female,13,suv,33767,0,4,26,rural,594,yes,yes,2927
70,male,13,sports,17282,3,5,50,rural,461,no,yes,4119
51,female,11,sports,25110,1,3,33,urban,477,no,no,3824
28,female,0,sports,36232,4,0,10,suburban,743,no,yes,3843
71,male,0,suv,49273,2,4,50,urban,627,yes,yes,3868
62,female,11,hatchback,9951,4,4,44,rural,627,no,no,3413
64,female,19,hatchback,12655,1,2,46,rural,341,yes,no,2386
29,male,14,truck,34461,3,0,11,suburban,541,yes,no,3086
71,male,3,sports,9610,3,3,50,urban,641,yes,yes,3908
38,male,6,sports,36617,1,1,20,urban,390,no,yes,3652
71,male,15,hatchback,22468,4,1,50,urban,327,yes,yes,3922
28,female,2,sports,12583,2,3,10,rural,758,yes,yes,2988
56,male,6,hatchback,30583,0,2,38,suburban,684,yes,no,2028
45,male,5,hatchback,22701,3,2,27,urban,786,no,no,3172
22,male,15,hatchback,11880,1,4,4,rural,519,no,no,2552
34,male,7,sedan,40117,4,7,16,rural,563,yes,yes,4888
73,male,5,sedan,28721,2,0,50,urban,420,yes,no,3304
37,female,9,sedan,44976,4,4,19,suburban,345,yes,yes,4499
58,male,15,sedan,31854,2,7,40,suburban,579,yes,no,3845
63,female,10,suv,11881,0,6,45,urban,414,no,no,3337
29,male,12,truck,8722,0,6,11,rural,467,yes,yes,1785
23,male,5,truck,25077,1,1,5,rural,734,no,no,2162
34,male,0,hatchback,20332,1,3,16,urban,545,yes,no,3321
68,male,18,sports,44992,2,0,50,rural,783,yes,yes,3045
36,male,11,sedan,18229,2,3,18,rural,674,no,no,2382
43,male,5,truck,12802,2,0,25,urban,579,yes,yes,2953
65,male,17,truck,27101,2,5,47,rural,321,yes,no,3176
61,male,12,sedan,16439,0,1,43,urban,367,no,no,2070
61,female,6,suv,40902,1,1,43,urban,357,yes,yes,3317
69,male,12,suv,7598,1,5,50,urban,826,no,yes,2707
49,female,7,truck,31761,3,0,31,rural,563,no,yes,3450
23,male,16,suv,9052,1,2,5,urban,722,yes,no,1897
72,female,8,sedan,17741,1,0,50,rural,798,no,no,1966
53,male,19,truck,8824,4,1,35,urban,590,no,yes,3563
55,male,12,sedan,41288,4,6,37,suburban,468,yes,yes,4953
28,male,1,suv,6249,3,3,10,rural,761,yes,yes,3133
50,female,3,sedan,27970,2,4,32,rural,652,yes,yes,2858
41,female,1,suv,20565,3,3,23,rural,539,no,no,3498
40,female,3,suv,23458,3,1,22,suburban,582,yes,no,3541
32,female,17,sedan,7014,0,3,14,urban,748,no,yes,1564
44,male,4,suv,9944,1,2,26,suburban,365,yes,yes,2391
28,male,18,hatchback,38716,0,2,10,urban,626,yes,no,1832
74,male,9,sedan,48451,1,6,50,urban,755,yes,no,3739
68,female,17,hatchback,19012,3,0,50,urban,776,no,no,2735
67,male,9,sedan,42460,1,7,49,urban,584,no,no,4092
34,female,4,suv,8240,2,3,16,urban,330,no,no,3320
68,female,16,suv,47530,2,3,50,suburban,747,yes,no,3337
70,female,12,truck,18731,3,1,50,rural,513,yes,yes,3226
31,female,16,truck,23018,4,0,13,suburban,324,yes,yes,3126
44,female,8,hatchback,47898,2,0,26,rural,672,yes,no,2509
35,male,11,suv,22916,3,3,17,rural,696,yes,yes,2746
45,female,13,truck,45376,0,4,27,rural,636,yes,yes,2358
68,female,13,suv,32604,4,3,50,suburban,579,yes,no,4215
64,male,7,sedan,25030,2,3,46,urban,847,no,no,3023
64,female,4,truck,16589,3,3,46,urban,497,yes,yes,3754
21,female,18,hatchback,26983,3,2,3,rural,778,yes,no,2845
24,male,13,truck,17437,0,5,6,urban,369,no,no,2846
62,male,8,suv,32618,0,0,44,urban,804,yes,yes,1835
52,male,6,sports,14705,4,5,34,suburban,409,yes,yes,4541
65,female,7,sports,27680,2,2,47,urban,681,no,yes,3865
26,male,13,suv,20376,3,4,8,urban,696,yes,no,3761
25,male,13,sedan,30420,4,7,7,suburban,708,no,yes,3924
69,male,10,truck,49379,4,1,50,urban,650,yes,no,4308
62,female,13,sports,45358,0,6,44,rural,833,no,no,3152
34,male,7,sedan,44333,3,4,16,suburban,800,yes,yes,3781
34,female,2,suv,6835,1,0,16,urban,720,no,yes,2020
66,female,17,sedan,26283,0,1,48,urban,410,yes,no,2563
50,male,2,suv,47565,3,5,32,suburban,508,no,no,4528
49,female,12,truck,40963,4,4,31,rural,738,yes,no,3822
25,female,11,sedan,14179,4,0,7,suburban,477,yes,no,3016
36,male,14,truck,33904,2,6,18,rural,724,yes,yes,2840
55,female,17,sedan,46113,1,7,37,suburban,627,no,yes,2939
20,male,4,suv,38674,0,7,2,urban,310,no,yes,3765
22,female,6,suv,16955,2,6,4,suburban,551,yes,yes,3656
30,female,10,sedan,12198,2,4,12,suburban,534,yes,no,2965
64,male,10,suv,6620,1,1,46,rural,553,no,no,2101
63,male,14,hatchback,49588,0,1,45,suburban,777,no,yes,2242
48,female,9,hatchback,16766,0,4,30,rural,428,no,yes,2142
72,female,14,truck,36090,4,2,50,suburban,831,no,no,3753
33,male,12,hatchback,46291,0,4,15,urban,399,no,no,3337
67,female,13,hatchback,9338,2,5,49,suburban,589,no,no,3250
49,female,16,sports,10301,4,4,31,urban,525,yes,yes,4804
39,female,12,sports,20144,0,4,21,rural,424,yes,yes,2787
46,female,9,sports,18784,1,2,28,rural,737,yes,no,2527
39,male,0,sports,7423,2,3,21,rural,646,no,yes,3106
60,male,0,suv,13272,3,1,42,rural,482,no,no,3146
20,male,14,truck,6573,1,5,2,suburban,650,yes,yes,1890
71,male,15,truck,29419,1,0,50,suburban,814,yes,no,1855
27,male,11,hatchback,21803,0,1,9,suburban,677,no,yes,1399
59,male,5,truck,38234,4,1,41,urban,764,yes,no,3888
38,female,5,hatchback,10176,4,3,20,suburban,639,yes,yes,2872
33,male,11,truck,41161,2,1,15,urban,440,no,no,3144
29,female,14,sedan,47525,0,1,11,urban,410,yes,no,2761
19,female,3,sedan,20164,4,2,1,suburban,560,yes,no,3151
58,female,3,truck,17222,3,2,40,urban,487,no,no,3812
41,male,1,suv,30379,0,2,23,rural,670,no,yes,2122
52,female,11,hatchback,30653,0,2,34,suburban,657,no,no,1940
73,male,6,truck,23016,4,2,50,suburban,572,no,no,4246
47,female,19,hatchback,23368,1,7,29,urban,748,yes,no,2941
74,female,8,sports,28505,0,5,50,suburban,716,yes,yes,3095
47,male,8,truck,37771,1,0,29,suburban,687,no,no,2182
64,female,7,suv,45245,2,3,46,urban,637,no,yes,3748
52,female,13,sports,43766,2,4,34,suburban,610,no,no,3793
36,female,0,truck,38370,4,6,18,suburban,628,yes,no,4387
67,female,11,sedan,12256,2,5,49,suburban,346,yes,no,3018
25,male,1,truck,48327,4,2,7,urban,448,yes,no,4250
43,female,12,sedan,33251,4,3,25,suburban,649,no,yes,3664
66,female,3,sedan,36977,1,4,48,suburban,622,no,yes,2963
57,male,19,truck,37664,1,1,39,suburban,419,yes,no,2138
24,female,17,truck,11714,2,7,6,rural,697,yes,no,2747
47,female,18,sedan,46144,1,7,29,suburban,496,no,no,3392
24,female,15,hatchback,16701,0,5,6,urban,712,no,yes,2304
20,female,13,sports,19891,3,1,2,rural,738,no,no,2792
18,male,7,suv,41019,0,3,0,urban,336,no,yes,3440
53,female,11,truck,32516,0,0,35,suburban,486,no,yes,1982
42,male,8,sports,45912,4,0,24,suburban,719,no,no,3935
54,female,5,sports,14916,3,7,36,suburban,759,no,yes,4186
18,female,17,hatchback,7910,4,3,0,rural,409,no,no,3454
32,female,1,sports,23254,1,6,14,suburban,486,yes,yes,3888
54,male,7,truck,49250,1,6,36,urban,770,yes,no,3495
30,female,13,sports,41116,3,0,12,rural,377,yes,no,3489
57,female,5,truck,22985,2,6,39,urban,673,no,no,3327
25,male,9,truck,27151,1,0,7,urban,629,yes,no,2090
22,male,7,sedan,10830,0,1,4,urban,424,yes,no,2069
26,male,16,hatchback,49297,3,6,8,urban,615,yes,no,4299
18,male,11,suv,45888,3,0,0,urban,619,no,yes,3476
53,female,16,sedan,23474,1,0,35,suburban,774,no,yes,1987
52,female,12,suv,10480,1,3,34,urban,788,no,yes,2922
19,female,18,truck,14443,4,0,1,urban,813,yes,no,3051
57,female,11,sedan,44138,4,6,39,suburban,633,yes,no,4487
40,male,15,sports,37938,0,7,22,rural,370,no,no,3522
26,female,4,sports,7809,3,7,8,suburban,764,yes,no,4068
51,female,15,suv,44761,2,6,33,rural,675,yes,no,3717
63,female,5,truck,31930,2,5,45,urban,307,no,no,4158
31,female,10,suv,28095,3,2,13,suburban,463,no,yes,3819
21,male,16,hatchback,16946,0,2,3,rural,594,no,no,1875
47,female,13,sports,8991,4,3,29,rural,657,no,no,3749
48,female,5,sedan,28519,4,2,30,suburban,380,no,no,3721
55,female,10,sedan,31657,4,1,37,suburban,574,no,no,3748
28,male,11,sedan,5826,2,5,10,suburban,839,no,no,2584
52,male,12,sports,47625,2,5,34,suburban,346,no,yes,4538
25,female,3,truck,21513,0,3,7,suburban,691,no,no,1909
20,female,6,sports,22801,2,6,2,urban,378,no,no,4557
31,female,1,sports,34846,1,0,13,urban,812,no,yes,3209
30,male,5,sedan,44566,2,2,12,suburban,322,no,yes,3353
62,female,5,sports,28157,4,1,44,suburban,527,yes,no,4178
49,female,17,sedan,33363,0,6,31,urban,737,no,yes,2833
51,female,19,truck,10136,3,3,33,rural,597,yes,yes,3471
62,male,7,hatchback,22421,3,6,44,urban,559,yes,no,4317
36,female,7,sedan,17491,0,3,18,suburban,309,yes,yes,2015
55,female,7,suv,12546,1,0,37,rural,457,no,no,2428
33,male,7,hatchback,10903,3,4,15,suburban,457,no,yes,3497
19,male,0,truck,21406,4,7,1,rural,619,no,no,4190
57,female,1,hatchback,19949,3,2,39,suburban,501,no,no,3743
34,male,11,sedan,14825,3,1,16,urban,420,yes,yes,3228
72,female,14,truck,11287,4,3,50,suburban,438,yes,yes,3890
51,male,3,suv,49961,2,6,33,urban,638,no,no,4355
59,male,2,sedan,39173,1,2,41,rural,559,no,no,3350
33,female,13,sedan,47438,4,6,15,urban,732,no,yes,4860
55,female,7,truck,22578,4,1,37,rural,343,no,no,3855
19,female,12,truck,46535,0,5,1,suburban,458,yes,yes,2953
19,male,18,hatchback,12923,1,5,1,urban,654,no,yes,2893
43,female,4,suv,39374,2,7,25,rural,397,yes,yes,4407
30,female,12,hatchback,46411,4,7,12,rural,837,no,no,4278
73,female,19,hatchback,13316,2,1,50,rural,538,no,no,2645
64,female,0,sedan,49414,4,7,46,rural,774,no,yes,4805
48,female,15,truck,15556,4,5,30,suburban,823,no,yes,3989
51,male,1,sedan,15058,0,3,33,suburban,691,no,no,2141
56,female,6,suv,44018,3,2,38,suburban,308,no,no,4476
20,female,5,hatchback,39451,1,1,2,rural,812,yes,no,2012
25,male,4,suv,30482,0,3,7,suburban,688,yes,yes,2344
40,female,3,truck,49494,2,2,22,rural,509,no,yes,3271
31,female,1,truck,30005,4,2,13,rural,353,yes,no,3521
73,female,9,sports,24135,4,3,50,rural,451,no,yes,4583
72,female,4,suv,28888,1,2,50,urban,709,yes,yes,3180
44,female,17,sedan,37481,0,4,26,suburban,309,no,no,2416
71,male,9,suv,33401,0,1,50,suburban,567,yes,yes,2434
46,male,14,hatchback,45431,2,1,28,urban,750,no,no,3316
56,male,8,truck,29937,0,2,38,urban,496,yes,no,2728
70,female,10,truck,18146,0,3,50,urban,697,yes,no,2556
56,male,16,suv,35101,3,0,38,urban,351,no,no,3742
18,female,8,suv,16253,1,7,0,rural,768,no,yes,2756
34,female,15,suv,8223,0,5,16,suburban,667,no,no,1740
58,female,5,hatchback,10441,2,2,40,suburban,673,no,no,2350
47,male,10,hatchback,47590,4,0,29,suburban,358,no,no,3716
70,male,16,sedan,45149,0,2,50,rural,593,yes,yes,2153
30,male,3,suv,17863,0,0,12,suburban,409,no,yes,2354
38,female,14,sedan,42952,4,2,20,urban,841,no,yes,3948
36,male,0,sports,34564,3,3,18,suburban,406,yes,yes,4839
70,female,19,hatchback,21653,1,5,50,suburban,596,yes,no,2680
36,male,0,truck,29088,3,6,18,rural,394,yes,yes,3975
74,male,8,sports,27499,2,6,50,urban,771,no,yes,4144
42,female,11,truck,47083,0,0,24,urban,378,no,yes,2458
39,female,3,sports,28682,3,7,21,urban,549,yes,no,5248
48,male,12,sedan,37132,1,7,30,suburban,638,yes,no,3165
34,male,6,sedan,9533,2,4,16,urban,356,no,no,3445
72,male,7,hatchback,22426,3,3,50,urban,446,yes,no,4121
40,female,12,truck,19560,0,5,22,suburban,316,no,yes,2682
49,female,10,sports,39409,1,2,31,rural,667,yes,yes,2781
27,male,8,suv,20925,0,0,9,suburban,488,yes,yes,1728
27,male,15,suv,27987,0,7,9,rural,547,no,yes,3044
53,female,9,hatchback,15633,2,5,35,rural,449,yes,yes,3938
25,male,10,truck,41065,1,1,7,urban,512,yes,no,3000
71,female,11,suv,35125,4,7,50,urban,516,no,yes,5363
69,female,13,hatchback,8996,0,3,50,suburban,305,no,no,2214
37,female,18,hatchback,5014,1,0,19,rural,694,yes,no,1094
49,female,11,truck,19895,0,3,31,suburban,603,no,no,1880
67,female,17,suv,6674,3,0,49,urban,710,no,yes,3004
31,female,16,suv,42867,3,6,13,rural,702,no,yes,3966
67,male,2,suv,25001,1,1,49,urban,679,yes,no,2503
45,female,0,sedan,22864,2,4,27,urban,751,yes,yes,3166
63,female,18,suv,31321,4,1,45,urban,528,yes,yes,4057
69,male,3,sports,29082,3,2,50,rural,804,yes,yes,3510
70,female,15,sedan,45131,2,3,50,rural,444,yes,yes,3363
41,male,11,sedan,10957,4,4,23,urban,349,yes,no,3680
32,female,12,sedan,9210,3,3,14,rural,723,yes,yes,2366
39,male,16,sedan,23069,4,5,21,urban,399,no,yes,4138
47,male,7,hatchback,39851,0,0,29,urban,642,no,yes,2317
21,female,12,sports,31865,1,2,3,urban,825,yes,no,3260
30,female,19,truck,23070,3,2,12,rural,312,yes,no,2719
40,female,4,suv,9158,3,3,22,suburban,471,no,yes,3789
25,female,17,sedan,40550,0,6,7,suburban,788,yes,yes,2155
35,male,14,truck,25572,3,2,17,rural,658,yes,yes,2925
29,male,11,hatchback,9100,3,7,11,rural,405,yes,yes,3663
72,male,16,truck,49469,3,3,50,urban,488,no,no,4486
48,female,14,sedan,20525,3,0,30,urban,828,no,no,2607
31,male,1,sports,23456,3,0,13,suburban,349,no,no,3346
51,female,5,truck,5097,2,3,33,urban,548,yes,no,2871
35,female,16,sedan,14483,3,1,17,suburban,709,no,no,2560
73,male,15,sedan,41232,0,1,50,suburban,690,no,no,2406
51,female,16,suv,6787,3,0,33,rural,678,yes,yes,2144
28,male,19,suv,45531,4,4,10,rural,526,yes,no,4345
58,female,8,sports,26788,4,7,40,rural,512,yes,no,5005
29,male,4,suv,38451,0,1,11,suburban,828,yes,no,2000
66,female,0,sports,21092,2,3,48,rural,645,no,yes,3115
32,male,5,hatchback,6132,0,0,14,suburban,718,no,no,1407
74,male,13,hatchback,17314,2,2,50,rural,383,yes,no,2826
48,female,16,suv,43645,1,2,30,suburban,496,yes,no,3156
66,female,18,hatchback,27582,4,6,48,urban,829,yes,no,4165
46,male,0,truck,32780,4,7,28,urban,520,yes,yes,5073
43,female,0,truck,37236,4,1,25,suburban,475,yes,yes,4135
35,female,12,truck,18068,2,4,17,suburban,621,no,yes,2682
49,female,13,hatchback,16057,0,5,31,urban,834,yes,no,2254
39,male,5,truck,38622,2,1,21,suburban,693,no,yes,2583
55,male,5,sports,43506,4,4,37,suburban,623,yes,yes,4563
34,female,0,sedan,7026,4,1,16,urban,384,no,yes,3457
40,female,13,suv,31563,4,2,22,suburban,726,yes,yes,3388
41,male,2,sports,43133,4,4,23,rural,567,yes,yes,5287
67,female,9,truck,7550,1,2,49,urban,411,no,no,3012
25,male,18,sedan,35922,4,7,7,rural,697,no,no,3873
58,female,18,suv,12089,2,6,40,suburban,351,no,no,3540
23,female,18,sports,21623,4,3,5,suburban,383,no,no,4163
22,female,3,suv,17043,3,3,4,rural,724,no,no,3435
61,male,19,hatchback,6036,1,0,43,suburban,320,no,no,1867
74,male,18,truck,27516,4,2,50,suburban,355,no,yes,3848
46,male,9,sports,26164,3,2,28,rural,590,no,yes,3869
45,male,1,sports,11122,2,6,27,suburban,672,yes,no,3226
28,female,3,sedan,36786,1,0,10,urban,307,yes,no,2882
74,female,5,sedan,21150,4,7,50,rural,423,yes,no,4638
18,male,6,sedan,27094,2,3,0,rural,400,no,no,3167
60,female,15,suv,16692,3,3,42,rural,392,no,yes,3438
36,female,6,truck,17054,1,4,18,rural,684,yes,yes,2201
26,male,17,suv,6767,4,4,8,urban,379,no,no,4168
44,female,19,truck,9708,2,5,26,rural,597,yes,no,3075
51,female,18,sports,46121,1,6,33,rural,330,no,no,3871
61,male,8,suv,34292,3,3,43,suburban,677,no,no,3494
21,female,19,suv,33082,4,5,3,rural,629,no,no,3653
53,female,9,suv,39024,1,1,35,suburban,598,no,no,3000
35,female,12,hatchback,31734,3,2,17,rural,581,yes,yes,3506
32,male,17,truck,47911,3,4,14,rural,311,yes,yes,3807
68,male,15,truck,28461,2,1,50,urban,368,yes,yes,3001
30,female,16,suv,10351,3,4,12,suburban,822,no,yes,2949
36,female,12,hatchback,38517,3,0,18,urban,322,yes,no,3931
66,female,11,suv,22092,0,2,48,suburban,636,yes,yes,2145
23,male,9,truck,44184,3,5,5,rural,726,yes,yes,3759
65,male,0,sports,44718,4,7,47,urban,508,yes,no,6033
73,male,7,hatchback,30041,1,5,50,suburban,514,yes,yes,3208
29,female,17,hatchback,30676,4,7,11,suburban,722,yes,yes,3772
68,female,1,suv,39481,4,7,50,urban,372,no,yes,5352
54,female,15,sports,17777,2,4,36,suburban,573,no,no,3586
34,female,11,truck,29320,0,3,16,rural,532,no,no,2150
40,female,8,sedan,13308,0,6,22,suburban,340,no,no,2424
43,male,2,truck,48441,4,5,25,rural,588,yes,no,4683
46,female,3,truck,20329,1,0,28,suburban,569,yes,yes,2186
50,female,1,sports,18882,0,0,32,urban,738,no,no,2288
44,female,7,hatchback,9714,0,3,26,rural,613,yes,no,1658
42,male,9,truck,31050,4,0,24,suburban,809,yes,no,3058
73,female,15,hatchback,48432,0,6,50,rural,693,yes,yes,2851
72,male,10,sports,20753,2,2,50,urban,327,no,yes,3776
27,male,17,sports,34979,4,4,9,suburban,569,yes,yes,4718
64,male,13,suv,19630,0,0,46,suburban,766,no,yes,1510
40,male,7,sedan,22658,0,2,22,rural,373,no,no,2469
38,male,14,sports,8709,0,3,20,urban,545,yes,yes,2659
38,female,16,sports,38106,4,4,20,urban,709,no,no,4693
60,female,17,hatchback,44529,1,3,42,suburban,797,no,yes,2804
30,male,5,sports,42043,3,4,12,rural,717,no,no,4378
54,male,13,truck,16491,0,6,36,suburban,510,no,yes,2788
50,male,2,suv,44530,3,0,32,suburban,522,no,yes,4165
41,female,6,suv,13834,3,0,23,rural,659,yes,yes,2724
61,female,14,truck,19358,0,4,43,urban,319,yes,yes,2568
28,male,15,sports,14872,0,2,10,suburban,722,no,no,1906
34,female,15,sedan,26657,3,2,16,suburban,420,no,yes,3251
21,female,7,sports,29827,1,2,3,rural,472,no,no,3493
64,male,6,suv,13173,3,1,46,rural,333,no,no,3066
42,male,5,sedan,21685,1,5,24,suburban,370,no,yes,2854
47,female,1,hatchback,16333,2,5,29,urban,844,no,yes,3252
26,female,12,hatchback,16356,1,5,8,rural,834,no,yes,2160
38,female,11,sports,45584,4,2,20,suburban,313,yes,yes,4554
37,male,14,sports,49917,0,0,19,urban,605,no,no,3134
36,male,8,sedan,16344,2,6,18,rural,847,yes,no,2827
36,male,1,sedan,49619,3,1,18,rural,570,yes,yes,3789
29,female,16,sports,44998,1,7,11,suburban,352,no,no,3823
54,female,4,suv,46571,2,7,36,rural,793,yes,yes,3770
59,male,10,hatchback,20795,4,2,41,suburban,762,no,no,3547
34,female,18,sedan,34743,1,0,16,rural,822,yes,yes,2128
54,male,6,suv,6943,3,1,36,urban,623,yes,no,3013
71,female,1,sports,29649,3,0,50,urban,823,no,yes,3871
65,male,15,truck,26021,1,4,47,rural,742,yes,yes,2519
56,female,11,sedan,13348,4,0,38,suburban,550,yes,yes,2662
45,female,14,truck,16750,0,1,27,rural,459,yes,yes,1745
58,male,0,suv,10385,0,2,40,suburban,335,yes,no,1988
52,male,12,hatchback,21639,3,5,34,rural,497,no,yes,3921
64,male,5,suv,24494,4,1,46,urban,749,yes,yes,3346
65,male,12,hatchback,47011,3,2,47,suburban,677,no,no,3359
35,male,17,suv,42800,0,2,17,urban,545,no,no,2867
31,female,2,sedan,44029,3,6,13,urban,692,no,yes,4153
52,male,0,sedan,23640,1,3,34,urban,503,no,no,3107
61,male,14,truck,40402,1,7,43,rural,343,yes,no,3733
58,male,12,suv,6891,4,6,40,suburban,614,yes,yes,3742
24,male,4,suv,33259,0,4,6,urban,707,yes,yes,2439
58,male,12,truck,33987,4,3,40,suburban,505,yes,yes,4227
30,female,4,sports,15683,4,5,12,suburban,540,no,yes,4703
35,male,18,suv,14967,0,1,17,urban,340,no,yes,2212
54,male,17,suv,17128,2,3,36,rural,662,yes,no,2429
30,male,9,suv,45194,2,5,12,urban,394,no,no,3759
53,female,7,sports,39738,3,2,35,urban,839,no,yes,4073
48,female,14,sedan,33295,2,1,30,suburban,443,no,yes,2744
19,male,19,truck,25337,1,3,1,rural,358,no,yes,2344
33,male,3,sports,27202,4,0,15,suburban,808,no,yes,3595
26,female,1,hatchback,11771,3,5,8,rural,812,no,no,3222
26,female,5,hatchback,48452,4,5,8,urban,321,no,no,5150
55,female,2,sports,17857,0,4,37,rural,503,no,yes,3317
28,male,6,sports,36301,2,7,10,suburban,770,no,no,4293
71,male,9,sedan,36460,0,0,50,urban,583,yes,no,2269
73,female,5,hatchback,26387,3,1,50,rural,671,yes,yes,2979
39,male,15,truck,14832,1,3,21,rural,797,no,yes,2329
50,female,1,suv,17626,2,2,32,suburban,631,yes,no,2370
53,female,16,suv,23485,0,3,35,rural,326,no,no,2714
62,female,12,sedan,18423,2,7,44,urban,428,no,no,3749
40,male,0,sedan,36403,4,6,22,rural,679,yes,no,4286
62,female,5,hatchback,35623,1,7,44,suburban,806,yes,yes,3280
62,female,4,truck,21802,2,1,44,rural,394,no,no,2974
51,male,12,truck,21333,1,1,33,urban,476,no,yes,3097
26,female,17,sports,40120,4,1,8,urban,772,yes,no,4067
41,male,11,sedan,33085,4,1,23,rural,785,no,no,3023
25,female,6,suv,27159,0,6,7,rural,574,yes,yes,2949
24,male,14,suv,29660,3,5,6,urban,722,no,yes,3819
53,female,2,hatchback,39519,0,3,35,suburban,830,no,no,2486
35,female,15,suv,33797,1,0,17,urban,619,yes,no,2502
20,female,0,truck,24041,0,2,2,rural,357,no,yes,2174
45,female,15,truck,49935,2,2,27,rural,572,yes,no,3385
23,female,11,sedan,27507,0,4,5,suburban,497,no,yes,2428
61,male,18,hatchback,10524,3,5,43,urban,378,yes,yes,4053
61,male,7,suv,23735,3,1,43,urban,340,no,no,3750
38,female,11,sedan,32675,1,7,20,suburban,544,yes,no,3191
45,female,14,sports,22673,4,1,27,urban,322,yes,yes,4494
57,female,1,sports,49083,3,1,39,suburban,535,yes,yes,4215
71,male,16,suv,40470,1,7,50,urban,425,yes,yes,4152
71,male,6,suv,46603,3,5,50,suburban,439,yes,yes,4513
18,female,12,suv,24289,3,0,0,suburban,693,yes,yes,2575
53,male,0,truck,36230,4,1,35,suburban,426,no,yes,4527
38,female,5,suv,19542,2,4,20,rural,413,yes,no,3552
60,female,12,sports,40690,1,4,42,rural,824,no,no,3638
52,female,10,suv,11654,3,0,34,rural,527,no,yes,3149
30,male,9,hatchback,7021,3,5,12,urban,820,yes,no,3067
74,female,15,sports,25008,0,1,50,suburban,445,no,yes,2747
66,female,19,hatchback,27728,2,6,48,urban,462,no,yes,4016
71,female,16,sports,29162,4,3,50,urban,468,yes,yes,4888
71,male,16,sedan,32446,1,3,50,suburban,837,yes,no,2432
27,male,3,sports,34979,3,2,9,rural,424,yes,no,4010
70,male,4,sports,49078,1,0,50,urban,599,yes,yes,3826
61,female,13,hatchback,9225,4,3,43,urban,549,no,yes,3839
64,male,19,hatchback,14209,2,2,46,urban,821,yes,no,2659
70,female,9,sports,49660,0,4,50,rural,404,yes,no,3205
27,male,13,sports,20723,2,2,9,suburban,812,yes,yes,3126
63,female,0,truck,8140,0,1,45,suburban,805,no,yes,1265
30,male,10,sedan,16721,1,1,12,urban,601,no,no,1870
54,female,17,sedan,7587,2,4,36,suburban,529,yes,no,2848
55,male,15,suv,48342,2,0,37,rural,363,yes,yes,3324
41,male,17,sports,44437,2,5,23,suburban,531,yes,yes,4604
19,male,7,sports,23989,4,7,1,urban,482,no,yes,5379
39,female,9,sports,37726,1,7,21,urban,618,no,yes,4056
34,male,9,sports,10004,0,1,16,suburban,391,no,yes,2323
53,male,4,sedan,19301,2,7,35,urban,363,no,yes,4359
31,male,9,hatchback,37679,1,1,13,rural,518,yes,no,3008
27,male,17,truck,33103,4,2,9,rural,546,no,no,3705
52,female,5,hatchback,46168,4,2,34,rural,772,yes,no,3916
42,male,2,hatchback,12504,1,2,24,rural,356,yes,yes,2315
20,female,7,sedan,41578,0,3,2,urban,344,yes,yes,2757
64,female,8,truck,11080,1,6,46,urban,385,yes,no,3597
55,female,4,sports,12408,1,4,37,suburban,337,no,no,3178
34,female,1,sedan,9153,3,0,16,urban,481,yes,yes,2571
29,male,1,sedan,16055,4,2,11,suburban,463,no,no,3714
71,female,6,truck,24760,0,0,50,urban,425,no,no,2600
69,female,16,suv,22752,3,6,50,suburban,506,no,yes,4204
41,female,9,sedan,29193,1,2,23,suburban,566,yes,no,2654
46,female,11,hatchback,8800,4,1,28,rural,653,yes,no,2941
60,male,1,hatchback,6037,3,6,42,suburban,710,yes,no,3327
42,male,9,sports,35054,3,0,24,suburban,421,yes,yes,3887
53,female,19,sedan,31866,0,3,35,suburban,807,yes,yes,1975
43,female,0,sports,5992,1,2,25,suburban,768,no,no,2143
55,female,3,sedan,28696,0,5,37,suburban,432,yes,no,2776
18,male,12,truck,42278,3,4,0,rural,678,no,yes,3141
37,male,11,sedan,38161,3,1,19,suburban,617,no,yes,3025
72,male,10,suv,13005,0,6,50,suburban,424,no,yes,2771
45,male,9,hatchback,34400,3,6,27,suburban,750,no,yes,3984
33,male,14,truck,21741,2,2,15,urban,507,yes,yes,3038
64,female,4,hatchback,22565,4,6,46,urban,599,yes,no,4805
34,male,16,sports,44585,1,0,16,rural,788,yes,yes,2583
57,male,4,truck,39833,4,7,39,suburban,441,no,no,5182
45,female,1,suv,17094,1,2,27,suburban,773,no,no,2032
29,male,8,hatchback,36280,3,1,11,urban,603,no,yes,3121
44,male,5,sedan,49378,0,4,26,suburban,329,no,yes,3289
71,male,17,sedan,24513,0,4,50,rural,676,no,yes,2003
70,female,13,sedan,5154,3,4,50,suburban,640,no,no,2528
59,male,18,truck,35262,1,5,41,rural,508,yes,yes,3370
64,female,13,suv,33134,3,7,46,urban,542,no,no,5053
47,female,7,suv,47514,1,1,29,rural,457,yes,yes,3172
58,male,16,suv,13678,3,5,40,rural,445,yes,no,3692
51,male,2,hatchback,11294,3,5,33,rural,639,yes,no,3533
54,male,9,truck,14574,3,6,36,rural,391,no,yes,4078
23,male,16,sedan,40183,0,2,5,rural,628,yes,yes,2088
24,female,10,hatchback,6070,1,1,6,rural,471,yes,no,1980
49,male,7,suv,23638,3,1,31,rural,330,no,no,3487
49,female,0,sedan,31082,4,6,31,rural,571,yes,yes,4486
70,female,12,truck,21306,4,2,50,rural,394,yes,no,3442
42,female,3,sports,47835,0,3,24,urban,376,no,no,3872
50,female,6,suv,12807,2,5,32,rural,450,no,yes,3583
72,female,13,suv,28224,0,4,50,rural,441,no,yes,2759
24,male,4,suv,37143,2,7,6,suburban,530,yes,no,4175
69,female,10,suv,29766,0,0,50,suburban,427,yes,no,2123
74,female,16,sedan,29715,4,7,50,suburban,796,no,yes,4447
29,male,4,truck,12398,3,5,11,rural,579,yes,yes,3306
33,male,19,hatchback,17202,1,0,15,urban,840,no,yes,1613
33,female,2,sedan,32987,3,2,15,urban,829,no,no,3446
60,female,4,truck,40740,4,7,42,suburban,430,no,yes,5170
70,male,14,hatchback,16312,1,0,50,suburban,760,yes,no,1434
53,female,18,suv,25354,2,3,35,rural,568,yes,yes,3362
30,male,15,truck,18627,2,1,12,urban,559,yes,yes,2419
24,male,7,suv,39113,4,4,6,urban,350,no,no,4747
53,female,12,truck,33758,1,0,35,suburban,432,no,yes,2177
64,male,15,sports,45409,3,0,46,urban,304,yes,no,3781
68,female,2,suv,33486,4,7,50,suburban,801,yes,yes,4703
26,female,0,suv,20099,2,2,8,suburban,483,yes,yes,2996
49,female,8,suv,46412,4,2,31,rural,708,no,yes,3773
28,male,8,sedan,6611,3,6,10,suburban,390,no,yes,3448
25,female,16,hatchback,36657,0,1,7,rural,735,yes,yes,1656
50,male,1,suv,23462,0,4,32,urban,488,yes,no,2930
40,female,8,suv,15773,3,6,22,urban,779,yes,no,3755
42,female,18,sedan,28763,1,6,24,suburban,682,yes,no,2535
73,male,12,sedan,43547,4,0,50,suburban,621,no,yes,3439
25,female,4,sports,47218,3,1,7,rural,742,yes,yes,3640
62,female,8,truck,34063,0,7,44,rural,789,yes,yes,2596
39,male,12,suv,44918,2,7,21,urban,432,no,yes,4412
21,male,0,truck,21737,3,7,3,urban,725,no,no,3786
57,male,14,sedan,18861,3,4,39,suburban,549,yes,no,3376
20,female,3,sedan,47523,3,1,2,suburban,360,no,yes,3527
46,male,3,sports,35284,0,0,28,rural,721,yes,no,2076
58,male,19,hatchback,27428,0,7,40,suburban,775,yes,yes,2556
46,female,9,sedan,5711,3,2,28,rural,522,yes,yes,3155
51,male,5,suv,18706,3,2,33,urban,737,no,yes,3454
51,female,11,sports,33078,1,2,33,urban,683,yes,no,3164
45,female,19,hatchback,15924,2,3,27,suburban,618,yes,yes,2169
30,male,15,sports,20921,4,1,12,rural,524,no,no,4206
32,female,2,sedan,30432,4,7,14,suburban,722,no,no,4636
40,male,13,hatchback,22813,4,0,22,suburban,490,no,yes,3328
61,male,0,truck,44212,0,1,43,rural,378,yes,no,2434
43,male,9,hatchback,48452,0,2,25,suburban,664,yes,yes,2217
21,male,14,suv,8420,1,5,3,rural,321,yes,no,2639
43,female,6,truck,7068,0,5,25,rural,847,yes,yes,1716
57,female,3,truck,44927,3,7,39,suburban,629,yes,yes,4282
26,male,13,suv,9806,2,1,8,rural,455,no,yes,2768
72,male,15,truck,44612,2,7,50,urban,355,no,yes,4320
22,female,13,sedan,35539,2,4,4,urban,547,yes,yes,4034
73,male,2,hatchback,16683,2,5,50,urban,560,yes,no,3412
49,female,16,hatchback,24615,4,5,31,urban,734,yes,yes,3776
37,male,13,suv,40674,4,1,19,suburban,826,yes,yes,3600
67,female,17,sedan,25575,3,6,49,urban,777,yes,no,4240
28,female,2,truck,24807,1,3,10,urban,837,yes,yes,2443
32,female,18,hatchback,25441,0,3,14,urban,834,yes,yes,1735
49,male,2,hatchback,26578,0,2,31,urban,680,yes,no,2256
45,male,11,hatchback,16117,4,7,27,suburban,402,no,yes,4282
39,male,4,hatchback,8665,2,0,21,urban,328,no,no,2841
58,male,9,sports,49390,3,6,40,rural,782,yes,no,4628
34,male,8,suv,14348,1,7,16,rural,356,yes,no,3015
43,female,0,truck,33783,4,4,25,suburban,361,yes,yes,4760
61,female,12,truck,12882,3,7,43,suburban,347,no,no,3341
24,female,2,suv,10289,3,6,6,suburban,666,no,yes,3859
59,female,18,sedan,18910,4,7,41,urban,846,yes,no,4339
74,female,10,suv,45566,3,0,50,suburban,844,yes,no,3182
43,female,15,hatchback,36983,2,0,25,urban,626,yes,no,3004
42,female,5,hatchback,41176,3,4,24,suburban,565,yes,yes,3684
27,male,2,suv,22545,1,3,9,rural,475,yes,no,3007
62,female,18,suv,35289,3,6,44,rural,343,no,yes,3929
36,male,5,truck,9090,0,7,18,urban,518,yes,no,2607
28,female,7,truck,48801,3,5,10,suburban,425,yes,no,3931
30,female,12,sports,20362,4,2,12,rural,678,no,yes,3627
70,male,11,sports,27074,0,1,50,urban,618,yes,no,2578
25,female,9,hatchback,35835,4,3,7,rural,604,no,no,3491
57,male,2,sports,18783,1,2,39,suburban,499,no,yes,2823
21,female,3,sports,49162,2,5,3,urban,384,no,yes,4885
64,male,0,sedan,40749,1,3,46,rural,340,yes,no,3194
48,female,12,suv,45833,0,6,30,suburban,662,no,no,3058
45,male,3,truck,8554,2,4,27,urban,568,no,no,3385
28,male,10,sports,23773,3,0,10,rural,661,no,yes,3356
60,female,18,truck,13158,0,4,42,rural,666,yes,yes,1678
18,female,10,sports,6014,2,5,0,urban,480,no,no,4012
66,male,11,sports,35331,4,1,48,suburban,530,no,yes,4366
64,female,10,hatchback,47986,2,7,46,urban,369,yes,yes,4335
69,male,5,sedan,41481,4,4,50,rural,788,yes,no,4374
55,female,11,suv,12585,4,5,37,rural,533,no,yes,4482
41,male,8,suv,9122,2,0,23,rural,728,no,yes,2282
71,female,9,hatchback,47660,1,3,50,suburban,593,no,yes,3145
74,male,2,hatchback,21838,1,2,50,rural,647,yes,yes,2082
64,female,2,suv,22301,4,5,46,rural,398,yes,yes,4751
48,male,19,suv,28107,0,5,30,urban,660,yes,no,2821
58,male,15,sedan,27625,2,6,40,rural,657,yes,yes,3104
63,female,2,sports,42142,0,1,45,urban,429,yes,yes,3846
67,female,9,sedan,5489,1,3,49,rural,818,no,yes,2151
43,male,10,suv,5984,0,5,25,urban,682,no,yes,2113
66,male,7,sports,22344,3,5,48,urban,363,yes,no,4666
67,male,5,suv,39550,3,2,49,urban,695,no,no,3952
22,male,19,sedan,19959,1,7,4,urban,480,yes,yes,3191
37,female,10,sedan,43751,0,0,19,suburban,488,no,no,2460
69,male,11,sedan,6869,2,4,50,rural,482,no,yes,2826
58,male,15,sports,49264,1,6,40,suburban,791,yes,no,3483
28,male,17,truck,35268,3,3,10,rural,469,yes,yes,3560
73,female,12,truck,24028,1,2,50,urban,621,no,yes,2464
71,male,2,suv,44606,0,2,50,rural,471,no,no,3501
50,female,14,sports,18550,0,4,32,urban,583,no,yes,3399
67,female,13,hatchback,10702,0,3,49,rural,665,no,no,1598
55,female,17,truck,18027,4,3,37,urban,410,yes,yes,4173
44,female,13,sports,49628,0,6,26,rural,377,no,no,3963
51,female,4,sports,37743,3,0,33,rural,552,yes,no,4076
32,female,13,truck,29459,3,3,14,rural,535,no,no,3479
49,female,7,sports,27286,4,6,31,urban,392,yes,no,5369
38,male,14,sports,11032,3,5,20,rural,333,yes,yes,3530
63,male,14,truck,6825,3,4,45,urban,780,yes,yes,3404
22,female,18,sedan,16554,1,3,4,suburban,703,no,no,1233
23,male,19,suv,17470,0,7,5,rural,521,no,yes,2640
55,male,5,hatchback,8770,1,7,37,urban,789,yes,yes,2606
39,female,18,suv,32268,1,0,21,urban,639,no,yes,2270
35,male,7,sedan,5029,3,2,17,urban,812,yes,no,2755
31,female,5,sedan,35083,2,5,13,suburban,551,yes,no,3292
27,male,19,sports,13958,0,3,9,urban,663,yes,yes,1724
63,female,14,suv,13806,2,4,45,suburban,826,yes,yes,2822
30,female,2,sedan,37162,3,3,12,suburban,441,yes,no,4130
48,male,9,suv,14196,4,6,30,urban,610,no,yes,4218
47,male,14,sedan,39889,1,1,29,rural,684,yes,yes,2364
20,female,15,hatchback,32702,3,7,2,suburban,611,no,yes,3979
47,female,16,sedan,40777,3,0,29,urban,578,no,no,3230
23,female,18,suv,12739,2,2,5,suburban,645,no,no,2208
46,male,10,sports,29599,4,1,28,urban,686,yes,no,3866
25,male,15,suv,41827,1,4,7,urban,601,no,yes,2975
61,male,4,truck,16285,4,3,43,suburban,806,no,yes,3861
62,male,4,suv,36147,4,0,44,urban,546,no,yes,4417
60,female,13,hatchback,34727,4,5,42,suburban,787,no,no,4207
61,female,17,hatchback,7910,0,6,43,urban,538,yes,no,2599
50,female,7,hatchback,19674,4,6,32,rural,828,no,no,3696
34,female,4,sedan,23354,3,3,16,rural,648,no,yes,3262
65,male,6,hatchback,35676,0,7,47,suburban,651,yes,no,3049
28,female,15,suv,31114,0,3,10,suburban,453,no,yes,2550
30,female,13,sports,28039,4,3,12,suburban,809,no,yes,4163
67,male,4,hatchback,49929,3,5,49,suburban,485,no,no,4276
28,male,8,suv,36831,1,3,10,rural,724,no,yes,2847
48,female,3,sedan,48884,4,0,30,suburban,361,no,yes,4341
45,male,3,sedan,30146,0,5,27,urban,700,yes,no,2713
61,female,15,sports,22626,1,5,43,urban,358,no,yes,3523
23,male,16,sports,22096,1,7,5,suburban,441,no,no,3994
58,male,14,suv,36308,0,1,40,urban,765,yes,no,2067
33,female,3,sports,18054,1,4,15,suburban,448,no,no,3458
21,male,5,sports,19070,3,5,3,urban,746,no,yes,4351
52,female,15,sedan,47253,3,1,34,urban,473,no,no,4145
65,male,3,suv,31250,4,0,47,suburban,610,yes,no,3144
73,male,5,sports,19413,4,4,50,suburban,361,no,no,4801
43,male,4,suv,16855,1,5,25,rural,466,no,yes,3152
74,male,15,hatchback,43921,0,2,50,suburban,402,no,yes,2911
29,male,15,sedan,10587,3,1,11,rural,327,no,yes,2873
28,female,9,sedan,13827,2,0,10,suburban,807,no,no,2271
54,male,8,sedan,30785,4,0,36,urban,433,yes,no,3973
42,female,3,truck,36864,3,0,24,rural,358,no,no,3387
35,male,13,suv,36311,1,6,17,urban,389,yes,yes,3744
36,female,3,hatchback,11861,3,4,18,suburban,369,no,no,3776
40,male,11,sports,15804,3,7,22,suburban,484,no,no,4241
72,female,9,hatchback,18979,1,3,50,suburban,737,no,yes,2535
55,female,3,suv,6297,4,2,37,suburban,773,yes,yes,3130
71,male,17,sedan,5357,4,4,50,rural,467,yes,no,3438
35,male,12,truck,21624,2,4,17,rural,423,no,no,3332
43,male,12,suv,15796,2,7,25,suburban,512,no,no,3524
23,female,13,suv,28238,4,7,5,urban,481,yes,yes,4910
21,female,17,sports,33640,4,5,3,rural,370,yes,yes,4575
61,male,0,hatchback,45883,4,6,43,urban,494,yes,no,4751
68,male,15,hatchback,36857,4,1,50,suburban,591,no,yes,3997
46,female,14,sports,24942,3,2,28,rural,356,yes,yes,3844
51,female,4,truck,8860,2,0,33,rural,599,yes,no,1990
34,male,5,sedan,9447,1,4,16,rural,617,yes,no,1944
60,female,5,sedan,25523,0,2,42,urban,670,yes,yes,1774
60,male,2,truck,39735,1,1,42,suburban,382,no,yes,3061
70,male,15,sports,44347,0,3,50,suburban,393,yes,yes,3539
33,male,11,suv,9849,3,2,15,rural,566,yes,yes,3266
19,female,3,hatchback,29718,2,6,1,rural,675,no,no,3442
51,female,0,suv,44935,0,6,33,suburban,460,yes,yes,3350
72,female,3,hatchback,27326,4,0,50,urban,801,no,no,3770
25,female,0,suv,12466,3,6,7,rural,676,yes,yes,3472
30,male,7,sports,27789,0,4,12,urban,411,no,no,3437
59,female,4,sports,32135,4,3,41,urban,578,yes,yes,5219
25,male,1,truck,35262,3,7,7,suburban,732,no,no,4200
47,male,11,suv,29435,0,1,29,suburban,541,no,no,2230
49,male,16,suv,39787,4,0,31,urban,521,no,no,3919
53,female,6,truck,43942,2,7,35,urban,585,no,yes,4466
64,male,10,truck,20689,3,3,46,suburban,303,no,yes,3489
47,male,3,sports,44860,0,5,29,rural,619,no,yes,3394
18,female,4,sports,48273,4,5,0,urban,620,yes,yes,5212
60,male,5,suv,7355,2,1,42,rural,307,no,no,2439
56,female,10,sports,36928,4,0,38,urban,351,no,yes,4534
34,female,0,sports,5333,2,6,16,suburban,441,no,no,3683
37,female,9,suv,40330,0,4,19,rural,579,no,no,3206
41,male,19,truck,19776,4,1,23,suburban,387,yes,yes,3223
67,female,10,suv,32014,4,6,49,urban,459,no,no,5022
39,female,16,sedan,39563,1,3,21,suburban,327,yes,no,2903
46,female,7,suv,20270,3,0,28,rural,827,no,yes,2711
39,female,12,sedan,36279,4,5,21,suburban,571,yes,yes,4287
61,male,19,suv,38021,2,5,43,rural,399,yes,no,4093
