home_age,home_value,square_feet,location_risk,construction_type,security_system,smoke_detectors,flood_zone,roof_age,owner_age,claims_history,garage,premium
15,1338870,2652,high,steel,yes,no,yes,28,25,2,yes,4661
83,1037304,845,high,brick,yes,yes,yes,16,42,3,yes,4656
37,155132,1586,medium,brick,yes,yes,no,27,46,3,no,2740
70,1294339,1246,low,concrete,yes,yes,no,17,41,0,no,2594
44,733726,1043,high,wood,yes,no,no,19,31,2,no,3623
69,918020,5903,low,wood,yes,yes,no,25,39,1,no,3483
3,1287170,886,medium,steel,yes,no,yes,8,54,1,yes,3112
10,1472589,4907,high,steel,yes,no,no,10,74,1,no,3301
77,1246404,4208,medium,brick,yes,yes,yes,1,56,1,yes,4260
4,880712,5715,high,brick,yes,yes,yes,13,46,2,yes,3835
56,1006587,1448,medium,steel,no,yes,yes,14,24,1,yes,3791
40,1013836,2108,low,steel,yes,yes,no,0,72,2,yes,2564
33,563302,934,high,steel,yes,no,yes,0,71,1,yes,2766
98,334798,1486,high,brick,no,no,no,8,34,3,yes,3047
33,427889,4641,low,steel,no,no,no,11,56,2,yes,2432
60,489710,4867,high,brick,no,no,yes,16,46,1,no,3398
21,621085,1474,medium,wood,yes,no,yes,14,76,1,no,3237
69,715266,3166,high,wood,yes,no,no,3,39,0,no,3070
45,464388,4286,high,brick,yes,yes,no,4,72,1,no,2439
57,442459,1930,high,brick,no,no,no,13,51,3,yes,3169
77,1050447,2800,medium,brick,no,yes,yes,5,61,2,no,4196
40,303862,5182,low,brick,yes,no,no,5,67,0,yes,1365
81,1234025,2373,medium,concrete,no,no,no,18,51,1,no,3709
64,501624,2627,medium,wood,yes,yes,yes,22,79,1,yes,3663
10,283134,4353,high,wood,no,no,no,29,45,0,no,2690
74,280827,5106,high,concrete,no,no,yes,23,47,2,no,4255
66,1195084,2044,low,steel,yes,yes,no,0,22,3,yes,3170
85,1404270,5195,high,brick,yes,yes,yes,28,54,0,no,4325
65,275335,1167,medium,brick,yes,no,no,8,29,0,yes,1487
30,477893,2297,high,steel,no,no,yes,28,33,1,yes,3552
82,766023,5364,high,wood,yes,yes,yes,21,29,3,yes,5144
35,180752,3743,low,concrete,yes,no,no,0,32,2,no,1790
53,299620,1700,medium,brick,no,no,yes,26,35,2,yes,3603
39,348715,645,medium,wood,no,yes,no,24,39,3,no,3279
22,1077474,3452,low,wood,yes,no,no,3,65,0,no,2837
67,873496,3406,medium,wood,no,no,yes,24,61,3,no,5022
70,729010,2138,medium,concrete,yes,yes,no,15,22,0,no,2377
80,256249,3383,high,concrete,yes,yes,yes,25,42,1,no,3233
67,248765,1360,low,concrete,no,no,no,27,31,3,no,2662
75,1379323,5934,low,concrete,no,yes,no,4,58,3,no,4136
17,981169,2112,high,concrete,yes,no,no,15,50,1,no,3131
19,1343891,5950,low,concrete,no,no,no,21,67,0,yes,2988
60,912862,1260,low,steel,yes,yes,no,13,61,0,no,1990
72,493222,1297,high,wood,no,no,yes,8,45,3,yes,4522
78,1140571,1630,high,wood,no,no,yes,13,79,3,no,5388
90,366189,1424,medium,steel,yes,no,yes,15,65,2,no,3757
89,1346807,2939,medium,brick,yes,yes,no,29,57,0,no,3489
51,966802,1578,high,steel,yes,no,no,5,39,1,no,2837
48,501470,1903,low,brick,no,no,yes,16,36,0,no,2364
57,904183,3183,high,brick,no,no,yes,0,53,2,yes,4190
10,887018,5007,high,steel,yes,no,yes,17,59,2,yes,3476
32,966598,4396,high,steel,no,yes,no,10,64,3,no,3752
79,1473866,2324,medium,concrete,yes,no,no,10,66,2,no,4016
68,437127,3138,high,steel,yes,yes,yes,27,41,2,yes,4045
28,577623,5661,low,concrete,yes,no,no,11,55,2,yes,2454
4,1459607,2931,high,steel,no,yes,no,1,30,1,no,2984
61,218035,5943,high,steel,yes,yes,no,15,62,3,no,2961
77,1407327,4429,high,brick,no,no,yes,21,76,2,yes,5052
12,321141,5797,medium,steel,yes,no,no,9,55,1,yes,1768
15,714498,1156,low,brick,yes,no,no,25,56,3,yes,2621
29,115218,1722,low,concrete,yes,yes,no,20,78,3,no,2270
87,1271869,2715,medium,steel,no,no,no,13,77,1,no,3639
13,1208293,2725,medium,concrete,no,yes,yes,29,48,2,no,4067
38,492253,3817,medium,steel,no,no,yes,6,63,2,yes,3280
58,1138464,674,low,steel,no,yes,no,7,39,3,no,3199
35,1207705,1113,low,wood,no,no,yes,25,42,1,no,4063
40,599139,5689,high,steel,no,no,yes,9,39,3,no,4699
76,429112,5806,low,brick,no,no,no,9,48,1,no,2281
94,1278250,5461,medium,concrete,no,yes,no,9,52,2,no,3834
5,1128325,5761,low,wood,yes,no,yes,13,49,3,yes,4181
2,994522,4829,low,wood,no,yes,no,18,54,1,yes,2666
30,686404,3690,low,concrete,yes,no,no,8,78,0,no,1839
99,1258655,3339,low,concrete,no,yes,yes,16,36,0,no,4265
10,1390955,3476,high,wood,no,yes,no,18,66,1,no,4275
73,867900,2631,medium,steel,no,no,no,1,68,1,yes,2764
81,180481,3791,low,wood,yes,yes,yes,14,76,1,no,2940
38,1074472,4006,medium,steel,yes,yes,yes,5,57,0,yes,3357
59,975400,4590,medium,concrete,no,no,no,28,40,1,yes,3504
94,1018720,1130,low,steel,yes,yes,no,28,56,2,no,3442
35,644102,4765,high,steel,no,no,yes,27,53,0,no,3486
71,974025,1033,high,steel,yes,no,no,15,66,1,no,3325
12,503739,5908,high,brick,no,no,yes,16,60,0,no,3038
42,348025,2229,low,steel,yes,yes,yes,23,79,0,no,2473
98,1415388,4333,low,brick,yes,yes,no,27,78,0,no,3389
49,993109,4307,low,steel,yes,yes,no,9,33,2,yes,2817
67,1236186,3893,low,steel,yes,no,no,11,76,2,yes,3391
33,350829,666,low,brick,yes,yes,yes,25,50,3,no,2883
13,195454,3454,medium,steel,no,no,no,11,55,2,yes,2353
75,1379145,2878,medium,steel,no,yes,no,18,37,0,yes,3525
20,1343338,1267,low,brick,no,no,no,5,43,1,no,2425
95,489373,4568,high,brick,no,yes,no,1,29,3,no,3462
33,281413,749,medium,brick,yes,yes,no,20,76,0,no,1336
34,874712,1732,low,brick,yes,no,yes,17,33,1,yes,3163
50,713771,5514,low,steel,yes,yes,yes,6,55,3,yes,3590
50,772169,5310,medium,steel,no,yes,yes,4,37,3,yes,3844
9,640094,5800,medium,concrete,yes,no,yes,23,76,1,no,3352
7,1275033,1139,low,steel,yes,no,no,21,68,3,no,3021
9,617525,2421,high,wood,no,yes,yes,28,30,2,no,4038
26,629317,1074,low,wood,no,yes,no,7,48,1,no,2589
2,1038745,2901,medium,wood,yes,no,yes,11,68,1,no,3390
5,198872,4224,medium,steel,yes,yes,yes,24,56,2,yes,2891
66,1011938,3140,low,wood,no,yes,yes,22,32,1,yes,4016
10,673670,3312,medium,steel,no,yes,yes,0,40,2,yes,3121
31,264834,3218,low,brick,no,no,yes,24,52,3,yes,3146
33,1278867,3449,high,steel,yes,yes,yes,14,36,0,yes,3915
6,1387800,3838,high,concrete,no,yes,no,12,74,1,yes,3325
14,1278521,5944,low,steel,yes,no,yes,24,78,2,no,3768
78,562791,2756,medium,wood,yes,no,yes,9,48,0,no,3347
15,1130197,4088,medium,brick,no,no,no,17,54,0,yes,2524
97,1449407,3403,high,brick,no,yes,yes,29,28,2,yes,5503
95,424999,4973,medium,brick,yes,yes,no,17,44,1,yes,2736
81,556556,4082,medium,concrete,no,no,yes,6,57,1,no,3666
43,676065,5910,low,concrete,yes,no,no,14,43,1,yes,2743
79,606244,3314,high,concrete,yes,no,no,29,22,3,yes,3667
20,944812,5740,high,wood,no,yes,no,4,79,1,no,2980
21,1005558,849,low,wood,no,no,no,4,48,2,no,2893
64,591131,1158,low,concrete,yes,no,yes,0,73,0,yes,2198
29,445676,2185,high,steel,yes,yes,no,5,32,1,yes,2083
59,1343159,4046,high,concrete,yes,yes,no,15,72,3,no,4116
73,1090242,4294,low,concrete,yes,no,no,7,33,2,no,3159
64,310893,2931,high,concrete,no,no,no,3,42,2,yes,2457
93,106041,5439,high,brick,yes,no,no,12,29,3,yes,3510
44,919785,5688,medium,wood,no,no,no,18,34,1,yes,3742
34,547973,2324,high,brick,no,no,yes,9,58,1,yes,3139
47,1190849,2186,low,steel,yes,no,yes,25,54,0,yes,3087
9,686770,5436,medium,steel,yes,no,yes,16,71,2,no,3371
60,251298,2505,medium,wood,no,yes,no,19,23,2,yes,3041
30,769299,3392,high,steel,no,yes,yes,17,30,0,yes,3376
17,1450947,1016,medium,brick,yes,no,no,4,34,1,yes,2795
52,599459,3178,low,brick,yes,no,yes,11,47,1,yes,2696
59,1433625,4213,low,brick,yes,yes,yes,25,66,1,no,3969
4,559929,5861,high,steel,no,no,yes,0,76,1,no,2972
40,1224042,1403,high,concrete,no,yes,yes,24,68,0,yes,4029
96,789794,3550,low,brick,yes,yes,yes,24,73,3,no,4086
96,751391,4811,low,brick,no,no,yes,20,30,3,no,4036
7,989264,3778,high,concrete,no,no,yes,0,36,2,no,3486
38,590248,2169,low,concrete,yes,no,yes,2,78,1,no,2537
32,369101,3849,high,wood,no,yes,yes,6,28,0,no,3243
69,163425,897,medium,steel,no,no,no,20,64,3,no,2761
67,1419426,3832,medium,brick,yes,no,yes,10,78,3,yes,4869
56,564213,1381,high,wood,yes,no,no,24,78,0,yes,3251
20,1087637,3632,high,steel,yes,yes,no,19,76,2,yes,3660
64,1341504,5107,high,wood,no,yes,yes,20,58,0,no,5048
17,1202900,5321,low,steel,no,yes,no,14,30,2,yes,3254
16,880965,1022,high,brick,no,yes,yes,2,35,1,yes,3477
11,339764,1717,high,wood,yes,no,no,7,51,2,no,2870
13,1199742,5238,medium,steel,yes,no,yes,28,72,1,no,3920
18,598338,5450,high,steel,no,yes,yes,2,68,1,no,3317
14,638194,4571,high,steel,no,no,yes,21,69,1,no,3607
34,1438211,3485,medium,concrete,no,no,yes,22,41,0,no,3910
76,834573,1135,low,steel,no,yes,yes,12,68,3,no,4311
86,1178111,2865,high,concrete,yes,yes,yes,1,75,0,yes,3839
85,478375,1977,high,brick,yes,yes,no,22,44,0,yes,2711
26,289234,4248,high,wood,yes,yes,no,2,36,3,no,3362
42,855353,1723,high,brick,no,yes,no,18,79,3,yes,3773
61,1318098,1020,medium,concrete,yes,yes,no,14,77,3,no,3893
39,1354848,2962,medium,brick,yes,yes,no,20,52,3,no,3841
2,1060665,914,medium,concrete,no,yes,yes,14,25,1,no,3298
57,1058709,3086,high,concrete,no,no,no,19,46,3,yes,4293
50,1059278,5970,low,steel,no,yes,yes,25,72,0,yes,3143
16,938698,2200,high,concrete,yes,no,no,6,40,1,no,2711
62,169794,5955,high,steel,yes,yes,yes,2,58,0,no,2443
98,317599,3748,low,wood,yes,yes,no,24,55,1,yes,2511
11,895794,3217,high,steel,yes,yes,no,16,22,1,no,2338
83,457199,699,medium,steel,no,yes,yes,29,62,2,no,3947
63,1389371,1490,medium,steel,no,yes,no,28,52,1,no,3390
30,913570,1411,low,steel,yes,yes,no,27,61,2,no,2597
54,1462065,5693,medium,wood,yes,no,yes,1,65,2,no,4862
71,1291423,4132,low,wood,no,yes,yes,15,56,1,yes,4269
27,750508,2021,low,wood,yes,yes,yes,10,48,3,no,3607
86,1486791,4643,high,concrete,yes,no,no,8,42,3,no,4759
64,1155526,844,medium,concrete,no,no,yes,10,29,0,yes,3595
81,520153,4052,low,steel,yes,yes,no,23,39,0,yes,2133
79,1085656,2699,high,steel,yes,no,no,22,44,2,yes,3948
9,737207,3862,low,concrete,no,no,yes,24,62,1,no,2778
76,684156,2769,medium,steel,yes,yes,yes,4,57,1,no,3164
72,355094,4082,medium,wood,yes,no,no,12,50,1,no,3111
2,422069,1613,high,brick,yes,no,yes,18,37,2,no,2921
49,636114,4989,low,steel,no,yes,no,12,71,1,yes,2268
48,809081,845,medium,brick,yes,yes,no,1,78,0,no,1971
55,737139,4667,medium,wood,yes,no,no,21,31,3,no,3699
80,1378539,1807,medium,steel,yes,no,no,28,38,2,yes,3999
67,214379,4120,medium,wood,yes,no,yes,1,43,3,no,3799
31,871237,2993,medium,wood,yes,no,yes,7,61,2,yes,3980
26,1473566,3839,low,wood,yes,no,yes,4,23,3,yes,4564
66,468700,2239,low,concrete,yes,yes,no,10,63,2,yes,2465
30,1109456,4076,high,steel,no,no,no,1,51,3,yes,3992
77,1352099,3248,medium,wood,yes,no,no,5,65,0,yes,3599
78,968308,4195,high,concrete,yes,no,no,21,60,0,yes,3171
1,132804,2683,low,steel,no,yes,yes,29,60,2,no,2947
96,1484174,1639,low,wood,no,yes,no,23,66,0,no,3608
70,557115,3321,high,steel,yes,no,yes,11,40,3,no,4059
22,164135,3359,low,concrete,no,yes,no,5,31,0,yes,1249
75,910131,1586,medium,concrete,yes,yes,yes,15,41,0,no,3479
87,1102383,3070,medium,steel,yes,no,no,18,45,3,no,3980
54,781356,1559,low,steel,no,yes,yes,23,27,3,yes,3855
14,881563,2852,medium,concrete,no,no,yes,17,66,1,no,3312
14,1419418,4852,high,wood,yes,no,no,8,39,1,yes,3923
84,486291,5526,low,concrete,no,no,no,21,37,2,no,2986
71,363116,898,high,wood,no,yes,no,16,75,2,yes,3609
19,321633,618,low,concrete,no,no,no,19,60,1,yes,1291
26,472855,2122,medium,concrete,no,no,yes,16,61,3,yes,3206
59,586708,2785,medium,wood,no,no,yes,2,61,2,no,4135
22,178457,1299,medium,brick,no,yes,yes,29,37,3,yes,2925
6,1036219,4738,medium,wood,no,no,yes,14,61,1,no,3515
63,1204148,1224,high,brick,yes,no,no,9,36,1,yes,3304
77,715464,3016,high,wood,yes,yes,yes,21,61,2,no,4773
74,642118,4674,low,concrete,yes,no,no,18,27,1,no,2100
54,838812,1752,medium,wood,no,yes,no,4,54,2,no,3361
19,1049611,1898,medium,brick,yes,no,no,23,69,0,no,2595
95,1331753,975,high,concrete,yes,yes,yes,23,34,3,yes,5077
10,1478089,5807,medium,wood,yes,yes,yes,12,25,3,yes,4771
37,1491052,4592,medium,wood,no,no,yes,24,53,3,no,5485
77,614500,5659,medium,concrete,no,yes,yes,27,71,0,no,3606
17,582618,1982,high,brick,no,no,no,3,50,1,yes,2391
55,1413127,1451,high,wood,no,no,no,13,79,1,yes,3908
5,1414025,1907,medium,brick,no,yes,yes,20,28,0,yes,3357
21,1088202,3778,high,wood,no,no,yes,19,54,0,yes,4138
39,555907,1082,medium,wood,yes,no,no,6,26,1,no,2448
20,1435169,1647,low,steel,no,no,no,27,79,0,no,2541
71,1313772,5763,medium,steel,yes,no,no,24,61,1,yes,3394
15,852284,1518,medium,wood,no,no,yes,5,25,0,no,2726
79,337035,3128,low,steel,no,yes,yes,10,28,0,no,2484
53,773997,4683,medium,brick,yes,no,no,10,37,1,no,2679
87,177725,2965,medium,steel,no,yes,no,17,58,1,yes,2773
33,1368085,2790,low,concrete,yes,no,yes,6,70,1,no,3533
44,1115217,5211,medium,steel,yes,no,yes,18,32,1,no,3723
66,248965,5931,low,wood,yes,yes,yes,23,71,2,no,3519
50,1359409,2647,low,concrete,yes,no,yes,2,26,2,no,3597
32,485734,2334,medium,wood,yes,no,no,8,50,1,yes,2153
79,1182337,2136,medium,steel,yes,yes,yes,13,76,3,no,4254
71,211971,2972,medium,wood,no,yes,yes,16,76,3,yes,4030
73,1360274,2149,low,steel,no,yes,no,21,46,2,no,3576
55,176089,1845,low,brick,yes,no,yes,26,24,0,no,2217
28,1135367,3133,high,concrete,no,yes,yes,25,53,1,no,3909
86,576892,2414,low,concrete,no,no,no,22,51,2,no,2864
3,171064,4126,high,brick,yes,yes,no,2,41,3,no,2236
53,715175,1731,low,concrete,yes,no,yes,5,51,1,no,3045
42,466547,5065,medium,wood,yes,yes,yes,10,24,0,no,3257
2,1356826,3559,medium,wood,yes,yes,yes,12,65,0,no,3593
22,684374,5088,medium,steel,yes,yes,yes,29,77,3,yes,4182
25,542931,4814,high,concrete,yes,yes,yes,25,36,3,no,4138
89,671902,2373,medium,concrete,yes,yes,yes,13,62,1,yes,3531
32,1495034,5049,low,concrete,yes,yes,no,2,35,2,yes,3147
7,463340,1365,medium,brick,yes,no,yes,8,61,1,no,2196
62,1131785,3604,medium,steel,yes,no,yes,5,71,1,yes,3771
31,1447608,2180,low,concrete,no,yes,yes,10,31,0,no,3488
63,634856,2261,high,concrete,yes,no,no,7,38,1,yes,2868
37,1371321,2270,medium,wood,no,yes,yes,19,36,2,yes,4734
68,758379,1687,high,brick,yes,yes,yes,7,50,1,yes,3665
97,334073,4547,high,concrete,no,yes,yes,20,74,3,no,4599
79,1488885,4089,medium,concrete,no,yes,yes,14,55,1,no,4656
9,365088,4977,low,brick,no,no,yes,14,56,3,yes,3244
70,539743,3200,high,wood,yes,yes,no,7,30,0,yes,3141
46,974891,3089,low,brick,yes,yes,yes,12,72,0,no,2777
95,546359,3981,high,steel,yes,yes,yes,14,38,0,yes,3464
34,1339565,2036,medium,wood,no,no,yes,15,78,0,no,4148
60,484501,1415,low,concrete,yes,yes,no,28,23,2,no,2662
13,887585,5693,low,concrete,yes,no,no,1,47,0,no,1870
36,852770,831,high,steel,no,no,no,29,59,1,yes,3399
96,666994,2084,low,brick,no,yes,yes,28,64,0,yes,3036
86,707380,4255,medium,concrete,yes,no,yes,2,49,3,yes,4123
48,294540,2078,low,brick,yes,yes,no,15,51,3,yes,2301
93,158643,5084,low,brick,no,yes,no,9,64,2,no,2682
75,251188,1931,high,brick,yes,yes,yes,19,76,2,yes,3526
6,1184611,1880,low,concrete,yes,yes,no,0,30,0,no,2011
5,1235000,3021,low,wood,no,no,yes,4,49,0,no,3474
65,391698,4223,medium,concrete,no,no,yes,2,37,3,no,3565
50,351515,2839,low,wood,yes,no,yes,6,45,0,no,2344
74,1149798,4194,medium,wood,yes,yes,yes,17,43,0,yes,4180
74,235712,2005,low,wood,no,yes,yes,13,41,1,no,3423
24,1022418,2487,low,concrete,no,no,yes,13,73,1,no,3483
7,280825,2782,medium,steel,yes,yes,no,26,35,2,yes,2609
86,1045241,778,low,steel,yes,no,no,13,73,0,no,2277
58,1428915,1150,low,wood,no,yes,no,28,64,0,yes,3354
21,1023191,5251,high,concrete,yes,no,yes,0,53,3,no,4009
86,312992,4674,high,steel,no,yes,no,17,31,1,yes,3009
33,539462,5504,low,steel,yes,no,no,2,23,0,yes,1649
44,670311,3966,medium,concrete,no,yes,yes,25,28,1,no,3723
25,1245422,4852,high,brick,no,no,no,20,22,2,yes,3956
95,1487771,800,low,steel,no,yes,no,21,58,3,no,4400
80,1262261,4495,high,steel,no,yes,yes,23,36,2,no,4949
15,179626,1946,low,concrete,no,yes,yes,12,32,0,yes,2215
29,438649,5040,medium,concrete,no,no,no,19,41,0,yes,2150
83,170727,3063,high,concrete,yes,yes,yes,14,71,0,yes,3072
52,727208,2744,high,steel,no,yes,yes,19,62,1,yes,4125
17,911916,1220,low,concrete,yes,no,no,28,54,1,yes,1953
90,134754,2377,medium,wood,yes,no,yes,17,73,2,no,3741
36,1008934,4480,medium,wood,no,yes,yes,2,59,1,no,3551
35,1113442,5574,medium,concrete,no,no,no,18,41,0,yes,2606
40,1103466,1732,low,steel,yes,no,no,14,79,2,yes,2831
23,1097353,1554,medium,steel,no,yes,no,17,31,3,no,3272
73,142782,731,medium,steel,no,yes,yes,0,53,0,no,2501
34,1371091,1204,low,concrete,yes,yes,yes,17,57,1,yes,3473
58,145306,5261,medium,brick,no,yes,no,4,71,1,no,2038
82,1387770,2000,medium,wood,no,no,no,23,33,0,yes,3527
80,772971,3866,high,concrete,no,yes,no,20,79,0,yes,3386
61,1412775,4953,medium,brick,no,no,yes,11,46,2,no,4597
96,277896,4675,high,brick,no,no,no,18,30,3,no,3529
28,503285,4539,high,concrete,yes,no,no,22,70,1,no,2529
60,574743,3493,high,brick,no,yes,yes,19,38,1,yes,3548
32,947837,3148,high,brick,yes,no,yes,22,35,2,no,4109
58,405968,4483,medium,brick,no,yes,no,23,45,2,yes,3145
82,1249450,2485,high,wood,yes,yes,yes,18,62,3,no,5485
44,470036,938,high,brick,no,no,no,25,72,3,yes,3637
34,173012,2666,high,brick,no,yes,no,0,66,3,yes,2787
93,561721,1510,medium,concrete,no,no,yes,23,24,1,yes,3976
21,1096530,4596,low,concrete,no,yes,yes,21,71,2,no,3748
1,1205613,5418,high,wood,yes,yes,no,2,62,1,no,2939
55,1170070,1453,high,concrete,yes,no,yes,24,37,1,yes,3883
80,820098,4870,low,wood,no,no,yes,0,39,2,no,3982
49,208387,4686,medium,brick,yes,yes,no,23,60,3,no,2814
97,301739,5214,high,brick,yes,no,yes,24,71,2,yes,3956
21,248729,1496,medium,brick,yes,no,yes,25,35,2,no,3071
99,1016897,832,high,concrete,yes,yes,no,16,31,1,no,3711
55,205848,3358,medium,wood,yes,yes,no,8,31,2,yes,2281
27,1486693,5229,medium,concrete,yes,no,yes,4,27,1,no,3971
20,693534,1424,high,concrete,yes,yes,yes,4,24,3,yes,3580
95,222916,724,high,wood,no,yes,no,10,70,3,no,3377
16,528924,4256,medium,wood,no,yes,no,20,43,0,no,2255
78,1083460,1297,high,steel,yes,yes,yes,26,23,2,no,4457
48,135847,1661,low,steel,yes,no,no,16,60,3,no,2122
32,1359684,847,medium,steel,yes,no,yes,15,33,1,yes,3492
32,292631,4695,low,wood,no,no,no,4,78,1,yes,1929
53,1071495,2606,high,brick,yes,no,no,11,22,1,no,3567
53,1275264,2519,low,concrete,no,yes,yes,13,73,3,no,4282
2,856083,2211,low,concrete,no,yes,yes,29,58,2,no,3484
57,216968,740,medium,steel,yes,yes,no,9,34,2,no,2440
22,190849,4792,low,brick,yes,yes,yes,12,53,3,no,2778
52,310339,4263,high,wood,no,no,yes,14,46,3,yes,4351
81,1251427,3927,medium,concrete,no,yes,yes,25,72,0,no,4152
96,1122608,1977,high,brick,no,no,yes,5,59,2,no,4394
81,1085081,4640,high,concrete,yes,no,yes,4,26,0,no,3611
58,1342397,3463,low,concrete,yes,yes,no,15,58,0,yes,3124
34,851147,2150,high,concrete,no,yes,yes,5,39,0,yes,3764
71,788499,2617,low,wood,yes,yes,yes,28,31,0,yes,3195
93,340164,1407,medium,wood,no,yes,yes,27,74,2,yes,4317
17,678815,3445,medium,concrete,no,yes,yes,24,40,0,no,3101
88,1331323,4039,low,wood,no,yes,yes,22,55,2,yes,4967
72,843634,5230,medium,brick,yes,no,yes,10,51,3,yes,4054
23,1005620,2912,medium,brick,no,yes,yes,28,53,2,no,3804
33,475387,1271,medium,concrete,no,no,no,20,32,3,yes,3207
29,761010,904,medium,steel,yes,no,yes,25,43,2,no,3871
19,803075,3076,low,brick,no,no,no,8,51,2,yes,2467
69,363562,5479,low,wood,no,no,yes,20,22,2,yes,3560
37,689458,1911,high,wood,no,no,yes,4,27,1,yes,3747
87,309476,3440,high,brick,no,yes,yes,10,35,2,no,3778
26,791329,4533,medium,steel,no,yes,yes,5,77,3,yes,3690
24,1400504,4732,low,concrete,no,yes,yes,23,24,2,no,4072
54,1173778,4996,low,brick,no,no,yes,16,79,0,yes,3610
21,1134013,735,low,wood,no,no,yes,8,60,3,yes,4279
97,840241,3912,high,steel,no,no,yes,7,36,0,no,3912
90,1379598,4870,medium,concrete,yes,yes,no,29,52,3,yes,4552
10,1470063,3451,low,wood,yes,yes,yes,6,40,0,yes,3458
42,708843,3632,high,concrete,no,yes,no,4,43,3,no,3306
29,692167,3006,low,concrete,yes,yes,no,16,28,0,no,2070
57,829080,4577,low,steel,yes,yes,no,22,48,0,yes,2072
35,682641,2904,high,concrete,yes,yes,no,8,56,3,no,3307
28,753738,3665,high,wood,yes,yes,no,18,64,3,no,3900
12,934501,1841,low,concrete,yes,yes,no,11,26,3,no,3081
58,836425,3767,medium,concrete,no,yes,no,7,67,0,yes,2301
44,908814,4270,medium,brick,no,yes,no,15,56,2,yes,3204
7,538326,730,high,brick,no,no,yes,13,57,3,no,3493
16,742716,1226,low,wood,yes,no,yes,13,58,3,yes,3890
84,1219088,887,high,concrete,yes,no,no,18,44,2,yes,3746
93,286293,3307,low,brick,yes,yes,yes,27,57,0,no,2708
35,220786,2703,low,wood,yes,yes,no,2,25,1,yes,2161
92,994727,2647,low,concrete,yes,yes,no,6,23,1,no,2546
7,976039,2981,high,wood,no,yes,yes,5,58,2,no,4121
86,1298916,2234,high,concrete,no,no,yes,29,56,2,yes,5288
14,331985,2195,high,steel,yes,yes,yes,4,67,1,yes,3025
59,1113763,3855,high,brick,yes,yes,yes,15,25,1,no,3975
62,315403,1286,medium,steel,yes,no,no,10,69,0,yes,2056
74,797635,3311,low,concrete,yes,no,yes,22,77,1,no,3411
66,1010724,5504,high,steel,yes,yes,yes,24,25,0,yes,3911
22,907664,4699,low,steel,yes,yes,yes,0,27,3,no,3608
16,967326,2211,medium,brick,no,no,no,9,72,2,yes,2794
99,537718,3082,high,steel,no,no,yes,28,38,3,no,4474
75,297033,5679,medium,concrete,no,no,yes,16,25,2,yes,3268
43,522286,5477,high,concrete,no,no,no,20,43,3,no,3648
97,762457,4662,low,steel,no,yes,no,23,78,0,no,2825
98,615853,5883,medium,brick,yes,yes,no,22,42,2,yes,3463
97,1122791,1594,medium,brick,no,yes,no,6,33,3,yes,3738
83,1178984,2001,high,steel,yes,no,yes,2,28,2,no,4535
20,762858,2153,low,brick,no,yes,yes,24,69,0,no,2883
10,485387,3475,low,steel,no,yes,yes,4,49,1,yes,2667
19,304141,3827,low,steel,no,no,yes,26,67,3,yes,3256
12,752369,4170,low,wood,yes,yes,no,29,34,2,no,3062
10,589278,5728,high,steel,yes,no,yes,11,64,1,no,3217
71,973014,1259,medium,brick,no,no,yes,9,64,1,yes,3448
56,217535,1564,high,concrete,no,yes,no,2,54,2,yes,2682
11,1285515,2674,low,steel,no,yes,no,15,61,1,no,2629
80,577859,1587,medium,wood,no,yes,no,5,34,2,no,3179
97,1160716,1212,medium,wood,yes,no,yes,15,25,2,no,5076
61,1469172,2730,low,wood,yes,no,no,23,77,0,no,3000
38,1486863,3814,high,wood,yes,no,yes,7,46,2,yes,4877
17,511497,1876,high,brick,no,yes,no,19,72,3,no,3156
54,268660,2744,low,concrete,no,no,no,28,41,0,yes,1965
45,269771,5566,medium,steel,yes,no,no,19,59,0,no,1875
25,1293201,4106,medium,steel,no,no,yes,8,56,0,yes,3011
31,459585,828,high,concrete,yes,yes,no,29,30,0,no,2160
65,1361659,1618,medium,steel,yes,no,no,29,72,3,yes,3980
39,1023273,1820,low,steel,yes,no,yes,12,51,3,no,3981
20,670873,5890,medium,wood,yes,no,yes,25,60,0,no,3501
73,162063,3479,high,wood,no,yes,no,1,44,1,yes,2966
43,775723,3957,high,brick,yes,yes,yes,28,32,3,yes,4750
66,1410016,3704,low,concrete,yes,yes,yes,8,36,3,yes,4524
1,958212,5472,high,brick,no,no,yes,28,68,0,no,4005
55,1485767,2146,low,steel,no,yes,yes,12,74,3,yes,4406
51,1450640,2211,medium,wood,yes,yes,no,13,43,0,no,3553
5,1232736,4577,medium,wood,yes,yes,yes,23,38,1,yes,4011
12,867436,5707,medium,wood,no,no,yes,12,68,0,no,3274
14,913774,4749,low,concrete,no,yes,no,18,33,1,yes,2351
60,1094589,2978,high,steel,no,yes,no,15,72,3,yes,4125
96,471927,5200,low,concrete,no,no,no,17,56,1,yes,2882
40,883815,4843,medium,wood,yes,no,yes,15,55,0,yes,3829
9,615010,5212,medium,concrete,no,yes,no,1,22,2,no,2267
42,1351555,2927,medium,wood,no,no,yes,0,78,3,no,4748
42,915146,5111,medium,concrete,yes,no,no,9,53,2,no,2960
33,593748,1155,medium,concrete,no,no,yes,24,25,0,no,3414
25,168094,805,low,wood,yes,no,yes,13,45,2,yes,2774
78,1421421,1601,medium,steel,no,yes,yes,16,28,3,no,4790
9,945355,4463,low,steel,no,no,no,17,33,0,no,2119
91,451268,717,low,concrete,yes,yes,no,6,43,0,no,1935
44,1273364,3127,medium,wood,yes,yes,no,20,70,1,yes,3911
83,454040,4451,medium,brick,yes,no,yes,28,56,0,no,2855
58,622117,4361,medium,concrete,yes,yes,no,26,42,0,no,2407
25,1434354,3500,low,brick,no,no,yes,16,50,2,no,3958
32,1396251,2058,high,wood,yes,yes,yes,3,70,1,no,4275
22,1075104,5836,low,steel,yes,no,yes,11,38,1,yes,3712
93,1411960,3301,medium,steel,yes,no,no,21,49,2,yes,3985
55,413865,5236,low,wood,no,yes,yes,7,63,0,yes,3366
92,469389,1648,high,concrete,yes,no,no,1,68,3,yes,3175
61,869049,5906,high,steel,no,no,yes,25,62,1,no,3998
57,1414042,3600,high,concrete,yes,yes,yes,27,38,1,no,4681
77,471926,2825,low,steel,yes,no,no,18,25,3,no,2859
61,301360,2787,high,steel,no,no,yes,13,77,3,yes,3696
92,1335263,1705,high,concrete,no,no,yes,22,62,2,no,5207
67,811066,5127,low,wood,no,yes,yes,16,27,1,yes,4144
94,1103747,3593,medium,concrete,yes,yes,yes,22,36,0,no,3946
75,576395,1130,high,brick,yes,no,no,16,65,2,no,3238
2,1019917,5063,low,steel,yes,no,no,7,45,3,yes,2842
57,888986,5462,high,steel,no,no,yes,5,75,0,no,3778
73,1135896,2700,low,concrete,no,yes,no,9,29,3,no,3739
33,585437,5242,medium,wood,yes,yes,no,29,76,3,no,3413
90,824298,4040,low,steel,no,no,no,6,62,1,no,2701
63,907098,5362,low,brick,no,yes,yes,1,48,2,yes,3660
16,793784,4250,high,brick,yes,yes,no,14,52,0,no,2423
89,975387,2596,low,concrete,yes,yes,no,21,30,1,yes,3005
1,134296,1341,medium,steel,yes,no,no,4,39,0,no,1118
85,395762,1674,low,wood,yes,yes,yes,2,74,0,yes,2828
64,426239,3562,low,wood,yes,yes,yes,8,23,2,no,3312
84,900064,3303,low,concrete,yes,no,no,4,43,0,no,2169
69,1142685,1466,medium,steel,yes,no,no,23,41,1,yes,3534
17,235746,5788,medium,wood,yes,no,yes,19,77,1,yes,3073
40,1275079,4382,low,concrete,yes,no,yes,28,63,1,no,4394
1,840575,2732,low,steel,yes,no,no,5,25,1,yes,1513
13,1422410,1792,low,wood,no,yes,yes,3,59,0,no,3303
18,675709,4621,high,brick,yes,yes,no,3,65,1,no,2599
68,107270,2677,medium,steel,yes,yes,yes,24,34,2,no,3331
14,638941,1770,low,concrete,yes,no,yes,20,70,0,yes,2142
5,250263,4783,low,wood,no,yes,no,16,41,2,yes,2923
62,523585,5523,medium,wood,no,no,yes,14,73,1,no,3728
33,1404327,1190,high,concrete,yes,no,yes,26,27,2,no,4357
26,660664,4091,low,steel,yes,yes,yes,6,36,3,no,3246
61,812345,2824,medium,steel,yes,no,yes,18,29,1,no,3282
68,916346,5477,high,brick,no,yes,yes,10,51,0,yes,3671
30,1254485,5933,medium,wood,no,yes,yes,2,57,2,yes,4333
62,241266,3239,medium,concrete,yes,yes,yes,27,57,0,no,2514
62,1433974,5445,low,brick,yes,yes,yes,14,24,1,yes,3961
81,1237832,2216,medium,wood,yes,yes,no,21,48,0,yes,3285
92,810223,3868,low,wood,no,yes,yes,18,51,2,no,4418
70,1199847,5504,high,wood,no,yes,yes,16,50,2,no,5017
57,1080542,5498,low,concrete,no,yes,no,5,37,3,no,3653
91,1333885,3095,medium,concrete,yes,yes,no,22,61,3,yes,4390
36,862311,1804,medium,concrete,no,yes,no,4,59,2,no,2978
7,1161473,764,medium,brick,yes,no,yes,12,41,3,yes,3819
65,942324,3083,low,wood,no,no,yes,16,66,1,no,4182
74,1182282,4201,high,wood,yes,yes,yes,1,37,2,no,4867
77,1376793,4460,high,brick,yes,no,no,17,42,2,no,4071
41,848037,3927,medium,brick,yes,yes,yes,9,39,2,yes,3377
32,1130986,2456,low,concrete,yes,yes,no,23,62,0,yes,2452
14,478917,2600,medium,wood,no,yes,yes,7,77,1,yes,2990
33,872414,5855,low,steel,yes,no,yes,7,52,1,no,3134
30,526123,5172,high,steel,no,no,no,17,23,1,no,2815
73,123799,5833,low,brick,no,no,yes,11,45,1,no,2816
6,1352245,5052,low,brick,no,yes,no,27,27,2,no,3475
10,220578,2964,medium,brick,no,yes,no,20,67,3,no,2803
75,152054,1810,low,steel,yes,no,yes,4,38,1,no,2336
20,478849,3613,high,steel,yes,no,no,3,47,1,no,2286
89,183138,2398,high,concrete,no,yes,no,23,68,3,yes,3739
12,200216,1146,high,concrete,yes,yes,yes,23,73,2,yes,3415
22,1262992,5554,medium,wood,yes,yes,no,27,58,2,yes,4047
76,219324,641,low,concrete,yes,no,no,12,23,2,no,2575
14,1373441,2348,low,wood,no,no,yes,24,47,2,yes,4083
48,1278475,5807,medium,concrete,no,no,yes,3,65,3,yes,4401
54,132732,3826,high,concrete,yes,no,no,0,58,0,no,1413
36,298325,2160,high,concrete,yes,no,yes,10,22,3,no,3376
61,316166,4377,medium,steel,yes,yes,no,8,23,1,yes,2019
55,1370506,3166,medium,steel,no,yes,yes,16,54,2,yes,4642
14,401188,4891,high,brick,no,yes,no,19,32,1,yes,2616
2,1352753,2367,high,concrete,no,no,yes,10,51,0,yes,3970
2,274821,1920,low,steel,no,no,yes,9,55,2,yes,2571
61,1282754,5130,high,wood,yes,no,no,16,48,0,no,3436
6,229615,4544,high,concrete,no,no,no,2,64,1,yes,1809
25,1493393,2355,low,steel,yes,no,no,18,55,3,yes,3428
67,655351,4463,medium,brick,no,yes,no,22,28,0,yes,2620
23,828708,5543,low,brick,no,no,no,27,60,3,no,3299
73,357544,5176,low,wood,yes,no,yes,2,60,1,yes,2849
95,804899,882,high,wood,yes,yes,no,5,23,1,no,3415
28,880028,5292,medium,steel,no,no,no,25,51,1,no,3216
25,856570,5687,high,brick,no,no,yes,19,69,1,yes,3906
99,1151541,4410,medium,steel,yes,yes,yes,5,24,1,yes,4054
65,823642,1426,low,concrete,no,yes,no,24,23,2,no,3221
66,740137,4603,medium,wood,no,no,no,27,51,2,no,3729
79,1234722,889,high,wood,no,yes,no,6,58,3,no,4276
43,324506,1163,medium,concrete,yes,yes,no,0,50,0,no,1301
40,290074,5197,medium,concrete,no,yes,no,7,56,0,yes,2124
80,546829,1253,medium,concrete,yes,yes,no,15,79,2,no,2779
23,641092,3730,high,brick,no,no,no,19,59,1,yes,2697
49,880048,1680,low,brick,no,yes,no,23,43,1,no,2578
99,292403,2255,low,concrete,no,yes,yes,14,58,2,no,3233
8,886307,3708,medium,wood,yes,yes,yes,18,39,1,no,3554
7,325249,4369,medium,wood,yes,yes,no,9,61,0,yes,1992
21,259838,1066,medium,brick,yes,yes,no,11,66,1,yes,1541
35,1002305,5495,low,brick,yes,no,yes,29,75,1,no,3062
97,1497570,4459,high,wood,no,no,yes,4,55,0,yes,4778
99,937403,4134,medium,steel,yes,yes,no,2,66,0,yes,2694
82,566148,2627,medium,brick,no,yes,no,27,70,2,yes,3509
61,588563,3856,medium,brick,yes,yes,yes,26,59,1,no,3538
83,999292,4292,low,wood,no,no,yes,12,51,3,yes,4560
74,620654,4015,low,concrete,no,yes,no,29,23,0,no,2562
68,280131,3500,high,wood,no,yes,yes,18,41,0,yes,3944
30,1198658,2567,medium,brick,yes,yes,yes,2,65,0,no,3345
97,1472840,3260,medium,concrete,no,no,yes,19,37,0,yes,4256
68,422874,2852,low,steel,yes,yes,yes,2,25,0,no,2379
9,510953,2626,low,concrete,yes,yes,no,15,69,0,yes,1606
17,690480,5153,medium,steel,no,no,no,29,34,2,yes,3386
43,1335229,3334,medium,wood,yes,no,yes,11,35,1,yes,4192
88,969557,1854,medium,concrete,yes,yes,no,17,30,3,yes,3741
57,807379,1891,low,concrete,no,no,yes,28,65,3,no,3977
13,993383,1545,medium,wood,yes,yes,no,29,35,3,no,3544
57,629302,2386,high,steel,yes,yes,no,21,32,1,yes,2839
26,612274,1088,low,steel,yes,yes,no,16,79,3,yes,2647
61,1183834,4735,high,steel,no,yes,yes,20,31,1,no,4874
62,1083914,5425,high,concrete,yes,yes,yes,26,51,1,no,4128
19,897731,1347,low,concrete,no,yes,yes,21,28,1,yes,3316
81,1021667,2222,medium,steel,no,no,no,27,78,1,yes,3781
30,650297,955,high,steel,yes,yes,no,16,27,3,no,3141
90,1343118,3339,medium,wood,no,no,no,16,38,1,yes,4147
13,571399,2215,high,steel,no,no,no,6,34,2,yes,2731
49,987928,4190,low,wood,yes,yes,no,13,68,0,yes,3027
82,873786,3410,medium,steel,yes,yes,no,10,79,0,no,2437
85,1046109,3748,high,steel,yes,yes,yes,15,77,0,yes,3916
98,825939,1315,high,steel,no,yes,no,21,25,2,no,3948
51,1467595,4530,low,brick,yes,no,no,24,47,0,no,2826
9,1204353,5366,high,brick,yes,yes,yes,3,53,3,yes,3957
94,1294272,5858,low,wood,no,yes,yes,18,77,3,no,5079
29,1252877,5096,high,steel,yes,no,no,21,24,2,no,3494
93,1367801,4925,medium,brick,yes,yes,no,7,32,2,no,3937
83,860019,3993,low,steel,yes,yes,yes,4,75,2,yes,3824
8,411870,4762,high,wood,no,yes,yes,2,41,2,yes,3751
81,1239783,5817,high,steel,yes,no,yes,2,79,0,no,3780
76,1072826,5732,medium,steel,no,yes,yes,16,73,1,no,4262
15,479299,2282,high,brick,no,no,no,5,50,0,yes,1986
69,1049123,3893,low,steel,yes,yes,yes,9,23,2,yes,4057
34,1113097,2046,high,brick,yes,yes,no,22,64,3,yes,3751
52,429268,2119,high,concrete,yes,no,no,8,25,2,yes,2622
50,417169,4910,medium,brick,yes,yes,no,5,53,2,yes,2661
67,781414,5863,medium,concrete,no,yes,yes,23,70,0,yes,3512
5,1009923,3137,high,brick,yes,yes,no,21,70,1,yes,2935
98,1394807,5598,medium,concrete,no,no,yes,1,42,0,yes,3813
9,1459438,939,high,brick,yes,no,no,2,38,2,no,3212
88,1226768,711,high,steel,yes,yes,yes,10,66,3,no,4849
5,100409,5697,low,brick,no,yes,yes,14,34,1,yes,2357
27,929017,5077,high,concrete,no,no,no,13,53,2,no,3353
84,726551,5797,low,concrete,no,yes,no,12,72,3,yes,3677
47,377528,4337,low,wood,yes,no,yes,16,24,3,yes,3509
62,402274,4781,high,steel,yes,yes,no,20,63,3,no,3576
45,982376,5056,medium,steel,yes,no,yes,27,69,1,no,4053
66,738372,1083,high,wood,no,yes,no,10,73,1,no,3387
23,1029562,5169,high,concrete,no,no,yes,5,52,2,no,4634
98,185398,1480,medium,brick,no,yes,no,21,52,0,yes,2095
61,1101302,3702,medium,wood,no,yes,yes,28,22,0,no,4179
93,783362,767,low,wood,yes,no,no,27,49,1,yes,3183
43,1225621,3891,high,wood,no,no,yes,1,44,2,yes,4772
35,335607,5991,medium,wood,yes,yes,yes,0,73,2,yes,3506
30,285995,2335,medium,wood,no,yes,yes,22,76,2,no,3539
67,648095,5062,low,concrete,yes,no,no,3,26,0,no,2092
10,162739,2148,high,wood,yes,yes,no,8,22,1,no,2410
56,738609,5267,medium,concrete,yes,yes,yes,10,37,2,no,3513
34,1493139,1446,low,concrete,yes,yes,no,23,32,0,no,2813
65,288661,3552,low,brick,yes,no,no,5,57,0,no,1655
6,1120249,1487,low,wood,yes,no,no,15,58,0,no,2552
70,582507,2516,low,wood,yes,no,yes,9,37,2,yes,3556
43,681089,1911,high,brick,no,no,yes,2,33,1,yes,2933
16,867727,4653,high,steel,no,no,yes,23,51,3,yes,3947
63,1403007,3726,medium,steel,no,yes,no,27,65,2,no,4059
65,1006333,3914,medium,wood,no,yes,no,9,25,3,yes,3975
5,164385,2800,medium,steel,no,yes,no,11,76,0,yes,1554
25,676007,4864,medium,wood,no,no,no,0,70,0,yes,2451
27,204352,2417,medium,steel,yes,yes,yes,26,62,1,yes,2679
42,1278029,3780,low,concrete,yes,no,no,24,59,0,no,2803
55,702281,5620,high,steel,yes,yes,no,9,29,0,yes,2675
26,530198,3543,low,steel,yes,yes,yes,28,29,0,no,2500
16,143070,4536,high,concrete,no,yes,no,24,78,1,no,2193
90,984844,4345,low,brick,no,no,no,9,42,0,yes,2533
28,231817,4445,low,concrete,yes,no,no,23,61,2,yes,2167
92,224396,4342,medium,steel,no,yes,yes,25,29,0,no,3286
30,369004,2362,high,wood,no,no,no,3,50,0,yes,2767
77,1338615,1783,high,wood,no,no,yes,8,36,0,yes,4655
89,1370469,3457,high,steel,yes,yes,no,26,35,0,no,3616
45,734371,4496,medium,brick,yes,no,yes,8,59,2,no,3724
19,948123,2976,medium,wood,no,no,yes,11,31,2,no,4356
13,903553,3205,medium,brick,no,yes,yes,25,48,2,yes,3930
75,1257623,5682,medium,wood,no,no,yes,10,61,3,yes,5050
23,1066164,943,low,brick,yes,yes,no,20,74,2,no,3083
14,1363769,1234,high,wood,no,yes,yes,5,48,2,yes,5020
74,204671,1837,medium,wood,no,no,no,26,63,1,no,2479
98,1244360,3829,medium,wood,yes,yes,yes,29,61,3,no,5433
23,803309,4859,medium,wood,no,yes,yes,6,79,2,no,3830
40,457860,4977,medium,steel,yes,yes,yes,8,56,1,yes,3268
64,788811,2777,high,wood,yes,no,no,10,57,2,yes,3742
85,1470271,3523,low,brick,yes,yes,yes,22,32,1,yes,4061
59,810261,5874,low,brick,no,yes,yes,16,34,3,no,3953
20,521143,1928,medium,concrete,no,no,yes,10,56,0,no,2384
32,1273675,2693,low,brick,no,yes,no,24,74,2,no,3870
78,1491572,5967,medium,wood,yes,yes,no,21,42,1,no,4235
24,196587,1836,medium,brick,no,no,yes,17,58,0,yes,2315
46,1481971,2033,high,wood,no,yes,yes,25,65,2,yes,4909
18,1080819,4687,low,wood,yes,no,no,8,33,1,no,2872
94,328621,2601,low,concrete,yes,yes,yes,16,71,0,yes,2421
92,792112,2456,medium,steel,no,no,yes,20,46,1,no,4032
48,398327,2132,high,brick,yes,yes,no,24,49,2,yes,2838
14,591790,2649,medium,brick,no,no,yes,27,76,0,yes,3197
54,948956,5437,high,wood,no,no,no,15,65,0,yes,3373
21,205136,2470,low,brick,no,no,yes,13,77,0,no,2014
98,1440020,2327,high,brick,yes,yes,no,0,39,3,yes,4539
5,711463,5563,low,steel,no,no,no,1,31,2,yes,2476
31,1243785,2900,low,brick,yes,no,yes,10,79,0,yes,3079
67,1499042,2095,low,wood,no,yes,yes,6,60,1,no,4374
87,1102254,3475,medium,steel,yes,yes,yes,9,24,3,yes,4444
59,314559,688,medium,brick,yes,no,no,11,26,2,no,2187
44,490397,2528,high,wood,no,yes,yes,10,76,0,no,3453
64,532002,1638,medium,wood,no,no,no,1,33,2,no,3031
94,1255865,3836,medium,brick,yes,no,no,24,35,2,no,4048
42,592379,2467,high,steel,yes,no,yes,13,66,0,no,3162
94,1194070,4595,low,concrete,no,no,yes,8,62,0,no,3611
38,190662,5667,high,wood,yes,no,yes,26,53,0,no,3519
7,690501,5313,medium,brick,no,yes,yes,29,63,1,no,3419
59,286674,2042,low,concrete,no,no,yes,28,54,3,yes,3601
69,345086,4505,high,wood,no,yes,yes,11,27,3,yes,4531
70,1387666,5680,low,steel,no,no,yes,9,51,3,yes,4730
49,636692,4373,medium,concrete,no,no,yes,23,27,3,no,4118
78,1498075,1068,medium,brick,yes,no,no,1,52,0,no,2882
11,664171,1240,high,concrete,yes,no,no,11,23,1,no,2496
2,1014864,4531,low,concrete,yes,yes,no,25,47,3,no,2992
95,516782,1036,medium,wood,no,no,yes,2,69,3,no,4359
27,1068904,4900,low,wood,no,yes,no,12,53,0,no,2831
16,1205242,5749,high,brick,yes,yes,no,18,78,2,yes,3294
64,108315,1555,high,steel,yes,yes,yes,23,26,2,yes,3357
66,321011,5217,high,wood,no,no,no,12,67,3,yes,3597
49,309051,4292,medium,concrete,yes,yes,no,23,69,0,no,2103
90,697199,2285,medium,concrete,yes,yes,no,21,62,0,yes,2398
16,473489,884,medium,brick,yes,no,yes,15,64,0,yes,2105
73,1129283,5532,medium,wood,no,no,yes,22,37,2,no,5075
52,653731,3084,high,steel,yes,no,yes,0,73,2,no,3827
73,169466,1762,medium,wood,no,no,yes,7,33,2,no,3418
5,465547,5354,medium,brick,no,no,no,12,36,0,yes,1883
36,776233,3562,medium,steel,yes,no,no,6,42,0,yes,1961
7,455028,2037,high,wood,yes,yes,no,20,58,2,yes,2876
61,1025839,2171,high,concrete,yes,yes,no,20,42,3,yes,3594
96,632645,4609,medium,brick,yes,yes,yes,1,46,1,yes,3508
29,1479394,5472,low,steel,yes,no,no,12,38,0,no,2614
67,1120947,5342,low,steel,yes,yes,no,11,29,0,yes,2516
30,475406,989,medium,wood,no,yes,yes,16,76,1,no,3484
40,1074916,2845,medium,steel,no,no,no,8,51,3,no,3747
31,872549,1156,medium,concrete,yes,no,no,9,54,2,yes,2464
48,878264,2600,high,steel,yes,no,yes,2,23,0,no,3362
91,249813,3104,low,brick,no,no,yes,27,54,1,yes,3133
6,128683,4125,high,concrete,yes,yes,yes,26,73,3,no,3364
62,1280224,1710,low,concrete,yes,no,yes,20,49,1,yes,3892
29,997257,5928,high,wood,yes,yes,yes,10,47,2,no,4367
9,1339874,4919,high,concrete,no,yes,no,23,62,1,yes,3536
54,1358388,1876,medium,steel,yes,yes,no,11,22,3,yes,3743
84,271140,3866,medium,steel,no,no,yes,6,56,2,no,3580
11,1149874,2000,medium,wood,no,yes,yes,22,69,1,yes,3933
19,1171952,4825,high,steel,no,yes,yes,9,64,0,no,3556
74,1064406,2635,medium,steel,yes,yes,yes,9,60,2,no,4425
5,138599,2056,high,concrete,yes,no,yes,28,41,2,yes,3040
87,637188,5234,high,wood,yes,yes,yes,27,34,1,yes,4034
70,1128247,1952,medium,wood,yes,yes,yes,25,52,0,no,3906
95,1143907,1531,medium,steel,no,no,no,28,59,3,yes,4270
18,167799,2484,high,steel,yes,yes,no,26,44,1,no,2289
21,432434,3547,low,brick,yes,yes,no,19,33,1,no,2196
15,791991,4780,low,wood,yes,yes,no,9,27,1,yes,2323
59,1418120,5564,high,concrete,yes,no,yes,3,45,0,yes,3902
95,136295,4902,medium,steel,no,yes,no,9,55,0,yes,2469
74,760958,1011,medium,brick,no,no,yes,21,54,1,yes,4108
6,794778,4593,medium,brick,no,no,no,9,28,2,no,2680
24,308146,720,high,concrete,no,no,no,3,72,2,no,2213
97,1184362,2080,medium,steel,no,no,no,6,35,3,yes,4096
60,371540,608,low,concrete,no,yes,yes,17,57,2,no,2745
28,131725,5007,low,steel,yes,no,yes,22,37,2,yes,2731
92,229457,3875,medium,brick,yes,yes,no,2,67,1,no,2287
74,1254198,5524,high,steel,no,no,yes,23,44,1,no,4891
23,456132,1099,low,brick,no,no,yes,14,39,0,no,2039
79,253371,3297,medium,wood,no,yes,no,4,50,2,no,2985
46,667499,4840,medium,brick,yes,no,yes,29,28,1,no,3769
37,1017071,5096,low,concrete,no,no,yes,8,25,3,yes,3844
14,805485,3574,high,brick,no,yes,yes,19,46,2,no,3859
48,1030118,1285,high,steel,yes,yes,yes,11,54,2,yes,3905
78,1141684,1354,low,concrete,no,no,no,20,72,1,no,2862
71,153160,5178,high,concrete,yes,no,yes,15,45,3,yes,4024
36,1196919,2747,medium,wood,no,no,no,10,44,1,no,3254
82,501408,5922,high,wood,yes,yes,yes,16,71,3,yes,4435
60,1446003,3252,low,wood,yes,no,no,2,42,3,no,3736
54,172283,5481,low,concrete,yes,yes,no,14,60,1,no,1651
79,360561,2914,low,concrete,yes,no,yes,3,42,2,yes,3436
63,597733,5201,medium,steel,no,yes,no,8,79,0,yes,2415
97,1449251,4656,medium,concrete,no,yes,no,7,69,2,no,4260
48,380468,2897,medium,wood,yes,no,yes,17,48,1,yes,3176
22,976635,5134,low,brick,no,no,yes,21,38,3,yes,4027
43,415985,4279,high,steel,yes,yes,no,3,74,3,yes,3040
41,120275,986,medium,steel,no,yes,no,26,47,2,yes,1988
17,462594,2085,low,brick,no,no,no,4,40,0,no,1258
63,415389,3143,low,steel,yes,yes,no,25,54,1,no,1979
90,1387732,5311,medium,wood,no,no,no,8,79,3,no,4464
79,912884,5351,high,wood,no,no,no,15,69,1,no,3955
18,685527,736,medium,steel,yes,yes,no,3,73,2,no,2206
72,236153,3227,high,steel,no,no,no,15,28,3,no,3473
3,181766,4868,low,steel,yes,no,yes,28,52,3,yes,2728
54,189594,2649,low,concrete,yes,yes,yes,4,60,3,yes,2969
14,333717,5838,low,concrete,no,no,no,6,36,1,yes,1938
34,340416,1456,high,concrete,no,yes,yes,10,23,0,no,2488
97,432054,5193,medium,brick,yes,yes,no,6,66,3,no,3198
1,644253,1743,medium,brick,yes,no,no,5,23,1,no,2151
48,1292366,3437,high,wood,no,no,no,28,38,2,no,4551
99,564132,748,medium,steel,yes,yes,yes,18,55,1,no,3206
10,554391,5550,high,steel,yes,yes,yes,16,68,2,no,3290
83,1391518,2866,medium,steel,no,no,yes,27,67,1,no,4542
11,394482,3163,medium,wood,yes,no,no,24,46,1,no,2624
99,692316,1169,high,concrete,yes,yes,yes,5,69,2,yes,4139
66,757630,797,medium,brick,no,no,no,18,32,3,yes,3524
3,786841,4045,low,brick,yes,no,yes,16,65,0,no,2388
15,697431,3697,low,wood,no,no,yes,11,30,2,yes,3412
59,817606,3105,high,steel,yes,no,no,11,28,0,no,2329
64,1237704,3356,medium,steel,yes,no,no,12,32,2,yes,3501
47,1044778,4606,high,brick,no,no,no,5,72,1,no,3241
92,144362,5948,high,concrete,yes,no,yes,18,77,3,yes,4127
2,1022798,1311,medium,brick,no,yes,yes,0,25,3,yes,3918
30,1172576,5740,low,concrete,yes,yes,yes,12,58,0,no,3012
38,1034690,1526,low,concrete,yes,yes,no,4,47,2,no,2528
5,1129026,4369,medium,concrete,no,no,no,0,74,2,no,2691
6,319458,4870,low,concrete,no,yes,no,2,55,2,yes,1985
5,743971,4974,high,steel,no,no,yes,2,37,2,no,3518
12,428983,807,high,brick,no,no,yes,14,62,0,no,3242
4,695037,5470,high,brick,no,no,yes,14,68,0,no,3311
24,770035,2952,low,concrete,no,yes,no,21,51,0,yes,2515
25,344131,3375,medium,wood,no,yes,no,3,75,0,yes,2027
26,1075590,1591,medium,steel,yes,yes,no,7,67,2,yes,2781
55,180603,4026,high,wood,yes,no,yes,2,37,0,no,3228
46,1245511,2678,high,concrete,no,yes,yes,7,27,0,yes,3868
46,190794,724,high,concrete,yes,no,yes,28,54,1,no,3300
43,365202,5126,low,wood,no,no,yes,11,71,1,no,3261
60,363993,1460,medium,brick,no,no,no,22,36,0,yes,2154
33,648488,1307,medium,brick,yes,yes,no,17,41,1,yes,2358
21,461749,1914,low,wood,yes,no,yes,27,33,1,no,2905
87,1043875,5154,medium,concrete,yes,no,no,12,45,1,yes,2951
37,1436191,1657,high,steel,no,no,yes,29,61,1,no,4579
12,719427,4198,medium,concrete,no,no,no,7,53,3,no,3202
21,1435776,5036,medium,brick,no,yes,yes,16,62,2,yes,4273
13,235109,3486,low,brick,yes,yes,no,8,54,1,no,1341
33,179298,1960,medium,concrete,no,no,no,6,69,2,yes,2195
70,270784,1769,high,brick,no,no,no,21,67,2,yes,3106
76,143654,2173,low,wood,no,no,yes,23,33,1,no,3470
61,634454,919,low,wood,no,yes,no,29,36,2,no,3378
30,1211416,5069,low,brick,no,no,yes,24,29,3,yes,4137
37,1107805,970,high,concrete,no,no,no,14,25,2,yes,3239
82,351074,2408,medium,wood,no,yes,no,28,48,2,yes,3527
16,548063,3063,low,brick,yes,no,yes,23,58,2,yes,3232
45,665624,5834,high,brick,yes,no,no,21,79,1,yes,3306
71,133026,2216,high,steel,no,no,yes,15,74,1,yes,2902
1,608730,4613,high,concrete,no,yes,no,19,35,3,yes,3386
53,233491,5278,medium,brick,yes,yes,no,24,60,2,yes,2692
28,163165,5578,high,wood,yes,no,no,7,36,1,no,2190
53,279162,5775,medium,brick,no,no,yes,23,40,0,no,3137
44,799336,4500,low,concrete,yes,no,yes,15,74,0,yes,3110
67,819440,1470,low,brick,yes,yes,yes,18,35,1,yes,3326
39,220891,899,medium,wood,no,yes,no,15,28,0,no,2488
10,151304,2869,high,wood,no,yes,yes,25,27,3,yes,4087
51,1305673,1533,low,brick,no,no,no,24,55,1,yes,3057
14,512717,4287,medium,steel,no,no,yes,13,45,2,no,3365
79,989475,4928,high,concrete,no,no,yes,22,46,3,no,4860
6,955565,2825,low,wood,no,no,no,15,62,1,no,2576
39,990332,673,medium,concrete,no,yes,yes,0,46,3,no,3936
80,364458,1969,high,concrete,no,no,yes,17,71,2,yes,3865
82,227931,4748,high,wood,yes,yes,no,26,68,0,no,3382
99,756917,2055,high,brick,yes,no,no,17,36,2,no,3564
48,197385,3112,medium,concrete,no,no,no,0,63,2,no,2287
25,207668,3416,medium,brick,no,yes,no,16,24,0,yes,1815
97,413623,2494,high,steel,yes,yes,yes,19,57,3,no,4469
33,1439916,4813,high,steel,no,no,yes,6,23,1,yes,3967
83,258559,2865,high,concrete,yes,yes,no,5,43,1,no,2839
75,416697,2400,high,wood,no,yes,no,12,49,3,yes,4037
67,781900,3448,high,concrete,yes,yes,no,27,53,1,no,3398
65,176863,881,high,brick,no,no,yes,6,60,1,no,3696
40,769806,3969,low,brick,no,yes,no,27,46,2,no,2875
25,1041896,1313,high,concrete,yes,no,yes,23,22,2,yes,3935
57,312055,1537,medium,concrete,no,no,no,7,65,3,no,2566
32,435483,1415,medium,concrete,yes,yes,yes,11,44,0,no,2841
46,1128517,2375,medium,steel,yes,yes,no,27,26,0,no,2738
4,1029425,2827,medium,wood,yes,yes,yes,27,69,2,yes,4577
23,498775,1778,low,brick,yes,no,no,15,56,0,no,1619
80,659397,2562,low,steel,yes,no,yes,2,32,1,no,3025
75,1424180,5876,medium,steel,yes,no,no,6,36,2,no,3872
22,906214,4393,medium,concrete,no,yes,no,5,26,0,no,2111
33,1121067,3031,medium,brick,yes,no,yes,28,59,0,yes,3570
41,938435,3514,medium,brick,yes,yes,yes,12,25,1,yes,3501
62,723737,2931,medium,brick,yes,yes,yes,13,65,2,no,3944
38,439466,2401,low,brick,no,no,yes,12,31,0,no,2527
56,378911,3098,low,concrete,no,yes,yes,26,30,0,yes,2737
63,1093218,5172,low,steel,yes,no,yes,7,54,0,yes,3037
77,1061275,1767,high,steel,yes,yes,no,18,63,3,yes,4142
85,769118,856,medium,steel,no,no,no,13,27,1,yes,2924
76,715366,3035,medium,steel,no,yes,yes,26,67,3,yes,4494
55,260585,2348,high,brick,no,no,yes,24,79,0,yes,3060
51,1377634,731,medium,brick,yes,yes,no,4,48,2,no,3278
90,163056,3274,high,wood,yes,yes,yes,17,64,1,no,3552
65,731402,3051,high,concrete,yes,no,no,3,49,2,yes,2988
57,281243,5014,high,brick,no,yes,no,22,67,1,yes,2529
86,585281,5162,high,brick,yes,yes,no,0,64,3,yes,3457
27,378733,1402,medium,concrete,no,no,yes,0,55,3,yes,2984
57,1422704,2763,high,concrete,no,yes,no,27,50,0,no,3637
55,715038,1412,medium,brick,no,yes,yes,8,53,3,yes,3922
96,902879,5359,high,steel,yes,no,yes,18,76,3,no,4983
72,1012400,1097,low,wood,no,yes,yes,0,78,2,no,3606
98,1145938,3152,medium,wood,yes,no,no,14,43,0,yes,3339
82,1168136,751,high,concrete,yes,yes,no,12,36,2,yes,3829
4,603640,3883,high,steel,no,no,no,22,48,3,yes,3383
65,572751,1949,high,concrete,no,no,yes,28,31,3,no,4539
56,104323,1725,low,wood,no,yes,no,6,46,0,yes,1994
53,711005,1997,medium,wood,yes,no,no,13,32,0,no,2420
44,890455,3412,low,steel,no,no,no,29,29,2,yes,2906
16,1017395,880,low,wood,no,yes,no,1,42,3,yes,3046
94,1323388,5160,low,wood,no,yes,no,12,29,1,yes,3780
23,298467,2076,medium,steel,yes,no,yes,7,58,2,no,2999
31,237513,872,low,wood,yes,no,yes,27,45,1,yes,2771
28,973896,4587,medium,concrete,yes,no,yes,11,67,2,no,3784
50,1073560,1120,medium,concrete,no,no,yes,12,69,3,no,4077
16,737629,2326,high,concrete,no,no,yes,2,44,3,yes,4052
41,107747,5842,low,concrete,yes,yes,no,28,74,2,yes,2051
9,1046728,4799,low,brick,no,yes,yes,18,45,2,no,3453
2,768931,1706,low,wood,yes,yes,no,29,34,1,no,2407
43,196381,5828,medium,wood,no,no,no,11,75,3,no,3532
66,1454449,2075,medium,concrete,no,yes,no,20,60,0,yes,3544
96,1066988,5597,medium,wood,yes,yes,no,29,26,1,yes,4060
80,1464297,5986,low,brick,yes,yes,yes,1,36,0,yes,3347
77,519080,1516,medium,brick,yes,no,no,19,45,0,yes,2367
49,795187,2582,medium,brick,yes,yes,no,17,32,2,yes,3118
91,1437344,4912,medium,steel,no,no,yes,15,77,2,yes,5122
95,438780,2933,high,concrete,no,no,no,27,38,0,no,3186
97,646512,4521,medium,wood,yes,no,no,8,29,1,yes,3038
21,429968,1260,low,brick,yes,yes,no,21,63,2,no,1958
19,186599,4334,medium,brick,no,yes,yes,16,45,3,no,3505
57,243316,2645,high,wood,yes,yes,no,24,76,0,yes,2811
77,1038584,1269,medium,wood,no,no,no,23,59,2,no,4039
60,1228467,2579,medium,steel,no,yes,yes,17,48,1,yes,4078
19,1047514,2921,high,brick,yes,no,yes,18,63,2,no,3925
99,647288,4427,low,brick,yes,no,yes,6,72,0,yes,2530
64,188020,3332,high,steel,yes,yes,no,3,28,0,yes,2051
35,339756,2452,medium,steel,no,yes,no,7,73,2,no,2696
33,345624,2706,medium,wood,no,no,yes,0,45,3,no,3828
67,422892,2245,medium,concrete,no,no,no,9,48,3,yes,3073
85,1087822,2029,medium,wood,no,yes,yes,3,58,1,no,4142
87,1146183,4041,low,steel,yes,no,no,16,66,3,no,3843
48,612390,1519,medium,concrete,yes,yes,no,6,24,1,no,2144
60,317577,2712,medium,steel,no,no,no,24,43,3,no,3642
45,796314,4551,high,brick,no,yes,yes,0,69,3,no,4311
75,1398576,4695,low,steel,yes,no,no,15,59,0,yes,2921
68,796908,1011,high,concrete,yes,yes,no,23,43,2,yes,3662
68,518944,4993,medium,concrete,no,no,no,9,61,0,no,2496
15,1353750,5867,medium,brick,no,yes,no,10,69,1,no,2897
92,558232,3899,medium,brick,yes,no,no,5,70,3,no,3228
72,1266336,3458,low,concrete,yes,yes,no,21,50,2,yes,3490
88,1070094,1820,medium,wood,yes,no,yes,23,31,1,yes,4490
98,897209,2890,high,steel,no,no,no,0,38,0,no,2921
15,593171,3350,high,wood,no,yes,yes,8,63,3,yes,4387
23,219981,1353,low,brick,yes,no,yes,10,28,3,yes,2318
60,607404,2086,medium,steel,no,no,no,5,64,2,yes,2865
91,505223,4953,medium,steel,yes,no,yes,18,56,1,no,3683
14,661736,4846,medium,brick,no,no,yes,12,61,2,yes,3908
2,537458,5603,low,wood,no,yes,no,16,24,2,no,2810
99,200054,2040,low,wood,yes,no,yes,13,34,1,no,2962
43,438472,3971,medium,brick,yes,yes,no,19,27,0,yes,2128
71,595709,5872,high,wood,no,yes,no,20,38,1,yes,3454
16,1037712,2806,low,concrete,yes,yes,yes,3,23,1,no,3002
86,1349025,2530,low,brick,no,yes,yes,26,60,2,yes,4642
28,408891,2969,high,concrete,no,no,yes,6,59,2,yes,3268
32,614101,2371,high,concrete,yes,yes,no,14,54,1,no,2304
71,730235,4370,medium,concrete,yes,no,yes,21,63,1,no,4247
86,587517,2852,medium,steel,yes,yes,no,28,44,0,no,2570
2,446425,2762,medium,concrete,yes,yes,no,9,73,3,yes,2467
72,144604,1691,medium,wood,yes,yes,no,4,54,2,yes,2730
7,1435655,5942,low,brick,no,yes,no,12,46,1,no,2889
38,163655,3069,high,wood,yes,no,yes,14,35,0,yes,3088
48,552369,2010,medium,concrete,no,yes,yes,2,56,2,no,3452
85,1046573,5698,high,concrete,no,no,no,24,51,3,yes,4830
86,907448,1443,medium,concrete,yes,yes,no,18,30,0,no,2544
99,1397084,2262,high,concrete,yes,yes,no,2,51,3,yes,4196
82,1270826,5365,medium,brick,no,yes,yes,18,28,1,no,4464
73,1258202,1477,high,brick,yes,yes,yes,11,29,2,no,4786
2,527193,4642,medium,steel,yes,yes,yes,13,28,0,no,2114
42,387800,5295,low,brick,yes,no,yes,7,63,1,yes,2666
42,443746,4231,medium,concrete,no,yes,yes,17,48,0,yes,3096
81,219233,3450,high,steel,yes,no,no,3,46,0,no,2533
20,621321,4507,medium,concrete,yes,yes,yes,28,68,1,yes,3475
6,263095,2161,low,steel,no,yes,yes,23,72,2,yes,2624
11,1086579,1711,low,brick,yes,no,yes,10,45,1,no,3128
69,1095760,2754,medium,brick,no,yes,yes,29,49,2,yes,4140
74,257351,4932,high,brick,yes,yes,yes,16,55,0,yes,3410
87,114069,803,high,steel,yes,yes,yes,18,73,0,yes,3147
97,311909,5276,high,wood,yes,no,no,3,31,1,no,3128
40,971763,3239,high,concrete,yes,no,no,5,57,0,no,2700
36,359470,1463,low,brick,yes,no,yes,1,36,0,yes,1887
51,1328591,4309,low,brick,no,yes,no,6,59,3,yes,3525
47,582145,5568,medium,concrete,no,yes,no,27,24,3,yes,3658
98,356181,3621,high,wood,no,yes,yes,18,33,3,yes,4992
17,814029,5232,medium,concrete,yes,yes,yes,13,54,2,no,3505
26,296536,5663,low,brick,yes,yes,yes,15,47,3,yes,3190
53,1247062,1133,medium,brick,no,no,no,7,77,1,no,3540
48,603739,5662,medium,wood,no,yes,yes,17,62,3,no,4622
27,408318,1339,high,steel,yes,no,no,8,76,2,no,2380
46,226365,2438,low,wood,yes,no,yes,3,62,3,yes,3302
67,187731,5006,low,concrete,no,yes,no,13,27,1,yes,1553
19,1407560,2912,medium,brick,no,yes,yes,23,24,3,yes,4727
72,951798,3529,low,wood,yes,yes,no,19,48,3,no,3703
81,107977,973,high,brick,yes,no,yes,21,62,0,yes,2587
65,1056428,4548,medium,steel,yes,no,yes,23,35,3,no,4717
71,252876,3258,low,wood,yes,no,yes,20,70,3,yes,3881
36,128853,4094,high,wood,no,no,yes,21,70,0,yes,3368
67,1310258,4915,low,brick,no,no,yes,17,71,3,yes,4873
83,891706,2100,high,steel,yes,yes,yes,19,32,1,no,4107
42,1103431,1119,medium,brick,yes,no,no,4,73,1,no,2781
91,1218970,962,high,concrete,no,yes,no,0,72,3,yes,4077
67,621606,2076,low,concrete,no,no,no,22,38,1,yes,2767
98,475576,5319,medium,steel,yes,yes,yes,5,76,0,yes,3009
69,1098247,2612,low,concrete,no,no,no,19,67,3,no,3658
49,946755,3924,medium,brick,no,no,yes,3,69,3,yes,4154
37,661734,2552,low,wood,no,no,no,18,73,2,yes,3092
46,947443,4908,medium,concrete,no,no,yes,27,37,0,no,3606
80,574812,5569,medium,steel,no,no,no,16,64,0,no,2915
56,1497616,5863,high,steel,yes,yes,no,5,22,3,no,4312
63,101699,1130,medium,brick,yes,no,no,4,69,3,yes,2321
78,1278590,5143,medium,concrete,yes,yes,yes,5,75,0,no,3683
30,1040722,4747,high,concrete,no,yes,yes,25,27,1,no,4169
96,1078464,5924,medium,concrete,yes,yes,yes,0,36,0,no,3698
63,225143,3302,low,steel,yes,yes,no,17,54,2,no,2065
76,911721,2177,high,steel,no,no,yes,14,28,1,yes,4071
91,990910,2231,high,steel,yes,no,yes,15,29,0,no,4068
26,737320,2986,medium,wood,no,no,yes,22,74,3,no,4292
93,944200,1446,high,brick,yes,no,no,8,63,0,yes,3229
23,543396,1495,low,wood,no,yes,yes,21,51,3,yes,3735
86,657746,2440,medium,steel,yes,no,yes,21,28,0,no,3315
20,1000149,1956,medium,concrete,yes,yes,no,4,61,3,no,3162
46,1156474,2219,medium,concrete,no,yes,no,10,66,0,no,3263
80,1467835,2470,low,wood,yes,yes,no,4,35,1,yes,3442
31,864683,2846,low,steel,no,yes,no,5,76,3,yes,2805
67,1334192,2062,low,steel,yes,yes,yes,1,24,1,yes,3799
21,1132417,2797,high,steel,yes,no,yes,9,47,1,yes,3657
51,1267830,2562,high,concrete,yes,yes,yes,21,65,1,yes,4270
39,1494705,1963,medium,concrete,no,yes,no,3,79,1,yes,3288
63,231112,5331,medium,steel,yes,no,no,13,55,0,no,1879
69,622859,4202,medium,wood,yes,yes,yes,2,51,1,yes,3553
20,1134283,1458,high,brick,yes,no,yes,12,51,3,yes,3822
23,1265508,3817,low,concrete,yes,no,yes,22,78,3,no,4139
96,681930,1377,low,concrete,yes,yes,no,29,50,0,no,2047
42,276336,649,medium,brick,no,yes,no,14,58,2,yes,2656
73,1400398,3208,low,steel,no,yes,yes,15,65,2,no,4469
3,1441103,5632,high,wood,yes,no,no,4,46,3,yes,4162
27,175538,4282,low,wood,yes,yes,yes,9,25,0,no,2585
91,747956,975,medium,steel,no,yes,no,2,22,0,no,2746
74,549771,622,medium,concrete,no,yes,no,15,29,1,yes,2588
80,426146,5795,low,steel,yes,no,yes,7,74,1,yes,2762
24,1393671,3272,medium,concrete,yes,no,no,15,73,3,yes,3751
87,953418,4978,medium,wood,no,yes,yes,4,78,2,yes,4911
9,493088,1629,high,concrete,no,no,no,10,78,2,yes,2737
2,809885,4975,high,wood,no,yes,no,18,23,0,yes,2986
6,1255401,3245,low,wood,no,yes,no,28,38,2,yes,3515
99,209550,992,medium,wood,no,yes,yes,15,77,0,no,3304
71,1159303,4117,low,concrete,no,no,no,13,62,0,yes,2373
79,416205,1693,high,steel,yes,no,yes,10,73,2,yes,3952
21,797339,2097,high,wood,no,no,no,13,64,0,yes,3474
87,1465413,1083,high,steel,no,no,yes,15,70,0,no,4165
29,834206,3457,low,brick,no,no,yes,24,44,0,yes,2872
13,1088321,5523,high,brick,yes,yes,yes,17,42,3,yes,4299
69,939405,4522,medium,wood,yes,no,yes,2,50,0,no,3371
42,1325137,2823,high,brick,yes,yes,yes,2,26,3,yes,4565
1,752846,830,low,wood,yes,no,yes,0,53,1,no,2792
20,822723,686,high,concrete,no,yes,yes,11,42,2,yes,3839
43,1480367,5084,low,concrete,yes,yes,no,6,79,2,yes,3226
1,1065590,2243,medium,concrete,no,yes,yes,10,30,0,no,3548
99,272651,1318,high,steel,yes,no,yes,12,28,2,yes,3722
40,362832,5432,low,wood,no,yes,yes,13,39,2,no,3520
7,241376,2829,medium,wood,yes,no,no,21,36,1,yes,2042
35,1395155,3069,medium,steel,yes,no,yes,11,79,1,no,3748
52,1101675,2848,high,steel,yes,no,yes,5,46,3,no,4358
34,1094875,1182,medium,brick,yes,yes,no,5,69,1,yes,2410
50,1249540,4719,medium,brick,yes,no,yes,6,37,1,no,3951
69,470938,1472,low,concrete,yes,no,yes,5,41,1,no,2535
29,393413,2983,low,steel,no,yes,no,27,66,0,yes,1761
91,721852,4321,low,steel,yes,yes,yes,8,58,3,yes,4070
71,1378906,2092,high,steel,no,yes,yes,20,55,2,yes,4868
1,409017,5702,medium,wood,yes,yes,yes,29,72,1,no,3514
73,448812,4836,high,brick,no,yes,yes,27,26,3,no,4384
58,435092,3918,high,steel,no,no,no,26,54,3,no,3311
65,931762,1694,low,concrete,yes,no,yes,16,22,1,yes,3324
91,838527,4607,medium,wood,no,no,no,16,69,2,yes,4239
17,958854,5087,high,steel,no,no,yes,14,70,0,no,3748
62,1467347,2895,high,brick,no,yes,no,0,28,3,no,4338
96,1068895,1728,high,steel,no,yes,yes,13,63,2,no,4722
94,264537,5771,high,brick,yes,yes,no,1,25,1,no,2779
79,757426,2905,low,brick,no,yes,no,19,25,3,no,2898
42,792802,1005,high,brick,no,yes,yes,21,66,0,yes,3495
28,422565,2254,low,concrete,yes,no,yes,6,34,3,yes,2863
3,1102636,5581,medium,concrete,no,yes,no,12,56,3,yes,3745
92,785805,3675,high,brick,yes,yes,yes,20,64,3,yes,4690
5,921352,2187,low,wood,yes,no,yes,6,39,0,yes,2815
66,1320105,2654,low,steel,yes,yes,yes,17,73,0,yes,3206
54,274863,4696,high,wood,yes,yes,yes,5,64,2,yes,4022
38,1459126,5034,low,wood,yes,no,no,18,71,2,yes,3821
80,1306574,4369,high,steel,no,no,yes,27,67,3,no,5453
44,1203515,4373,low,concrete,no,yes,yes,8,32,2,yes,4414
81,1225452,5045,low,wood,no,no,no,9,34,1,yes,3694
76,1381041,2702,medium,wood,no,no,yes,25,64,0,yes,4996
90,1044769,4452,high,steel,yes,no,no,3,52,1,no,2982
57,1354800,1395,medium,wood,no,yes,yes,20,60,0,no,4339
71,205558,3546,low,wood,no,yes,yes,29,63,0,no,3260
24,316895,2919,high,concrete,yes,no,no,27,27,0,yes,1939
80,304118,3504,medium,wood,yes,no,no,20,59,0,yes,2684
82,114389,2053,high,brick,yes,no,no,11,71,0,yes,1974
59,420938,1478,high,concrete,no,yes,no,12,32,0,no,2359
8,358125,5072,medium,steel,yes,no,yes,29,42,3,yes,3425
91,1437782,986,medium,steel,no,no,yes,17,47,0,no,4011
90,248237,4281,medium,steel,no,yes,yes,12,36,2,yes,3474
95,316560,3034,low,wood,yes,no,yes,19,45,3,yes,3629
82,1441989,1780,medium,steel,no,yes,no,22,39,2,yes,4051
2,243033,5119,medium,brick,no,no,yes,26,29,1,no,2952
41,1011720,1386,low,concrete,no,yes,yes,27,62,0,yes,3272
87,872331,4972,medium,brick,no,no,yes,17,56,1,yes,3531
56,1263696,3819,high,steel,no,yes,yes,4,49,2,no,4265
48,580271,2438,high,wood,yes,yes,no,15,50,3,yes,3894
22,487809,2373,high,wood,no,no,no,20,68,1,no,2770
97,825841,3785,low,steel,no,yes,no,20,73,1,no,3253
18,351465,2642,medium,steel,no,no,no,22,67,0,yes,2156
79,588658,2224,high,steel,yes,no,yes,9,77,1,no,3828
41,492989,4172,low,wood,no,no,no,13,23,1,no,2142
67,134627,1848,low,brick,yes,no,yes,22,39,1,no,2783
48,1152495,4842,low,concrete,yes,yes,no,27,22,2,no,3338
23,728982,2225,low,steel,no,yes,yes,28,23,0,yes,2671
2,1004694,2071,low,brick,yes,no,yes,14,66,0,no,2603
4,1471702,4352,high,brick,yes,yes,yes,10,66,0,yes,3650
26,1410886,1946,low,brick,yes,yes,no,29,35,3,yes,3104
19,1029456,1714,medium,steel,yes,no,yes,7,49,0,no,2533
49,1311070,613,high,wood,no,yes,yes,26,65,2,yes,4869
74,666895,1771,low,brick,yes,yes,yes,16,78,0,no,2975
86,954589,2426,high,brick,yes,no,yes,2,42,1,yes,4047
53,1137350,4142,high,brick,no,yes,no,0,41,2,no,3637
6,466914,1008,medium,concrete,yes,yes,no,6,55,1,no,1516
62,1294941,5079,low,brick,yes,no,yes,20,55,2,yes,3916
1,302780,4752,medium,brick,yes,no,no,1,67,0,no,1278
16,866690,3161,low,wood,yes,yes,no,9,75,3,no,3429
52,624830,4249,low,brick,yes,no,yes,17,60,0,no,2519
7,1092571,2992,high,brick,no,no,yes,6,25,2,yes,3716
88,1440966,2502,low,steel,no,yes,no,4,64,0,yes,3071
35,353902,3758,high,wood,yes,no,no,28,49,2,yes,3548
78,668832,1004,medium,brick,yes,yes,no,3,60,0,no,2107
68,1397874,4940,low,brick,no,yes,no,13,22,2,no,3903
15,1438970,1458,low,concrete,no,yes,no,23,66,3,yes,3506
57,1042005,2597,medium,concrete,yes,no,no,2,29,0,yes,2387
23,286566,808,medium,brick,no,no,yes,12,37,0,yes,2092
83,620874,2790,high,concrete,no,no,no,2,72,2,yes,3441
78,1248640,2422,medium,brick,no,yes,yes,7,69,1,yes,3787
91,1224533,1145,low,steel,yes,no,yes,17,66,0,yes,3100
86,605985,1403,high,concrete,yes,no,no,18,52,3,no,3621
11,873993,1727,medium,steel,yes,yes,no,3,28,2,yes,2295
4,835362,5763,low,brick,no,yes,yes,9,76,0,no,2495
58,1003821,4692,low,concrete,yes,yes,no,2,72,0,yes,2432
96,1100452,846,low,brick,no,no,no,11,26,1,yes,3120
40,164336,3177,medium,wood,yes,no,yes,23,23,3,no,3996
58,1417030,1064,high,steel,yes,no,no,5,62,2,yes,3738
88,530464,1219,medium,wood,no,no,yes,18,69,1,yes,3383
98,1365271,2558,high,steel,yes,no,yes,22,74,0,no,4356
67,303867,3635,medium,brick,no,no,no,3,25,2,no,2786
38,477573,3015,low,concrete,yes,yes,yes,2,31,1,yes,2700
2,642906,1829,medium,wood,yes,no,yes,17,56,3,no,3948
87,281837,956,high,concrete,no,no,yes,7,22,3,no,4090
40,431216,2978,medium,concrete,no,yes,no,23,60,3,yes,3254
84,116941,3951,high,wood,yes,yes,no,1,24,2,yes,3486
56,277670,1484,medium,wood,no,no,no,24,64,0,yes,2512
72,245065,5196,high,concrete,yes,no,no,27,66,0,no,2577
35,140198,2358,low,brick,yes,no,yes,6,47,1,yes,2259
49,1072718,5439,low,wood,yes,yes,yes,10,38,0,yes,3293
67,459418,3520,high,brick,no,no,no,5,79,3,no,3606
96,338935,2057,low,brick,no,yes,yes,18,63,3,no,3585
95,838137,1150,high,wood,yes,no,yes,2,29,3,no,4815
44,1406862,799,high,brick,yes,yes,no,12,51,2,yes,3186
31,1478066,1990,low,steel,no,no,no,19,29,0,yes,2658
65,905172,4342,medium,brick,yes,yes,no,26,50,3,yes,3602
76,1359535,5034,high,brick,yes,yes,yes,24,72,1,no,4586
18,1332865,2043,medium,brick,no,yes,no,23,79,0,yes,2978
88,440029,5374,medium,concrete,yes,yes,no,1,72,1,no,2490
36,653665,876,low,brick,no,no,yes,28,39,1,yes,2769
62,1049568,653,high,brick,no,yes,no,4,45,3,no,3801
29,939090,763,medium,brick,no,no,no,14,30,3,yes,3166
89,1202115,2723,medium,brick,yes,no,yes,9,41,3,yes,4734
23,975682,3389,low,concrete,no,yes,no,5,73,1,yes,2367
3,747914,5701,low,concrete,yes,yes,no,13,65,1,yes,2212
30,1237431,5117,medium,concrete,no,yes,yes,20,34,3,yes,4430
81,113636,5272,medium,wood,no,yes,no,0,58,2,yes,3191
45,1229846,1853,low,wood,yes,no,no,8,40,1,yes,3096
49,711228,1929,low,concrete,no,yes,yes,9,26,3,no,3754
94,304520,1585,low,wood,no,yes,yes,27,57,3,no,4094
19,715352,3788,high,concrete,no,yes,no,21,45,2,no,3191
64,492314,5959,low,brick,yes,no,yes,20,74,3,no,3677
5,146728,1680,low,concrete,yes,yes,yes,10,76,3,no,2429
56,480771,1258,low,concrete,yes,yes,no,21,73,2,yes,2271
34,195695,5748,high,wood,no,yes,yes,18,55,2,no,3731
73,523753,2865,high,concrete,no,yes,no,8,68,0,no,2464
48,414596,5241,low,steel,yes,no,no,11,29,1,yes,1989
26,612741,2634,low,brick,no,yes,yes,19,67,1,no,2560
5,1188291,1448,high,concrete,no,no,yes,5,25,0,no,3553
88,1188245,1065,high,concrete,yes,yes,yes,15,65,1,no,4553
31,231406,5261,medium,concrete,no,no,no,12,78,0,no,1734
24,768546,5199,high,concrete,no,yes,yes,5,59,1,yes,3726
85,293170,1974,high,wood,yes,yes,no,12,29,3,no,3532
22,146632,5236,low,wood,no,yes,yes,14,30,2,yes,2921
22,276570,2406,low,steel,no,yes,no,17,62,2,no,2240
85,429410,2726,low,wood,no,no,no,15,69,2,no,3396
57,269095,1018,high,steel,no,no,yes,8,62,1,no,3110
30,1376503,2059,medium,steel,no,yes,no,17,76,3,yes,3971
47,1381805,5132,low,concrete,no,yes,no,9,52,2,no,2804
74,839004,2813,medium,steel,no,no,no,11,52,0,yes,2514
67,1149487,1197,medium,brick,no,no,yes,4,72,1,no,3870
39,456422,1789,high,wood,no,yes,yes,26,61,1,no,4129
93,720264,4506,high,steel,no,no,yes,1,28,3,no,4573
89,524967,5972,low,brick,no,no,yes,8,46,1,no,3218
66,1047131,4645,high,wood,yes,yes,yes,17,34,2,yes,4964
77,803243,1045,medium,brick,no,no,yes,23,26,2,yes,4100
91,305135,5349,high,concrete,yes,no,yes,26,73,0,no,3372
29,590098,646,high,concrete,no,yes,no,26,39,0,no,2153
14,157339,5814,medium,wood,no,yes,no,0,28,1,yes,2117
4,1359331,4528,high,steel,no,no,yes,13,59,0,yes,3837
72,1324488,2112,high,brick,yes,yes,no,2,75,1,yes,3404
5,333708,1886,low,concrete,no,yes,yes,22,63,2,no,3051
44,1053931,3301,medium,steel,yes,no,no,10,36,3,no,3588
91,309401,2548,high,concrete,no,yes,yes,21,77,2,no,3783
24,329774,1542,medium,concrete,yes,yes,no,26,70,1,yes,1943
98,177122,3301,high,steel,no,no,no,17,66,2,yes,2836
28,115993,5678,low,wood,yes,yes,no,24,54,2,no,2348
24,517669,2890,high,steel,yes,yes,yes,1,73,3,yes,3193
5,422744,4325,high,brick,yes,yes,yes,21,52,2,yes,3563
13,1443503,5550,medium,wood,no,yes,no,16,77,1,yes,3684
82,661430,1503,high,brick,no,yes,no,26,74,0,no,3389
55,1203198,3259,medium,wood,yes,no,no,2,30,3,yes,3636
81,729105,1731,low,concrete,yes,yes,yes,20,40,1,yes,3040
30,525885,2968,medium,steel,yes,yes,yes,6,27,1,no,2779
83,244322,5169,high,brick,yes,no,yes,2,75,2,no,3437
86,1208854,3355,medium,wood,no,no,yes,24,57,3,no,5224
49,747545,4144,low,concrete,no,no,no,14,53,3,no,2955
82,498390,1066,high,concrete,no,yes,yes,3,49,2,no,3861
90,917359,4657,low,steel,no,no,no,24,71,0,yes,2854
15,1006605,5450,low,steel,yes,yes,no,14,59,3,yes,2941
92,1334715,4634,high,brick,no,no,yes,2,31,1,yes,4274
30,360273,1735,high,wood,no,no,yes,10,56,0,no,3043
28,1158426,2078,medium,concrete,yes,yes,yes,27,67,3,yes,3986
84,170068,4983,high,brick,yes,yes,yes,2,45,0,yes,2972
4,500322,940,medium,brick,no,no,yes,28,55,1,no,3194
68,1121721,1259,low,concrete,yes,yes,no,19,72,0,no,2420
15,604332,785,medium,wood,no,no,no,17,30,3,yes,2738
34,597734,2676,high,brick,no,yes,yes,13,48,3,no,3873
75,722645,2031,medium,steel,yes,no,no,20,55,1,yes,2687
87,1296111,5592,high,concrete,no,yes,no,8,36,1,yes,4066
99,165464,1346,low,concrete,yes,no,yes,14,48,0,no,2314
43,1077371,5746,medium,concrete,no,yes,no,7,48,0,no,3083
99,918235,5680,medium,wood,yes,no,no,7,53,1,no,3114
75,1301996,4434,medium,wood,yes,yes,no,7,66,3,no,4017
61,835945,1132,medium,brick,yes,yes,yes,23,48,2,yes,4004
63,1115556,3575,low,brick,yes,yes,yes,13,47,2,yes,3840
2,680643,4809,high,concrete,yes,yes,no,5,65,3,yes,3183
52,947378,1721,medium,brick,yes,yes,yes,28,38,3,yes,4272
52,418719,3693,low,concrete,no,no,no,12,37,1,no,2338
15,804797,1744,high,steel,yes,no,no,6,56,2,yes,2970
40,699592,810,low,brick,no,yes,yes,26,47,3,no,3607
28,1305167,4373,medium,wood,yes,yes,yes,14,59,3,no,4734
95,189883,3463,medium,wood,yes,no,yes,9,77,3,no,3710
96,206270,3033,low,concrete,yes,no,no,11,51,0,yes,1919
98,1001347,5596,medium,steel,no,yes,yes,29,63,3,no,4896
55,1298250,2523,medium,brick,yes,no,no,4,58,0,yes,2859
50,765072,3724,low,brick,no,no,yes,21,35,2,no,3673
22,888416,2491,high,steel,no,yes,yes,2,39,3,yes,4040
29,1070120,1240,low,steel,yes,no,yes,4,49,3,yes,3730
72,1013931,2214,low,brick,yes,yes,yes,25,61,2,no,3830
86,561097,2084,medium,concrete,no,no,no,11,37,1,no,2985
12,756820,4392,high,brick,yes,no,yes,2,23,3,yes,3685
87,317565,2525,medium,steel,no,yes,no,20,41,3,no,3530
38,363352,2479,low,wood,yes,yes,no,25,51,0,no,2238
2,1118316,3598,high,brick,no,yes,yes,0,30,2,no,3686
12,129794,1931,high,steel,no,yes,no,16,76,3,yes,2749
55,585809,2860,medium,wood,no,no,no,9,72,2,yes,2701
85,691491,4879,high,brick,yes,no,no,5,22,2,no,3338
12,573714,2740,low,concrete,no,yes,yes,23,48,3,no,3135
95,961656,2243,high,concrete,no,no,yes,19,75,2,no,4695
9,1129388,5995,low,brick,no,yes,yes,12,30,3,yes,4245
79,1433643,5697,low,brick,yes,no,yes,14,41,0,yes,4401
32,1403959,5753,low,wood,yes,no,no,22,48,1,no,3632
73,352763,2892,medium,concrete,no,yes,no,20,60,0,no,2405
88,306720,4310,medium,steel,no,no,yes,1,56,1,no,3103
8,748097,2395,medium,brick,no,yes,no,20,54,2,no,2484
28,505890,2277,high,concrete,yes,yes,no,27,34,2,no,2787
56,172213,3352,high,concrete,no,yes,no,1,35,1,no,2222
82,185332,2003,high,brick,no,yes,yes,29,74,2,yes,4126
36,681146,838,medium,brick,yes,yes,no,24,22,0,no,1622
37,497525,918,low,steel,yes,no,yes,16,71,3,yes,3186
32,581676,1161,low,brick,no,yes,yes,18,28,1,no,2905
85,327371,5812,medium,steel,no,no,no,29,68,3,no,3884
39,1140975,3407,low,brick,yes,no,no,29,54,3,no,3260
49,1247245,2977,low,wood,no,yes,no,0,75,2,yes,3381
93,1416631,4013,medium,brick,yes,no,no,4,60,2,yes,3923
18,167757,5304,low,wood,yes,no,no,27,73,2,no,2326
23,834980,4638,medium,brick,yes,no,yes,19,73,3,no,3922
33,1316037,3259,high,concrete,no,yes,yes,26,55,1,yes,4285
73,333018,2107,low,brick,no,no,no,15,67,0,no,1736
51,415881,5561,medium,wood,no,no,yes,21,74,0,yes,3740
43,377685,2620,high,brick,yes,no,yes,4,49,2,no,3555
4,772345,754,low,brick,no,yes,yes,22,28,3,yes,3557
80,174339,1141,high,concrete,yes,no,no,29,67,1,no,2647
67,428006,4855,low,concrete,no,no,no,22,73,1,no,2568
72,350021,5485,high,wood,no,yes,yes,9,45,3,yes,4687
80,168463,2204,high,brick,yes,no,no,26,36,3,no,3664
2,555407,2284,low,brick,no,no,yes,20,45,1,yes,2169
45,441207,3136,medium,concrete,yes,no,yes,9,48,2,yes,2958
83,1363676,1879,high,wood,yes,yes,no,0,60,3,yes,4488
88,396876,4751,medium,brick,yes,yes,no,8,24,0,yes,2297
80,944985,3499,high,wood,no,no,yes,17,31,3,yes,5022
40,989195,5878,high,wood,yes,no,yes,6,33,1,yes,4227
2,492092,1468,low,wood,no,no,no,18,62,0,yes,1653
32,580437,3613,high,concrete,yes,yes,no,25,50,1,no,2220
1,1101178,3766,high,steel,yes,no,yes,21,29,1,yes,3542
18,473140,3910,medium,concrete,yes,yes,no,15,31,0,yes,1973
64,1208864,1282,medium,brick,yes,yes,no,20,38,3,yes,3786
32,1220393,2863,medium,wood,no,no,no,5,30,1,no,2966
9,1076733,2061,low,wood,yes,no,yes,29,76,0,yes,3342
55,956169,4429,medium,wood,yes,no,no,9,63,1,yes,3571
67,1340861,745,low,brick,no,yes,yes,4,79,0,no,3443
24,933692,2574,low,brick,yes,no,no,28,36,2,no,3000
11,781758,2420,medium,wood,yes,yes,yes,24,25,1,yes,3598
28,681827,1204,high,wood,yes,no,yes,12,42,1,no,3764
16,974322,2206,high,wood,no,no,yes,11,28,0,no,3580
93,759657,4839,medium,brick,no,no,no,23,69,0,no,2983
12,1489086,3799,high,wood,no,no,yes,29,29,0,no,4335
68,735967,2147,low,wood,no,no,no,16,67,0,yes,2669
90,947590,3372,medium,concrete,no,yes,yes,29,41,3,yes,4650
4,539161,2587,low,wood,no,no,yes,24,28,3,yes,3368
75,1370441,1985,medium,concrete,yes,yes,yes,1,67,3,yes,4405
66,758219,4243,high,wood,yes,no,yes,4,27,2,yes,4186
31,200341,3496,high,concrete,no,no,yes,21,30,1,yes,3063
56,929811,2419,low,concrete,no,no,no,9,35,3,yes,3387
50,134442,3254,high,brick,yes,no,no,28,69,3,yes,3143
67,280587,2719,high,wood,no,no,yes,0,57,1,no,3565
89,968127,5317,low,wood,no,yes,no,11,73,3,no,4228
98,823414,1545,low,wood,yes,no,yes,13,50,1,no,3736
1,632979,1905,low,concrete,no,no,no,22,24,2,yes,2476
69,856717,2501,medium,brick,yes,yes,yes,7,66,0,yes,3165
39,1429574,4295,low,steel,yes,yes,no,16,52,2,yes,3270
52,1067234,758,medium,concrete,yes,no,no,10,45,1,yes,2714
95,714235,4394,medium,steel,no,yes,no,25,45,1,yes,3321
36,1209784,3922,medium,concrete,yes,no,yes,19,69,3,yes,4585
67,705723,1950,low,concrete,no,yes,no,1,57,3,yes,2818
12,704562,5320,medium,wood,no,no,no,4,56,0,yes,2466
61,1360013,5033,high,concrete,no,no,yes,17,75,0,no,4335
80,1413692,2254,low,concrete,no,no,no,8,46,3,yes,3917
72,1499314,5803,low,brick,no,no,yes,8,77,3,yes,4536
11,1244119,3630,medium,wood,no,no,no,9,60,2,yes,3637
14,153137,1275,low,brick,no,no,yes,20,76,1,yes,2220
91,343824,968,medium,steel,yes,yes,yes,20,42,2,yes,3420
82,101524,3775,low,wood,yes,no,yes,3,36,1,yes,3144
54,958455,1803,medium,brick,yes,yes,yes,16,55,0,no,2911
8,669469,3960,low,wood,yes,no,yes,25,30,0,no,3009
33,925039,2071,low,wood,no,no,yes,11,24,1,yes,3329
4,1304475,5951,medium,steel,no,yes,yes,2,78,0,no,3106
30,1088712,1948,high,concrete,yes,yes,yes,3,31,1,yes,3528
84,886813,4023,low,steel,yes,yes,no,22,71,3,no,3814
94,1298019,3616,high,brick,no,no,no,29,36,3,no,4827
91,522604,1269,high,wood,yes,no,no,6,37,0,no,3079
89,563970,1854,low,concrete,no,yes,no,26,34,0,yes,2165
54,1257571,5019,low,brick,no,yes,yes,22,65,2,no,4227
6,1347826,2608,medium,steel,yes,no,no,22,65,0,yes,2651
5,804535,1426,medium,wood,yes,no,yes,10,22,1,yes,2828
78,755712,2911,high,steel,yes,no,no,3,68,1,yes,3119
51,506198,1049,medium,wood,yes,yes,yes,24,79,1,no,3350
14,1332888,1148,medium,wood,no,no,yes,19,76,2,no,4660
34,161954,2234,medium,concrete,yes,no,no,27,54,3,yes,2453
41,743729,4269,medium,steel,yes,no,yes,5,29,1,no,3386
89,941153,2712,low,brick,no,yes,yes,0,37,2,no,3838
39,146536,2238,medium,wood,no,no,yes,0,69,2,yes,3632
18,1239738,5319,high,wood,no,yes,no,5,56,0,yes,3528
20,809987,5048,low,brick,no,yes,no,0,72,0,yes,1858
8,379149,1607,low,brick,no,no,no,14,35,3,no,2548
26,962735,5856,high,brick,no,no,no,0,62,2,no,3260
85,1337785,4831,low,brick,yes,no,no,5,48,1,no,2836
27,562093,3985,low,steel,no,yes,no,23,65,2,yes,2420
32,779470,1610,high,wood,yes,no,yes,8,69,0,no,3367
42,1455419,3373,medium,concrete,yes,yes,no,5,22,2,no,3590
50,1377842,3400,low,brick,no,yes,no,16,60,1,yes,3124
81,547005,909,medium,concrete,no,no,no,27,71,2,no,3277
49,260360,755,high,concrete,no,no,yes,22,64,3,yes,3900
65,1246004,2236,low,concrete,no,yes,no,29,51,3,no,3948
63,904756,5657,medium,steel,yes,no,yes,17,56,3,no,4252
27,771279,5061,high,brick,no,yes,yes,22,31,0,yes,3352
75,658262,3752,low,concrete,no,no,yes,25,52,3,no,4049
35,714045,5956,low,concrete,yes,no,yes,25,33,2,yes,3599
38,918217,3730,medium,wood,no,no,no,19,61,1,no,3311
38,210253,1860,low,brick,no,no,no,0,56,3,yes,2066
42,946687,5033,medium,steel,yes,no,no,26,55,1,yes,3018
42,340733,5167,medium,brick,yes,no,yes,24,60,0,yes,2697
49,768885,4984,low,brick,no,no,yes,15,53,0,yes,3111
57,772955,5069,high,brick,yes,no,yes,28,33,0,no,3668
54,1250039,3980,low,brick,no,yes,no,15,66,0,yes,2930
10,1436777,2230,high,wood,no,no,yes,0,49,3,yes,4927
60,101495,1745,medium,concrete,yes,yes,no,6,40,2,no,2028
40,181655,2994,medium,wood,yes,yes,yes,13,45,0,yes,2581
1,785109,635,low,steel,yes,yes,no,14,41,1,no,1515
86,140452,1324,low,concrete,yes,no,no,5,43,0,yes,1513
64,392766,2076,low,brick,no,no,yes,22,32,3,yes,3528
81,680644,3106,medium,wood,no,yes,no,25,49,2,yes,3752
12,772106,3897,low,brick,no,no,yes,16,66,2,yes,3137
57,1479696,1490,high,brick,yes,yes,no,16,61,3,no,4233
77,940002,3449,high,steel,no,no,no,5,41,2,yes,3428
89,739733,2000,medium,concrete,yes,yes,yes,12,26,3,no,4293
26,472005,5907,medium,steel,yes,no,yes,23,72,3,yes,3685
40,389711,1626,low,steel,yes,yes,no,10,73,2,no,1892
43,271731,4701,low,concrete,yes,yes,yes,18,79,3,no,3329
97,419935,3260,high,steel,no,yes,no,9,61,1,no,2968
72,217439,5004,high,concrete,no,no,no,29,28,3,yes,3126
13,524644,3006,medium,steel,yes,yes,no,26,43,0,yes,2408
90,1150367,3605,low,wood,no,yes,no,1,58,0,yes,3245
56,844402,4349,low,concrete,yes,no,no,19,62,0,no,2531
17,1413109,1275,low,brick,no,no,no,7,50,0,no,2199
88,809898,3449,low,steel,no,no,yes,14,33,3,yes,4255
24,861718,1117,high,steel,no,yes,yes,28,50,3,yes,4303
76,418801,5079,low,concrete,yes,yes,no,8,57,3,yes,2891
95,1128570,4585,high,steel,yes,no,yes,12,56,0,yes,4005
58,264130,3186,medium,steel,no,no,no,26,64,0,yes,2504
80,747339,5994,low,concrete,no,no,no,21,43,0,no,2701
61,900182,5303,high,concrete,no,yes,yes,22,39,2,yes,4522
80,222803,761,high,steel,yes,no,yes,14,78,2,yes,3523
94,500648,1200,high,concrete,no,yes,yes,14,43,1,yes,3687
28,873214,5966,low,steel,no,no,yes,0,40,3,yes,3548
67,786777,2159,high,steel,yes,yes,yes,4,55,2,yes,4209
97,520806,1264,high,steel,no,no,no,28,30,3,yes,3672
51,241568,5557,medium,brick,no,yes,no,14,31,3,yes,3199
88,944290,4381,low,concrete,no,yes,yes,21,40,1,yes,3646
94,502086,2639,high,brick,no,yes,yes,29,59,0,yes,3646
92,472619,5176,high,wood,yes,no,yes,25,30,3,no,5046
39,1078269,4390,low,wood,no,yes,yes,13,72,0,yes,3457
66,203311,4916,low,steel,no,no,no,5,49,3,yes,2601
77,1027948,2372,high,brick,yes,yes,yes,5,51,2,yes,4087
74,886775,5205,low,steel,yes,yes,yes,22,46,2,no,3978
40,1146992,1990,low,steel,no,yes,no,19,39,0,yes,2280
13,1017118,4886,low,steel,yes,no,yes,4,73,0,no,2682
19,439319,2317,low,steel,yes,yes,yes,21,47,2,yes,3097
6,831240,2557,low,steel,yes,yes,yes,8,40,0,yes,2632
18,475117,2259,high,wood,no,no,no,19,76,2,yes,3551
9,713444,3688,high,concrete,yes,no,no,19,48,0,yes,2069
81,1334611,2678,medium,concrete,yes,yes,yes,6,57,3,no,4680
68,653061,3544,medium,concrete,yes,yes,no,29,25,2,yes,3447
54,105783,5853,low,wood,no,yes,no,15,70,3,yes,3138
50,848071,5942,low,brick,yes,yes,no,16,47,2,yes,2554
70,906176,5789,high,wood,no,yes,no,27,66,0,no,3551
11,1064744,2427,medium,wood,no,no,yes,26,24,0,no,3758
55,832310,3039,low,brick,yes,yes,no,22,74,3,no,3272
42,337524,1716,low,steel,no,no,no,7,74,3,no,2528
90,1201804,5792,medium,steel,no,yes,no,27,57,2,yes,4159
11,1465831,2605,medium,steel,no,no,no,17,28,1,no,3104
72,624109,1761,low,brick,no,yes,no,19,31,1,yes,2316
67,1027069,4719,medium,wood,yes,no,no,12,66,1,yes,3515
2,1435923,767,medium,wood,no,no,yes,13,79,1,yes,4498
82,1478951,5995,medium,brick,no,no,yes,3,25,0,yes,4420
66,1338162,2600,high,steel,yes,no,yes,9,28,3,no,4931
26,508803,888,low,brick,no,no,yes,9,43,1,no,2753
76,1144101,1637,medium,wood,yes,no,yes,5,51,1,yes,4367
37,701377,3085,medium,concrete,yes,yes,yes,6,43,3,no,3827
90,1414121,3964,low,concrete,yes,yes,no,6,74,2,no,3664
36,1131006,5423,high,concrete,yes,yes,yes,3,50,2,no,4267
16,774186,2731,low,steel,yes,no,yes,18,32,0,no,2304
78,821450,5064,medium,steel,no,yes,no,19,37,2,yes,3783
66,403906,4573,medium,steel,no,yes,no,8,77,1,no,2731
21,707370,1784,low,steel,yes,yes,no,25,78,3,no,2575
7,568220,5591,high,brick,no,yes,no,27,65,1,no,2667
11,665663,2953,low,concrete,yes,no,no,26,78,3,no,2572
56,635472,2082,low,concrete,no,yes,no,22,27,0,no,2430
44,1424538,4267,low,steel,no,yes,yes,18,58,0,yes,3523
54,314997,5405,high,steel,yes,no,yes,15,34,1,no,3252
93,815448,799,low,brick,yes,yes,no,2,54,2,yes,2838
57,243936,934,low,brick,no,no,no,4,68,2,no,1998
58,863686,4013,low,brick,yes,yes,no,23,72,0,yes,2234
37,759669,778,medium,concrete,no,no,yes,4,29,3,no,3260
48,483413,1049,high,concrete,no,yes,no,28,32,3,no,3752
62,1210168,2324,medium,concrete,no,yes,no,5,54,0,yes,2781
39,287239,1779,medium,concrete,no,yes,no,8,54,0,yes,1977
92,670284,5435,low,brick,no,yes,yes,8,65,1,yes,3366
64,851004,1467,medium,steel,no,no,yes,21,69,2,no,3676
68,628159,1577,low,concrete,yes,yes,no,11,61,2,no,2493
68,1351933,5930,low,brick,no,yes,yes,15,48,2,no,3975
27,815503,4240,low,steel,yes,yes,no,15,67,1,yes,2005
70,324498,1265,medium,wood,no,no,no,4,60,0,yes,2259
98,842705,2672,high,steel,no,no,no,28,39,2,yes,3962
82,422695,3123,low,wood,no,no,yes,23,75,1,yes,3641
60,619721,1382,high,wood,no,yes,no,0,66,3,yes,3965
44,595949,4897,high,concrete,yes,no,yes,26,53,2,no,3895
30,1272948,5305,medium,brick,yes,no,no,2,66,3,yes,3204
97,1370809,2087,low,steel,yes,yes,yes,5,62,1,no,4131
58,1340229,5132,medium,wood,no,no,yes,7,45,2,yes,4962
84,1422349,5567,high,brick,no,no,no,15,43,0,yes,3580
36,981445,4150,high,steel,no,no,no,5,71,2,yes,3522
5,1415254,4050,high,concrete,yes,no,yes,13,24,1,no,3892
99,1433344,2758,low,steel,yes,yes,yes,9,24,3,no,4444
19,758898,722,low,concrete,no,no,yes,21,35,2,yes,3221
12,1009578,5685,medium,steel,no,no,no,3,53,1,yes,2682
90,400930,3082,high,steel,yes,no,no,11,30,1,no,2850
60,1049370,4673,low,wood,yes,no,yes,6,37,2,no,4015
83,568502,1559,high,wood,no,yes,no,6,46,1,yes,3115
11,582344,5730,low,wood,yes,yes,yes,28,26,3,yes,3884
53,909384,2006,medium,concrete,yes,yes,yes,15,34,3,yes,3914
20,650748,4145,high,steel,yes,yes,no,0,52,3,no,2825
73,1212067,5204,low,steel,no,yes,no,27,42,1,yes,3285
84,1316694,1163,medium,concrete,no,no,no,15,61,3,no,3925
27,741522,1324,medium,steel,yes,no,yes,2,72,0,yes,2404
58,1438814,846,low,wood,no,no,no,14,30,0,yes,3036
5,750416,3228,medium,concrete,no,yes,yes,24,42,0,yes,2540
74,458471,5566,low,concrete,no,yes,yes,28,30,1,no,3441
9,216805,1004,high,steel,yes,yes,no,5,31,2,yes,2013
89,1068455,3153,medium,wood,no,no,no,12,62,2,no,4065
77,845594,1847,high,steel,yes,yes,no,19,65,0,no,2984
32,1227314,2994,low,steel,no,yes,yes,7,33,1,no,3413
72,923753,5558,high,concrete,no,no,no,11,32,0,no,3254
54,1163094,1827,medium,concrete,no,yes,yes,22,41,0,no,3651
45,1491842,1232,medium,brick,yes,no,yes,13,71,3,yes,4548
27,570984,3980,medium,steel,yes,yes,yes,15,60,1,yes,2719
86,901799,4949,medium,brick,no,yes,no,25,54,0,no,3146
28,269912,1258,low,steel,no,no,no,13,28,3,yes,2281
18,1264359,2650,high,brick,no,no,no,15,22,1,no,3250
87,1306995,5907,low,steel,yes,no,yes,5,35,0,yes,3567
31,368038,4021,medium,concrete,yes,yes,yes,3,66,2,no,2723
41,1431245,1723,high,concrete,no,no,yes,19,42,0,no,4031
34,197429,5152,medium,brick,yes,yes,no,23,66,2,yes,2462
7,488011,1483,high,brick,no,no,no,18,70,3,no,3276
5,727169,1296,high,brick,yes,yes,yes,26,29,0,yes,3008
21,1133390,5024,medium,wood,no,no,yes,24,38,3,yes,4708
6,648543,1314,low,brick,no,no,yes,7,66,3,yes,2737
45,499006,4589,medium,brick,no,yes,yes,3,75,0,no,2746
35,372620,841,high,brick,no,no,yes,27,70,3,no,4007
87,427250,4874,low,wood,no,no,yes,28,36,2,yes,4120
3,1430142,5768,low,wood,yes,yes,no,2,23,0,no,2831
33,680270,2827,low,steel,yes,yes,yes,12,34,1,no,2537
38,681695,3605,low,concrete,yes,yes,no,3,73,2,yes,2134
87,1437622,5446,high,brick,no,yes,yes,10,50,1,no,5171
80,1062774,1939,high,brick,yes,no,yes,15,49,1,no,4122
89,146716,2343,medium,concrete,yes,no,no,14,29,2,no,2503
16,1056451,3278,high,steel,no,yes,no,27,56,3,yes,3834
89,806186,2060,medium,steel,no,yes,no,1,45,3,no,3362
71,1403032,5044,high,brick,no,yes,no,14,28,0,no,3839
8,625879,5214,medium,concrete,no,no,yes,5,49,1,yes,2815
3,237028,986,low,brick,yes,no,yes,14,43,3,yes,2572
69,1298884,2041,low,brick,no,yes,yes,12,47,3,no,4181
19,510067,1400,high,brick,no,no,yes,2,38,0,no,2154
7,643480,1206,low,concrete,no,yes,no,18,59,1,yes,1891
86,1075357,5039,medium,concrete,no,no,yes,11,27,2,yes,4399
90,156713,2517,medium,steel,yes,no,no,11,79,2,yes,2521
50,203863,3709,low,concrete,no,no,yes,16,77,1,no,2964
89,659829,965,low,concrete,yes,yes,yes,23,32,3,yes,3884
6,1020361,5076,low,concrete,no,yes,no,7,59,3,no,3066
5,906045,4641,high,wood,yes,yes,yes,24,23,2,yes,4717
61,843189,1584,medium,steel,no,no,yes,12,53,1,no,3681
86,1117317,1724,high,concrete,no,no,no,26,47,3,no,4249
95,702085,1090,high,brick,no,yes,yes,11,52,0,no,3456
58,218198,5573,medium,wood,no,yes,yes,15,53,1,no,3270
22,332902,4244,medium,wood,no,yes,yes,20,56,1,no,3586
57,1160209,4824,medium,steel,no,no,no,10,23,1,no,3716
75,322585,4670,high,wood,no,no,no,19,24,2,yes,3770
32,1268778,2626,medium,wood,yes,no,yes,8,54,2,no,4217
17,1266417,620,low,steel,yes,no,yes,18,28,3,yes,4097
58,701075,627,medium,concrete,no,yes,yes,19,42,3,yes,4234
41,401601,3097,high,steel,yes,no,yes,7,69,2,yes,3216
22,689313,5618,low,brick,yes,yes,no,28,46,3,yes,2955
80,430429,4163,low,concrete,yes,no,no,12,37,1,no,2295
42,1390794,5347,high,concrete,no,yes,no,1,44,2,yes,3788
79,1081598,5528,high,wood,no,yes,yes,18,38,3,yes,5411
8,464305,2053,medium,concrete,no,no,no,12,54,2,no,2514
46,1027238,2882,low,wood,no,no,no,26,39,2,no,3841
48,916853,3071,medium,concrete,yes,no,yes,28,60,2,yes,4192
3,1025176,5856,low,steel,no,no,no,18,44,2,yes,3001
77,1396164,2729,high,wood,yes,yes,yes,10,30,1,no,5142
30,321281,3012,low,steel,no,no,yes,23,24,1,yes,2609
28,1256397,5460,low,wood,no,no,yes,26,69,3,no,4711
73,665094,5435,low,wood,no,no,no,1,56,2,no,3295
76,1047241,5095,medium,wood,yes,no,no,7,45,2,yes,3902
25,260497,2075,low,concrete,no,no,yes,6,27,1,yes,2176
37,1283103,1535,medium,concrete,yes,no,no,0,40,3,yes,3304
85,1028871,834,low,steel,no,yes,no,13,77,1,yes,2823
51,1064342,634,medium,brick,yes,yes,yes,7,35,2,no,3662
39,910319,5334,medium,steel,no,yes,no,26,24,0,no,2936
83,790152,938,low,brick,yes,no,no,0,27,3,no,2898
72,1137343,4627,high,wood,no,yes,yes,29,38,2,no,4922
67,758341,4125,high,brick,no,no,yes,24,57,0,no,3851
86,1018809,2102,low,brick,no,yes,no,16,43,2,yes,3346
1,369158,3724,low,wood,no,yes,yes,20,74,3,yes,3672
38,1499479,4283,high,steel,no,no,yes,23,25,3,yes,5247
52,1219796,3090,medium,wood,no,yes,yes,3,31,3,no,4864
63,729707,5115,high,wood,yes,no,no,5,53,0,yes,2691
52,1301075,1305,high,brick,yes,no,yes,0,68,0,no,3585
83,955188,5447,high,wood,no,yes,yes,2,70,2,yes,4885
85,1079350,4944,medium,steel,yes,yes,no,27,73,3,no,4249
60,414948,2940,high,brick,yes,yes,no,20,70,1,yes,2927
13,851889,4902,low,steel,no,yes,no,1,64,1,no,2106
91,442756,1724,low,wood,yes,yes,no,16,79,3,yes,3631
17,1218756,5934,medium,steel,no,no,yes,8,25,1,yes,3769
84,1158438,2199,low,steel,no,yes,no,28,34,1,no,3367
30,138972,5130,medium,wood,yes,no,yes,7,40,3,no,3538
38,987938,838,high,concrete,no,no,yes,18,67,2,no,3988
11,698528,1747,high,steel,yes,no,no,14,76,0,no,2142
27,986598,5213,low,concrete,no,yes,no,5,64,1,no,2571
38,1269754,4508,low,wood,yes,yes,no,23,75,3,yes,4060
28,1401945,4844,high,concrete,no,yes,yes,29,59,2,no,4855
26,1037846,2704,high,concrete,no,no,yes,5,69,3,yes,4090
33,147502,2803,low,concrete,yes,yes,no,7,47,2,no,1584
32,309824,4268,medium,concrete,yes,yes,yes,2,51,1,no,2950
54,1168968,5231,medium,steel,no,yes,yes,11,64,1,no,3995
25,1281624,2762,medium,steel,no,no,no,19,52,1,no,3373
24,820888,5910,low,brick,no,no,no,7,72,1,yes,2813
40,473779,4205,medium,concrete,no,yes,no,10,59,2,no,2458
27,122854,5061,medium,wood,yes,yes,no,25,33,3,yes,2879
46,650321,4165,high,steel,yes,yes,yes,26,40,2,yes,4024
86,870701,4217,high,concrete,yes,no,no,25,44,0,no,3099
84,121877,5968,high,wood,no,yes,no,14,71,0,yes,2949
97,597806,3533,high,brick,yes,no,yes,12,67,2,no,3976
69,497009,3708,high,wood,yes,no,no,23,62,0,yes,3006
93,614441,1064,low,wood,no,no,yes,21,31,2,yes,4085
69,1222786,2634,medium,concrete,yes,no,yes,25,36,1,yes,3914
39,150812,3494,medium,steel,no,no,yes,29,71,2,yes,3358
81,635018,5940,low,wood,yes,no,yes,12,38,1,no,3542
29,1258464,3385,medium,wood,no,yes,no,13,73,3,yes,4028
75,1263617,3520,medium,brick,no,no,yes,21,34,3,yes,5017
86,431778,1410,medium,steel,yes,no,no,8,45,1,no,2451
31,844379,998,high,steel,no,no,yes,23,37,2,yes,4158
65,1185424,1675,high,steel,no,yes,yes,2,60,2,yes,4456
15,579362,3419,low,steel,no,no,no,22,59,1,no,1945
83,543466,2462,high,steel,yes,no,yes,11,51,0,yes,3253
74,1017414,3879,medium,brick,yes,no,no,8,66,2,yes,3204
9,757333,1485,low,steel,no,no,yes,11,79,1,no,2710
13,838303,3166,medium,steel,no,yes,yes,25,65,0,yes,3062
45,579391,3840,medium,concrete,no,no,yes,10,76,0,no,3035
90,1078703,2273,low,brick,no,no,yes,18,36,1,no,4007
6,876208,3349,medium,brick,no,no,no,26,25,2,no,2925
44,781354,2584,low,steel,yes,yes,no,8,77,0,yes,1781
2,219139,5859,low,wood,no,yes,yes,4,65,0,no,2540
29,1149631,2291,medium,concrete,no,no,no,9,73,0,yes,2829
48,1339928,4753,medium,concrete,no,yes,no,8,31,3,yes,4014
12,749077,4367,medium,wood,no,yes,yes,0,61,1,no,3240
87,426810,1257,medium,steel,yes,no,no,12,67,3,no,3205
67,1425665,3856,low,steel,yes,no,yes,19,67,0,no,3786
50,1331620,4654,high,brick,yes,no,no,11,53,0,no,3478
11,230651,2110,medium,steel,no,yes,yes,10,42,1,no,2449
5,1451170,5846,low,brick,no,yes,no,8,50,0,no,2873
45,1431995,1668,high,brick,no,yes,yes,28,51,1,no,4303
74,414305,1985,low,concrete,no,yes,no,14,78,0,yes,2122
47,329717,3214,high,wood,yes,no,no,28,28,1,no,3246
6,940085,1371,high,wood,no,no,no,27,63,1,no,3586
80,437268,3174,high,brick,yes,yes,no,12,50,2,no,2737
95,1428413,2796,medium,concrete,no,no,yes,27,31,2,no,4710
87,755329,5315,high,wood,yes,no,no,11,75,1,yes,3799
94,368847,2597,high,brick,yes,no,yes,13,71,1,no,3711
84,1429298,2682,low,brick,yes,yes,no,8,43,0,no,2776
89,1338195,3028,medium,wood,yes,no,no,21,38,0,no,3679
99,384157,1371,low,wood,yes,no,no,9,39,2,yes,2835
69,1459869,2874,medium,wood,no,yes,no,5,67,0,yes,3462
63,498632,1763,medium,concrete,no,no,yes,18,26,1,no,3768
67,801788,4237,medium,brick,yes,no,yes,9,60,3,no,4270
47,403594,5482,high,steel,yes,yes,no,14,38,1,no,2470
34,679936,5031,medium,wood,no,no,no,20,55,1,yes,3298
12,1481362,5656,medium,concrete,yes,no,yes,29,25,0,yes,3578
27,749296,4293,medium,concrete,no,yes,no,7,62,0,yes,2202
69,1462353,3950,medium,wood,yes,no,no,17,29,1,no,3784
86,474568,2979,low,wood,no,no,no,1,47,0,no,2048
68,719642,1372,high,wood,yes,yes,yes,3,46,1,no,3950
28,1487808,1323,medium,wood,no,yes,yes,8,57,1,yes,4235
71,607349,1818,high,concrete,no,yes,yes,15,64,1,no,3805
45,985245,5326,high,wood,yes,yes,no,4,60,1,yes,3188
98,635007,1305,medium,brick,no,yes,yes,18,32,2,yes,4484
2,257110,5762,medium,brick,yes,yes,no,14,24,0,no,1502
9,1442166,5675,high,wood,no,yes,yes,23,65,1,no,4985
79,276091,1881,high,wood,no,yes,yes,14,61,1,yes,3852
31,555001,3335,low,concrete,no,no,no,11,49,1,yes,2077
36,1135194,5137,high,brick,yes,yes,no,15,60,0,no,2823
15,861670,1210,medium,brick,yes,yes,yes,10,77,0,no,3115
97,608008,2331,high,concrete,yes,no,yes,6,46,2,no,4458
62,1480078,5654,medium,wood,no,yes,yes,24,43,3,yes,5467
31,1090794,2252,low,steel,yes,yes,yes,15,34,2,no,3528
27,1233338,1501,medium,concrete,no,yes,no,9,25,1,yes,2909
2,608296,4646,medium,concrete,yes,yes,no,21,49,2,no,2821
73,1146723,3796,high,steel,no,no,yes,17,40,0,no,4484
43,499781,5496,high,brick,yes,yes,yes,15,24,1,no,3175
1,1309820,4131,medium,concrete,yes,yes,no,0,48,0,yes,1895
83,1169936,770,low,brick,no,yes,yes,4,32,2,no,3794
9,448377,5005,medium,brick,yes,yes,yes,27,27,3,no,3383
60,823096,2999,medium,concrete,yes,no,no,22,69,1,no,2813
2,785837,5555,medium,concrete,yes,yes,yes,6,52,1,no,3086
58,502097,4563,medium,wood,no,no,yes,17,77,3,no,4623
65,358759,1974,low,brick,no,yes,no,5,50,1,no,1997
12,1196873,2196,medium,concrete,yes,no,no,16,29,0,yes,2616
55,695914,1595,medium,brick,yes,yes,no,11,32,0,yes,2118
90,1490901,3896,medium,concrete,no,yes,no,11,77,2,no,4381
10,1330460,1345,high,concrete,no,no,no,0,30,0,no,2475
65,603458,2409,high,wood,no,yes,no,1,52,2,yes,3535
65,205825,1342,low,wood,no,yes,no,20,22,1,no,2068
61,745369,3920,low,wood,no,no,yes,25,28,0,no,3615
95,666650,2093,medium,concrete,no,yes,no,25,31,0,no,2913
75,303491,4120,low,wood,yes,yes,no,17,30,0,yes,1962
69,271152,4022,medium,brick,no,yes,no,13,34,0,yes,2192
35,206329,3755,low,brick,no,no,no,9,48,0,yes,1546
11,603899,3323,high,concrete,yes,no,no,29,39,1,no,2907
68,1375321,2600,medium,wood,yes,yes,no,13,37,1,yes,4019
38,250786,4868,medium,steel,no,no,yes,2,25,3,yes,3385
39,852987,2528,high,concrete,yes,no,no,24,51,1,no,3125
21,1147102,4840,low,steel,no,no,yes,20,59,1,no,3237
36,1417697,5457,medium,concrete,yes,no,no,29,41,2,yes,3835
92,815053,4122,high,steel,yes,yes,yes,12,62,3,yes,4711
72,598899,2968,low,brick,yes,yes,yes,18,79,2,no,3315
20,1292423,1771,low,steel,yes,no,yes,4,33,2,no,3417
43,1381777,3353,low,wood,no,no,no,18,49,2,yes,3897
21,325763,3559,medium,steel,yes,yes,yes,26,65,2,yes,2924
35,637223,2264,high,steel,yes,no,yes,29,22,1,no,3683
64,878790,3322,medium,brick,yes,yes,no,4,30,3,no,3376
32,675384,3800,low,wood,no,yes,no,12,63,2,yes,2883
36,941053,1282,medium,wood,yes,yes,no,14,70,3,yes,3782
69,255950,5712,low,steel,no,yes,yes,25,54,1,yes,3045
52,949048,4508,low,concrete,no,yes,no,5,74,3,no,3598
4,1216758,2109,high,wood,yes,yes,yes,26,22,3,yes,4979
7,199133,2863,medium,wood,yes,yes,yes,11,63,1,yes,2756
98,365254,2884,high,concrete,no,yes,no,15,30,0,yes,2916
84,263327,2743,medium,brick,no,no,no,24,43,2,no,3162
71,236439,3559,medium,brick,yes,yes,yes,17,30,2,yes,3151
24,985873,2256,medium,brick,no,no,yes,14,26,1,yes,3416
21,410989,3866,low,wood,yes,no,no,15,75,3,yes,2689
57,1012222,1873,high,wood,yes,no,yes,13,23,1,no,4702
73,1128869,4118,high,concrete,yes,no,no,15,35,0,yes,2923
19,1219157,2615,high,concrete,no,no,no,2,33,3,yes,3815
84,334618,1517,low,concrete,yes,yes,yes,21,50,0,no,2471
28,151794,1551,medium,steel,yes,yes,no,1,37,1,no,1405
32,1302388,3624,medium,brick,yes,yes,yes,23,69,1,yes,3961
34,690610,754,low,wood,yes,no,yes,9,30,1,no,3062
16,512846,5015,medium,concrete,yes,yes,no,13,72,0,no,2043
38,1399691,900,medium,wood,yes,no,yes,22,53,2,no,4631
81,597185,794,high,steel,yes,yes,no,29,74,0,no,2664
75,685898,2037,low,concrete,yes,no,no,16,45,0,no,2336
4,578744,1332,medium,concrete,no,no,no,20,74,0,yes,1938
56,1170176,5541,low,steel,no,no,no,20,79,1,no,2970
40,1196503,3644,low,brick,no,yes,no,29,41,0,yes,2617
50,675508,2051,medium,brick,yes,no,no,16,41,2,yes,2744
40,1314753,5309,medium,wood,no,yes,no,21,74,0,yes,3883
82,626104,1888,low,wood,yes,yes,no,17,72,2,no,2611
49,537168,3847,low,concrete,no,no,no,2,63,3,yes,2832
48,1269313,1975,medium,brick,no,no,yes,20,64,2,yes,4418
6,1384381,4879,high,wood,yes,yes,no,14,73,1,no,3850
96,645388,4573,medium,brick,no,no,no,11,26,3,yes,3644
5,212165,5194,low,wood,no,yes,yes,15,41,1,no,2721
79,799150,3864,low,steel,yes,yes,yes,5,37,1,yes,3480
45,717802,1599,medium,steel,no,yes,yes,13,40,3,yes,3634
16,690551,2642,medium,wood,no,yes,no,26,33,2,no,3070
17,980771,1644,low,steel,yes,no,no,17,38,1,no,1851
59,767986,4005,low,brick,no,no,yes,19,55,2,no,3589
56,845692,5493,low,wood,yes,yes,no,2,48,1,no,3294
79,1448365,1678,high,steel,no,no,yes,16,62,1,yes,4453
35,831984,5721,high,wood,no,no,yes,19,47,3,no,5021
8,898471,4999,low,brick,no,no,no,5,71,3,yes,2738
99,468342,2157,low,brick,yes,yes,yes,25,55,2,yes,3497
61,299260,5860,medium,wood,yes,yes,no,6,42,3,no,3085
27,177678,2736,low,wood,no,yes,no,5,63,1,yes,1853
78,1099050,3527,high,brick,no,yes,no,11,62,0,no,3140
87,784623,2434,low,wood,yes,no,yes,16,24,0,no,3768
20,163537,5703,high,wood,no,yes,no,20,62,0,yes,2503
57,360843,5000,medium,wood,yes,yes,no,20,57,0,no,2275
70,1091563,4419,high,concrete,yes,no,no,5,50,2,yes,3913
88,441143,5884,medium,brick,yes,yes,yes,14,66,3,yes,3721
23,1008382,4979,high,concrete,no,yes,yes,4,40,1,no,3897
76,1143109,2643,high,concrete,yes,yes,yes,24,42,0,no,4030
2,721539,1040,high,concrete,yes,yes,yes,21,33,2,no,3753
27,330780,4554,high,steel,no,yes,yes,14,65,2,yes,3339
32,595031,2068,high,concrete,yes,no,yes,10,44,1,no,3429
93,765920,2562,medium,wood,no,no,yes,8,68,3,yes,4811
50,449273,4048,low,concrete,no,yes,no,3,49,0,yes,1789
64,338435,4167,medium,steel,no,no,yes,2,76,0,yes,2780
40,806448,3494,low,steel,no,no,yes,12,33,2,yes,3249
33,657796,4535,medium,concrete,no,no,yes,5,23,2,yes,4106
29,298365,3610,high,brick,no,yes,yes,0,51,0,yes,2675
33,658312,4463,low,wood,yes,no,no,9,33,1,yes,2444
17,181688,4055,low,wood,no,no,yes,4,60,2,no,2858
74,1362943,1344,medium,brick,no,no,no,1,60,2,yes,3653
65,731216,1156,low,wood,no,no,yes,21,39,3,no,4350
43,127961,4400,high,steel,yes,yes,yes,18,79,1,yes,3191
63,966260,5325,low,steel,yes,yes,no,15,78,1,no,2715
81,848521,2451,medium,wood,no,no,yes,28,45,2,no,4822
92,835611,3019,low,brick,no,no,yes,29,33,3,no,4602
58,206420,2956,medium,wood,yes,yes,yes,8,39,2,no,3795
91,1167796,4464,high,concrete,no,yes,no,17,27,0,no,3683
43,118688,4797,medium,steel,no,no,yes,16,29,2,yes,3386
37,1008236,2483,medium,steel,yes,no,no,6,78,2,yes,2721
46,860636,4897,low,concrete,yes,no,yes,20,70,2,yes,3521
25,1360502,4443,medium,steel,yes,no,no,16,36,0,no,2562
98,464290,4728,medium,concrete,yes,no,yes,20,65,3,yes,3947
67,653162,617,medium,steel,yes,yes,yes,19,28,3,no,3921
93,1107004,5567,medium,brick,no,yes,no,0,50,1,no,3500
99,601749,1271,medium,steel,no,no,no,7,79,1,no,2917
51,137551,1738,medium,wood,yes,no,yes,19,74,1,no,2978
74,390897,807,low,wood,yes,yes,yes,9,46,2,yes,3517
38,306269,760,low,wood,no,no,no,22,34,2,yes,2406
38,756408,3961,medium,wood,no,yes,no,5,53,1,no,2859
1,819777,5014,medium,brick,yes,no,yes,8,33,0,no,2683
54,538289,5157,medium,steel,no,no,yes,0,69,2,yes,3314
65,712123,2182,high,wood,no,yes,no,9,46,0,no,2981
96,703907,2585,medium,steel,no,yes,yes,24,40,0,yes,3673
22,918038,3556,low,brick,no,no,no,23,63,2,yes,2785
61,1291956,651,low,concrete,yes,yes,yes,28,76,1,yes,3705
58,1385725,3265,medium,brick,no,yes,yes,11,37,3,yes,5049
54,666419,5305,low,wood,no,yes,yes,10,33,3,yes,4319
19,504093,2344,low,brick,no,no,yes,4,56,3,yes,3084
99,234056,1563,high,wood,yes,no,yes,18,57,0,no,3456
70,1439837,4918,medium,brick,no,yes,no,9,45,1,yes,3843
34,436158,4310,low,wood,yes,no,no,17,54,2,no,2474
79,145923,5532,low,concrete,yes,yes,no,8,57,0,yes,1600
44,588088,1749,medium,concrete,no,yes,yes,28,25,2,yes,3699
67,740324,3159,low,steel,yes,yes,no,29,56,2,no,2950
52,695918,2777,high,steel,yes,yes,yes,2,71,0,yes,2733
22,1351116,3355,medium,brick,yes,yes,yes,3,77,0,yes,3276
29,667516,1667,low,concrete,yes,no,yes,21,75,1,no,2993
14,1030097,2429,medium,wood,no,no,yes,20,71,0,yes,3680
94,231250,4883,low,concrete,no,no,no,5,29,2,no,2743
62,1330299,4939,high,concrete,yes,no,yes,1,29,1,yes,4172
15,1338989,1522,low,concrete,no,yes,yes,4,28,2,no,3712
93,1102099,2150,high,concrete,yes,no,no,19,61,1,yes,3371
14,806682,3582,medium,wood,yes,yes,yes,12,46,2,yes,4098
67,643004,2644,high,concrete,no,yes,no,0,69,1,yes,3152
22,103989,3581,medium,concrete,yes,yes,no,13,56,0,yes,1601
97,1102178,5014,low,brick,no,no,no,19,36,3,no,4070
87,605558,2197,low,steel,no,no,no,10,39,2,no,2401
7,1387638,2921,low,steel,yes,yes,yes,1,32,2,no,3196
84,722923,5458,low,steel,no,no,no,14,51,1,no,2898
7,836196,2621,medium,steel,no,no,yes,6,50,0,no,2610
17,104542,1917,medium,wood,no,yes,yes,22,44,0,yes,2877
32,310135,4075,low,brick,no,no,no,4,55,1,yes,1744
79,498084,4155,medium,brick,yes,no,yes,11,40,0,yes,2883
77,632412,4897,medium,brick,no,no,yes,16,37,0,no,3405
56,958590,2157,medium,concrete,yes,yes,no,15,27,1,no,2489
62,819714,4398,low,concrete,no,yes,no,16,62,2,yes,2699
58,172119,1669,high,brick,yes,no,yes,26,36,1,no,3130
58,1161063,1097,high,wood,yes,no,no,6,30,3,no,4091
3,375099,704,medium,steel,yes,no,yes,25,50,1,yes,2552
89,951766,4353,high,wood,no,no,no,0,63,1,no,3779
96,418373,5642,high,brick,yes,no,no,1,23,0,no,2011
80,1204150,4635,medium,steel,yes,no,yes,19,68,2,yes,4512
1,821189,5804,medium,steel,yes,yes,yes,4,54,3,yes,3831
67,941932,2447,medium,steel,no,no,yes,26,59,0,no,3468
20,848396,3748,low,wood,no,yes,no,0,44,0,yes,2283
92,325364,2177,high,brick,no,no,no,12,77,0,no,2828
86,819237,3172,high,concrete,yes,yes,yes,0,34,2,yes,3950
62,1345692,1583,medium,steel,yes,yes,no,18,41,1,yes,2927
56,128531,2660,low,steel,yes,yes,yes,0,28,1,yes,2454
53,1323897,5229,medium,steel,yes,no,no,2,78,3,no,3543
65,850185,5247,low,steel,no,yes,yes,4,38,2,no,3607
56,842456,2099,high,steel,no,yes,yes,27,72,1,yes,3839
78,454395,726,medium,concrete,yes,yes,no,18,42,3,no,2887
45,727471,2357,medium,steel,no,yes,no,11,49,2,no,2754
79,1297425,5708,high,steel,no,no,no,25,51,3,no,4839
96,897242,5518,low,concrete,no,yes,yes,7,44,0,no,3556
18,220219,5666,low,wood,no,yes,yes,4,42,1,no,2956
48,1341858,2869,high,brick,no,yes,no,14,70,3,yes,4315
38,126552,2214,low,wood,no,yes,yes,10,22,2,yes,2854
22,1408864,3044,high,steel,yes,yes,yes,14,38,2,no,4204
80,1067362,698,high,wood,yes,no,no,4,53,2,no,3839
75,1493938,2106,high,concrete,no,yes,no,5,45,2,no,4372
71,586279,4075,low,steel,no,no,no,27,28,1,no,2817
73,1336413,5954,medium,wood,no,no,yes,3,56,0,yes,4324
1,169394,3857,high,brick,yes,yes,yes,4,57,1,yes,2637
42,840387,4974,low,wood,yes,no,yes,12,35,1,yes,3239
72,153871,975,high,steel,no,no,yes,21,77,2,no,4123
75,1046372,4074,low,steel,yes,yes,yes,11,33,3,no,3953
69,1070555,835,high,steel,no,yes,no,5,60,0,no,2902
29,683969,5353,low,concrete,yes,yes,yes,29,44,2,no,3211
6,656726,4763,high,steel,yes,no,yes,4,35,1,yes,2853
56,1182778,2580,high,wood,yes,yes,no,29,75,0,no,3574
12,952143,1799,high,brick,yes,no,yes,27,46,1,no,3719
39,582206,1216,low,wood,no,yes,yes,9,43,3,yes,3764
71,834550,2553,medium,brick,no,yes,no,27,66,3,no,3552
12,1387464,1417,high,steel,no,no,no,5,70,3,yes,3469
33,803767,652,low,brick,yes,yes,yes,8,58,3,yes,2998
83,987207,3629,low,concrete,yes,no,no,23,50,0,yes,2878
53,707647,5986,low,concrete,yes,no,yes,19,29,3,yes,4075
19,1203666,5411,medium,concrete,yes,yes,no,17,32,0,yes,2700
58,718528,5087,medium,concrete,yes,no,yes,3,51,2,no,3621
85,393465,3703,medium,concrete,no,yes,no,12,43,2,yes,2753
83,769265,790,high,brick,no,yes,no,21,36,2,yes,3715
43,1279895,2318,high,brick,yes,yes,yes,25,42,1,no,4130
73,717849,1430,low,steel,no,no,yes,22,68,0,yes,2359
45,135662,4072,low,brick,no,no,no,26,46,2,yes,2068
86,556037,5873,high,brick,no,no,yes,3,76,2,no,4413
19,111966,2698,low,wood,yes,yes,yes,12,34,2,no,2975
37,854453,3960,low,steel,no,yes,yes,10,28,2,yes,3426
11,1341105,3185,medium,brick,yes,yes,no,10,70,0,yes,2595
56,585588,2925,high,steel,yes,no,yes,18,39,0,yes,3154
25,904562,1050,medium,concrete,yes,no,no,0,33,1,no,2175
99,807073,5029,low,brick,no,yes,yes,13,68,2,yes,3954
69,297725,1364,high,wood,no,yes,yes,12,47,3,no,4119
45,305840,3153,medium,wood,yes,no,yes,6,26,0,yes,2926
62,1063822,1081,high,concrete,no,no,no,0,72,0,yes,3068
95,433466,3007,low,wood,yes,no,no,12,29,1,no,2836
14,1463074,5248,low,wood,no,no,yes,23,57,2,yes,4711
77,673737,675,low,concrete,no,yes,no,4,76,3,no,2930
34,770058,5368,high,brick,no,no,yes,7,26,1,yes,3395
98,495879,2935,high,wood,yes,no,no,13,43,2,yes,3746
82,586669,5868,medium,wood,no,yes,yes,1,44,3,no,4701
60,1429419,2060,high,brick,no,yes,no,18,29,3,yes,4669
64,992695,5785,medium,concrete,yes,yes,yes,3,72,0,yes,3511
70,713915,3848,medium,wood,no,yes,no,1,40,3,yes,3794
51,234630,2598,medium,wood,yes,no,yes,3,55,3,no,3990
42,797233,3190,high,concrete,yes,yes,yes,5,27,0,no,3218
21,833400,2483,high,wood,yes,no,yes,26,71,3,no,4353
5,940325,5632,high,brick,no,no,no,28,70,2,yes,3426
66,1084044,798,medium,wood,no,no,yes,22,38,2,no,4656
70,945085,3067,low,wood,no,yes,no,21,78,0,yes,2615
61,1151169,1697,medium,wood,no,yes,yes,22,38,0,yes,4039
8,1154393,4094,medium,brick,yes,no,no,17,36,0,no,2698
66,1328187,4806,medium,brick,no,no,yes,0,60,1,yes,4311
87,105063,4565,high,steel,no,yes,no,12,58,1,yes,2808
62,1003860,2741,medium,wood,yes,yes,yes,29,52,3,no,4830
20,1358255,896,medium,brick,yes,no,yes,14,43,1,no,3690
4,343136,2908,medium,wood,yes,yes,yes,8,79,1,yes,2903
15,337470,3372,low,concrete,yes,yes,no,22,46,2,yes,1808
94,619164,4445,high,concrete,yes,no,yes,28,40,2,no,4359
56,1187514,917,medium,wood,no,yes,no,28,75,3,no,4436
20,348943,871,medium,concrete,no,no,no,26,28,0,yes,1137
24,830603,1967,low,brick,no,yes,no,1,23,2,no,2356
9,271824,3050,high,wood,yes,no,yes,29,36,2,no,3715
21,1225913,3911,medium,wood,no,no,no,13,43,2,no,3889
41,218540,2258,high,wood,no,yes,no,29,67,1,no,2819
13,1295306,1042,medium,steel,no,yes,no,22,59,2,no,3353
5,682765,1208,medium,steel,no,yes,no,3,74,2,no,1969
64,932944,1692,high,steel,no,no,yes,18,28,0,yes,3641
46,1346686,4384,low,wood,yes,yes,yes,19,62,1,yes,4128
78,1379588,3457,medium,wood,yes,no,no,4,44,0,yes,3130
71,855473,2544,high,steel,yes,no,no,8,23,0,yes,2644
70,370602,3471,medium,concrete,no,yes,no,19,73,1,yes,2745
59,186793,1542,medium,brick,no,no,no,24,54,1,no,2493
76,549748,2057,low,concrete,no,no,no,19,39,1,no,2629
51,1270740,1964,low,steel,no,no,no,16,78,0,yes,2364
16,812757,2738,high,brick,no,yes,no,26,65,3,no,3385
51,1246520,888,medium,steel,no,yes,no,27,28,0,yes,3030
96,463269,3944,medium,brick,yes,yes,yes,26,45,1,yes,3526
42,464393,5286,high,brick,yes,yes,no,15,77,0,no,2346
11,989226,3230,medium,brick,no,yes,no,26,32,3,no,3327
68,841887,5243,medium,steel,yes,yes,no,16,33,3,no,3943
93,911808,5253,high,steel,yes,yes,yes,19,39,3,no,4676
52,1492353,823,low,brick,no,yes,yes,19,58,2,no,4339
98,200330,4250,medium,wood,yes,no,no,25,22,0,yes,3028
73,747341,3418,low,wood,yes,no,no,6,78,1,no,2611
10,253804,2121,low,wood,no,yes,yes,0,74,0,yes,2475
72,1459926,2254,low,wood,no,no,no,11,22,3,no,4620
63,589697,4228,high,concrete,yes,no,no,20,48,3,yes,3532
36,1467320,5744,high,concrete,no,yes,yes,25,76,3,yes,5358
96,1125640,5372,high,wood,no,yes,yes,23,30,0,yes,4705
45,265654,4458,low,steel,no,yes,yes,23,22,1,no,3124
6,159057,2692,low,wood,no,yes,no,22,49,2,no,1957
6,962509,5063,low,brick,yes,yes,no,19,33,3,no,2755
91,1274732,5930,medium,brick,yes,yes,yes,22,70,1,no,4599
66,702331,1336,low,steel,yes,yes,no,16,37,3,no,3073
73,762507,745,medium,brick,yes,no,no,14,70,3,no,3320
64,964683,5618,low,wood,no,yes,no,5,28,0,no,3069
38,1414956,2997,medium,wood,no,no,yes,12,79,2,yes,4312
69,618598,5494,medium,steel,yes,no,yes,22,56,3,yes,4348
98,1261135,4077,high,steel,yes,yes,yes,11,78,2,no,4869
61,950064,1633,high,steel,no,yes,yes,2,62,3,no,4550
78,1303144,5753,low,concrete,no,no,no,7,44,0,no,2893
74,1339781,2881,high,brick,yes,yes,yes,23,56,3,no,5360
63,770585,5219,medium,brick,no,no,yes,23,37,1,no,4022
71,415680,2327,high,concrete,no,no,no,26,69,2,yes,3302
20,817431,3600,high,brick,no,no,no,15,63,1,yes,2818
75,959829,985,medium,steel,no,no,yes,14,29,0,yes,3501
77,789336,2920,low,brick,yes,no,yes,20,69,1,no,3151
64,113528,4619,low,wood,yes,yes,yes,28,37,1,no,3114
81,211646,5539,medium,concrete,yes,no,no,6,27,1,no,2557
37,636854,2974,high,concrete,yes,no,yes,15,57,2,yes,3560
36,627283,1113,low,brick,no,yes,yes,20,77,0,yes,2416
97,1352826,626,medium,concrete,no,no,yes,28,52,3,no,5426
10,101906,1264,low,brick,no,yes,no,23,68,2,yes,1921
34,1406421,2787,medium,brick,yes,yes,yes,24,49,2,yes,4349
45,1199438,4584,high,wood,yes,no,no,10,56,0,no,3469
63,759539,2140,low,wood,no,yes,no,3,38,2,no,2902
13,855803,2355,medium,brick,no,no,no,15,68,3,yes,3465
25,693469,4723,low,concrete,yes,no,no,3,51,2,yes,2213
44,1420566,4432,high,concrete,yes,no,yes,26,73,1,yes,4068
97,174206,3231,low,wood,yes,no,no,22,30,2,no,2850
74,603915,907,medium,brick,no,no,yes,22,44,0,no,3512
24,1137582,4069,high,brick,yes,yes,no,27,66,0,yes,3014
69,1226001,4829,medium,wood,no,yes,no,29,22,2,yes,4668
74,225164,3433,high,brick,yes,no,no,10,33,2,no,2872
47,527998,3964,low,wood,yes,no,no,23,38,1,yes,2534
91,877476,2593,high,brick,yes,no,yes,15,67,2,no,4221
50,778869,1303,high,concrete,yes,no,yes,15,54,3,no,4380
36,553136,954,high,wood,yes,yes,no,6,43,1,yes,2902
33,121108,1146,high,brick,no,no,no,22,31,3,no,2676
92,345138,5736,medium,brick,no,no,yes,5,47,1,yes,3537
3,926725,709,high,wood,yes,yes,no,21,35,3,no,3648
31,1133434,2098,medium,steel,yes,yes,yes,9,46,3,no,3976
60,613488,4271,medium,steel,no,yes,yes,18,68,3,no,4438
29,1409663,1162,low,brick,no,yes,no,19,32,3,yes,3936
44,273204,3783,low,brick,no,yes,no,14,40,2,yes,2125
45,1383428,2187,high,brick,no,no,yes,25,64,2,yes,4347
42,238290,1065,high,steel,yes,no,no,3,72,0,no,1805
21,1276714,776,low,wood,no,no,yes,24,49,2,no,4404
32,337504,3798,low,steel,no,no,no,5,48,0,no,1460
28,1037072,5982,medium,concrete,yes,yes,no,27,76,3,yes,3542
85,501834,4680,high,steel,no,yes,yes,25,32,1,yes,3838
47,729081,5681,low,steel,yes,yes,yes,18,43,1,yes,3170
99,469150,3527,low,brick,no,yes,yes,27,46,2,yes,3508
94,1386584,5656,medium,wood,no,yes,no,26,51,3,yes,4995
47,388375,1494,medium,wood,no,no,yes,19,40,0,yes,3105
17,1145401,2082,low,steel,no,no,no,28,60,0,no,2558
29,790897,4720,high,brick,yes,no,yes,21,28,0,yes,3543
48,820352,1808,medium,wood,no,yes,no,11,78,1,no,3022
2,696195,1026,medium,brick,no,no,yes,5,27,0,no,2247
33,934363,2127,high,steel,yes,no,yes,12,30,1,yes,3325
63,973561,5850,low,wood,yes,no,yes,27,75,3,yes,4860
68,796715,3394,low,concrete,no,yes,no,27,39,1,yes,3161
39,455402,3784,high,steel,no,yes,yes,4,52,3,no,3621
89,313819,2506,high,steel,yes,yes,no,13,27,2,yes,3422
5,795956,3219,medium,concrete,no,no,no,13,67,2,no,3117
68,111782,3173,low,steel,no,no,yes,16,74,1,yes,2536
52,1300692,686,low,concrete,yes,yes,yes,26,43,2,no,3909
52,838071,4167,low,concrete,yes,no,yes,25,30,2,no,3784
29,1263766,992,high,steel,no,no,no,21,52,3,no,4001
37,1127892,1355,high,concrete,no,no,no,29,43,3,yes,4001
8,915884,4913,low,concrete,yes,no,yes,3,74,1,no,2990
20,1005549,2044,high,steel,no,yes,no,7,42,1,yes,3069
41,1392615,1382,high,steel,yes,no,yes,25,56,0,yes,3787
70,282272,5241,high,concrete,yes,yes,no,0,50,0,no,2316
36,1317895,2673,low,brick,yes,yes,yes,11,42,2,no,3769
32,151826,1090,low,steel,no,no,no,12,74,2,yes,1863
5,242672,4589,low,steel,yes,yes,no,20,79,3,no,2122
20,779464,4068,medium,brick,yes,yes,yes,19,56,1,yes,3035
68,343980,1648,low,steel,no,no,no,4,44,0,no,1629
22,1004622,798,medium,brick,yes,yes,no,24,61,0,no,2282
97,308844,970,high,wood,yes,no,yes,6,65,1,no,3830
31,1003290,4786,high,steel,yes,no,no,2,44,1,yes,3181
41,374983,998,high,steel,yes,no,no,18,39,1,no,2346
93,1264506,1059,low,wood,yes,no,no,6,44,0,no,3107
5,109401,3204,medium,steel,no,no,yes,16,22,3,yes,2920
10,1245419,3846,low,concrete,yes,yes,no,12,72,1,yes,2483
75,1107530,5268,low,concrete,yes,yes,yes,23,65,2,no,4254
37,1127635,1893,high,wood,no,yes,no,18,79,0,no,3410
56,430956,3359,medium,concrete,no,yes,yes,12,41,3,yes,3710
86,833519,2991,low,wood,yes,no,yes,7,75,1,no,3602
24,1168833,4259,medium,concrete,yes,yes,no,7,37,2,yes,3146
85,794575,1798,low,steel,yes,yes,no,12,30,0,no,2227
16,1393201,1069,high,concrete,no,no,no,1,46,1,no,2971
2,311792,5607,low,steel,no,no,no,29,59,2,no,2508
15,1199263,5534,medium,concrete,yes,yes,yes,2,46,1,no,3304
41,519789,2564,high,wood,no,no,yes,12,59,2,no,4356
63,1093029,5714,low,concrete,no,no,yes,25,28,3,yes,4267
49,694891,3185,medium,steel,yes,yes,yes,16,67,0,no,3399
26,1087361,2877,medium,wood,no,yes,yes,5,37,3,no,4720
94,749012,2329,high,concrete,yes,yes,no,2,75,0,yes,2522
66,1335953,1773,high,brick,no,no,no,24,56,0,yes,3569
29,1476284,3274,low,brick,yes,yes,no,0,52,1,yes,2686
70,1095931,765,high,wood,no,yes,no,29,22,3,yes,4537
60,817764,3329,low,brick,no,yes,yes,14,41,0,yes,3285
65,1485428,2291,medium,brick,no,yes,no,7,70,2,yes,3948
40,966918,3222,high,concrete,no,yes,no,29,79,1,yes,3624
11,1110670,5992,medium,concrete,yes,yes,no,22,48,2,yes,3405
52,857247,4938,medium,steel,yes,yes,yes,11,22,2,no,3664
87,367252,3015,low,concrete,yes,yes,yes,6,58,2,yes,3177
90,279813,1226,high,wood,no,no,no,26,45,1,yes,3508
95,1090561,2905,low,steel,yes,no,yes,15,70,3,yes,4109
79,579956,4006,high,steel,no,no,no,7,26,2,yes,3278
73,751952,1731,low,concrete,yes,no,yes,8,32,2,yes,3423
64,384986,4555,low,steel,yes,no,no,7,77,0,yes,1468
98,326188,2244,low,steel,no,yes,yes,5,56,1,yes,2989
81,1409613,2894,medium,concrete,yes,yes,yes,0,50,3,no,4584
99,1046041,4873,high,wood,yes,yes,no,15,75,0,yes,3513
3,596927,5862,medium,concrete,no,no,yes,0,44,3,yes,3618
11,698855,3817,medium,brick,yes,no,yes,12,31,2,yes,3620
28,626702,5796,low,steel,yes,yes,no,10,51,2,yes,2337
62,301034,2685,low,concrete,no,no,no,22,52,1,yes,2109
48,1435692,5087,medium,wood,yes,yes,yes,10,45,2,yes,4757
28,974292,5287,high,wood,no,yes,no,18,35,1,yes,3798
46,459187,3441,low,steel,no,no,yes,18,72,2,yes,2992
64,354336,1530,medium,brick,yes,yes,yes,10,32,2,no,3316
55,629985,4816,high,concrete,yes,no,no,24,22,0,yes,2784
83,1447070,936,high,brick,no,yes,no,14,65,2,no,3884
2,1437901,3331,medium,concrete,yes,yes,yes,9,47,3,no,4051
96,1147748,2782,medium,wood,yes,no,no,19,77,3,no,4438
75,1079206,1859,high,wood,no,no,no,15,41,0,yes,3564
16,368695,1658,high,steel,yes,no,no,2,23,0,yes,1759
11,126361,4048,medium,brick,no,no,no,28,54,2,yes,2388
3,1239534,3016,medium,wood,no,yes,no,1,68,0,yes,2644
55,359107,653,high,steel,no,yes,no,20,66,1,yes,2983
42,1223785,1752,low,wood,no,yes,yes,24,75,0,yes,3438
29,885536,4976,high,concrete,no,no,yes,13,66,3,no,4270
69,250571,4944,high,brick,no,yes,no,14,66,1,no,2999
92,515257,2406,high,brick,yes,no,no,27,38,3,no,3899
31,363530,1186,high,concrete,yes,yes,yes,23,27,0,no,2808
77,1278474,5052,low,concrete,no,no,yes,7,33,0,yes,3908
25,957208,1086,medium,brick,yes,yes,no,0,36,0,no,1851
6,1224509,2308,high,steel,yes,yes,no,24,77,2,yes,3601
60,1420192,5764,medium,steel,no,yes,no,23,24,3,no,4098
67,1314014,4606,medium,wood,no,no,no,13,43,2,yes,4192
22,901038,5227,medium,steel,no,no,no,26,59,2,yes,3351
41,478814,3630,high,brick,yes,yes,yes,29,42,2,no,3932
53,353238,4902,high,steel,yes,yes,yes,13,56,3,no,3813
60,411608,2490,high,concrete,yes,yes,yes,28,65,1,no,3297
39,957204,4980,low,brick,no,no,no,18,64,0,no,2799
55,229368,2411,medium,wood,yes,yes,no,7,48,2,yes,2690
96,1170257,1537,low,brick,no,yes,yes,8,27,3,yes,4184
30,291484,2470,low,brick,no,no,yes,14,32,3,no,3009
71,265618,2631,high,steel,yes,yes,yes,11,38,0,yes,3114
89,1426244,3471,medium,steel,yes,no,no,17,57,2,no,4208
2,1464141,1482,medium,steel,yes,no,yes,0,52,1,yes,3232
8,1187642,2608,high,wood,no,yes,yes,14,64,0,yes,4339
63,786674,4236,high,wood,yes,yes,yes,0,34,1,yes,3898
59,1068463,3157,low,wood,no,no,no,0,77,2,yes,3229
97,1387677,5521,high,wood,yes,yes,yes,20,69,0,no,4791
28,595316,4463,low,concrete,yes,no,no,1,50,2,no,1990
74,386706,660,medium,brick,yes,no,yes,3,59,2,yes,3214
38,954177,5848,low,steel,no,yes,yes,16,41,3,no,3934
18,337859,2736,high,brick,yes,yes,yes,1,59,1,yes,2544
62,1462612,2617,medium,brick,yes,yes,yes,6,70,1,no,3890
77,1007865,3749,low,brick,no,no,no,24,56,0,yes,3005
85,555773,4411,low,steel,yes,yes,yes,21,60,2,no,3172
97,1246301,669,medium,brick,no,no,no,9,22,0,yes,3260
23,441080,5380,low,concrete,yes,no,no,9,65,0,no,1339
65,266667,3271,low,steel,no,no,yes,12,71,2,no,3359
40,786328,5871,low,concrete,yes,no,no,4,34,1,no,2616
60,321364,2195,high,steel,yes,yes,no,25,48,0,no,2331
85,285404,1854,high,brick,yes,no,no,26,24,0,yes,2891
5,1239858,3113,high,brick,yes,no,yes,6,41,0,no,3173
99,394518,1621,low,brick,yes,no,no,24,49,2,yes,2468
18,1495383,5127,medium,concrete,no,yes,no,28,27,0,no,2932
38,892328,5630,low,brick,no,no,no,13,67,1,yes,2316
29,458680,4969,low,wood,no,yes,yes,17,67,3,no,3849
26,916693,3776,high,concrete,no,yes,yes,21,30,1,yes,3646
60,1493775,832,high,wood,yes,no,yes,18,66,2,yes,5587
36,1494350,1787,low,steel,yes,no,no,25,54,3,no,3543
82,227537,5580,high,wood,yes,yes,no,27,25,2,yes,3515
29,418580,5498,low,wood,yes,no,yes,25,34,2,yes,3389
31,910010,5405,high,concrete,no,no,no,19,73,3,no,3951
63,1348687,1448,low,steel,no,yes,yes,20,59,2,no,4284
13,325134,2229,low,wood,no,yes,yes,20,22,1,no,3090
94,616485,2250,medium,brick,yes,yes,yes,9,67,3,no,4071
71,271935,5791,high,brick,yes,yes,yes,7,46,2,yes,3903
40,173165,2471,medium,steel,no,no,no,20,22,0,yes,1875
70,1236645,2901,high,wood,no,yes,yes,1,53,1,yes,4653
2,1217170,1291,high,concrete,yes,yes,no,13,63,3,no,3575
8,317617,607,high,steel,yes,no,no,1,70,3,no,2408
74,935742,2682,medium,steel,no,yes,yes,11,40,2,no,4082
43,738259,5497,high,steel,no,no,no,16,38,3,yes,3587
49,1240367,1761,low,steel,yes,yes,no,17,73,3,no,3086
22,260695,2303,low,brick,no,yes,no,16,60,2,yes,2288
74,406654,5827,high,concrete,yes,no,no,14,62,0,no,2563
35,829317,3979,high,brick,no,no,no,2,33,1,yes,2722
19,716125,739,high,steel,no,yes,yes,20,41,1,yes,3515
4,865264,4032,high,concrete,yes,yes,no,18,43,3,no,3630
19,1014356,2802,high,brick,no,yes,yes,26,66,3,no,4708
20,245103,1258,high,wood,no,yes,no,22,52,3,yes,3539
4,1346864,5008,medium,wood,yes,yes,no,25,55,0,yes,3006
49,253758,5937,low,steel,yes,no,yes,10,44,0,no,2121
26,984664,5261,high,wood,no,yes,no,17,65,2,no,3853
3,684212,5942,medium,concrete,yes,no,yes,20,77,0,yes,2900
52,1294278,4037,medium,steel,no,yes,no,28,40,0,no,3394
94,1399252,3348,high,wood,no,no,yes,2,70,0,no,4714
36,605161,1001,medium,concrete,yes,yes,no,17,23,1,no,2575
41,626111,1451,low,brick,no,no,yes,3,23,3,yes,3344
70,446392,3308,high,brick,no,yes,yes,27,59,1,yes,4011
51,1096788,4468,high,concrete,yes,yes,yes,8,60,0,yes,3274
91,342751,3778,low,wood,no,no,yes,24,58,3,yes,4381
16,788032,1382,medium,concrete,yes,no,yes,5,33,0,yes,2991
47,550918,942,high,concrete,no,yes,yes,6,49,3,yes,3970
80,1402117,2386,low,concrete,yes,no,no,0,32,1,yes,2953
46,1164182,3503,low,brick,no,no,no,2,63,0,no,2435
55,430574,5271,high,brick,no,yes,yes,14,70,0,no,3314
98,1332841,1381,low,brick,yes,no,yes,1,50,1,yes,3483
88,225242,4348,high,wood,yes,no,no,8,42,0,no,2833
39,1416130,1938,medium,steel,no,yes,no,25,50,3,yes,3959
6,347029,5906,high,brick,yes,no,no,7,50,0,yes,1864
84,592783,4396,high,brick,yes,yes,yes,18,61,1,no,3717
61,1450112,3470,low,concrete,yes,yes,yes,25,63,2,yes,4427
9,434477,1291,low,wood,yes,no,yes,13,33,0,no,2095
85,1334436,4478,medium,concrete,no,no,no,23,23,0,yes,3459
11,380889,4516,high,concrete,yes,no,yes,9,61,0,no,2850
94,986922,1258,medium,concrete,no,no,yes,23,59,2,no,4605
65,706705,783,low,concrete,yes,no,yes,10,54,3,yes,3478
91,134936,1803,medium,brick,yes,yes,no,29,66,1,yes,2126
59,984103,2744,high,wood,yes,no,no,7,67,3,no,4396
70,893565,2303,high,brick,no,no,no,3,31,3,no,3711
7,719696,5031,high,steel,yes,yes,yes,22,62,1,yes,3358
61,846993,3852,low,concrete,no,no,no,25,32,1,no,2892
57,1177408,1002,low,brick,yes,no,no,7,37,3,yes,3233
86,1247846,835,high,wood,yes,yes,yes,9,29,1,yes,4566
34,960709,1205,low,steel,yes,no,no,14,68,0,yes,2022
84,289489,822,medium,brick,yes,yes,yes,12,74,3,yes,3649
45,956810,5611,medium,brick,yes,no,yes,4,67,3,yes,3808
45,869599,4610,high,steel,no,no,yes,29,25,2,no,4324
15,1165852,1222,low,wood,yes,no,yes,24,65,2,no,4057
9,1461062,3934,high,steel,no,yes,no,14,49,3,yes,4354
82,1133929,2433,medium,steel,yes,yes,yes,24,38,1,yes,4265
46,1034224,2709,medium,concrete,yes,yes,no,2,39,1,no,2544
46,1308909,1852,low,concrete,yes,no,no,2,74,0,yes,2461
36,576407,838,medium,steel,yes,yes,no,28,26,3,no,2884
46,129739,4441,low,concrete,yes,yes,yes,23,29,3,yes,3071
42,1382534,2173,low,wood,yes,no,yes,12,74,1,no,3703
30,1470220,5302,medium,brick,no,no,yes,22,26,3,yes,4805
11,991579,3032,medium,steel,yes,yes,no,8,56,1,yes,2349
33,465637,5638,high,concrete,yes,no,yes,28,44,3,no,4359
40,1378756,1764,low,wood,no,no,yes,1,43,1,yes,3606
70,765544,5267,high,wood,yes,yes,yes,14,69,1,yes,4431
43,842058,1576,low,wood,yes,no,no,17,74,2,yes,3343
39,955148,1559,medium,steel,yes,no,yes,22,23,1,yes,3420
86,737536,3778,low,concrete,no,no,no,28,57,1,no,3289
39,327877,2934,high,wood,yes,yes,yes,7,24,0,no,2800
53,921511,4686,low,concrete,yes,no,yes,2,49,1,no,3374
83,603952,4024,medium,brick,no,no,no,0,65,1,no,2489
86,698544,3884,high,wood,no,yes,no,25,44,0,no,3619
31,163581,1486,low,wood,yes,no,yes,6,30,3,yes,2821
63,905201,1293,low,concrete,no,no,no,29,40,0,no,2654
25,1486036,780,low,concrete,no,no,no,26,44,1,no,3469
41,549510,1788,low,concrete,no,yes,yes,5,34,3,yes,3196
50,947758,3767,low,brick,yes,no,no,28,67,3,no,3066
59,183564,3674,medium,steel,yes,yes,no,29,30,0,yes,1998
49,265432,2112,medium,concrete,yes,no,no,0,26,0,yes,1743
30,803548,3876,high,wood,yes,no,yes,8,61,1,no,3942
45,341176,3042,low,brick,yes,yes,yes,10,51,2,yes,3391
68,433338,4993,medium,concrete,no,yes,yes,26,77,3,no,4171
53,678990,1789,medium,concrete,no,yes,yes,26,44,0,yes,3508
26,541883,4335,low,wood,yes,yes,yes,21,54,1,no,2819
71,413989,4576,high,wood,no,yes,yes,28,42,0,no,4317
40,982509,5604,low,concrete,yes,no,yes,4,69,2,no,3436
12,1120779,4073,high,brick,no,no,yes,2,34,2,no,3983
1,127396,4678,high,concrete,no,no,yes,28,63,1,no,2716
70,743850,2787,medium,steel,yes,yes,yes,8,62,2,yes,3539
1,464373,5963,high,brick,yes,yes,no,6,69,3,no,2804
8,1041802,3974,medium,wood,yes,no,no,19,62,1,no,3190
33,735355,3397,medium,wood,no,yes,yes,12,33,1,no,3673
68,1338129,1834,low,brick,yes,yes,no,0,43,3,no,3813
50,1131493,2252,low,brick,yes,yes,yes,27,77,0,no,2868
6,174406,609,high,wood,no,yes,no,19,25,1,no,2590
60,211429,5648,low,steel,no,yes,yes,2,30,0,no,1840
63,1276083,4171,low,brick,yes,no,yes,5,52,3,yes,4149
52,567173,4766,high,wood,yes,no,no,10,71,3,yes,3863
3,427043,4302,low,concrete,yes,yes,no,16,69,0,yes,1351
79,1245816,2907,medium,brick,no,yes,no,26,23,0,no,3647
70,1053100,4923,low,steel,yes,no,yes,14,67,0,no,3412
6,208619,1377,low,brick,no,no,yes,3,76,1,no,2104
37,692136,5934,low,steel,no,no,no,0,57,2,no,2605
51,1385634,5075,medium,wood,no,yes,yes,0,32,1,no,4265
27,670335,2979,high,brick,yes,yes,no,5,50,2,yes,2759
46,1176484,1525,medium,brick,yes,no,yes,21,57,1,no,4182
69,648770,4240,high,steel,no,no,no,8,55,0,yes,2731
17,939319,3064,medium,steel,no,yes,yes,13,68,0,no,2857
87,1265288,764,low,concrete,no,no,yes,13,78,1,no,4152
17,845157,3497,medium,steel,no,no,yes,26,71,3,no,4300
23,112369,3867,high,wood,no,no,no,6,30,2,no,2800
39,1150236,4934,low,brick,no,yes,no,5,33,1,yes,2533
33,1110309,2926,high,steel,no,no,no,18,42,1,no,3621
66,1174773,4689,low,concrete,no,no,no,2,26,2,no,3144
10,1269705,2717,low,concrete,yes,yes,yes,4,28,0,yes,2884
83,1428682,2398,medium,steel,yes,yes,no,21,65,0,no,3527
40,1367597,4714,high,concrete,no,yes,no,5,58,0,yes,3232
73,1103211,2885,medium,brick,yes,yes,yes,7,75,3,yes,4523
15,1364083,5606,high,wood,yes,yes,yes,23,72,2,yes,4853
43,653489,4044,medium,concrete,no,no,no,12,24,0,no,2194
88,200759,3986,low,steel,no,no,no,12,36,3,yes,2517
12,1459861,2717,high,steel,no,yes,no,0,40,0,yes,3140
22,423806,797,high,brick,yes,yes,yes,18,70,3,no,3523
18,870816,3933,medium,wood,yes,no,yes,20,24,3,yes,4336
66,840366,3491,high,steel,yes,no,no,8,41,0,no,2814
62,229717,793,medium,wood,yes,yes,no,3,36,3,yes,2950
61,595766,731,medium,concrete,no,yes,no,4,59,2,yes,2649
60,738061,1693,high,brick,yes,no,no,16,32,2,no,3151
79,196159,1366,medium,concrete,yes,yes,yes,6,35,0,no,2503
39,228306,4368,high,wood,yes,yes,yes,17,25,1,no,3032
73,810445,3393,low,steel,yes,yes,no,12,56,3,yes,2686
22,1049644,2068,medium,steel,yes,yes,no,27,29,1,yes,2973
81,361984,3018,low,brick,no,no,yes,0,42,0,yes,2822
14,680201,829,medium,concrete,no,no,yes,13,56,2,no,3392
95,1489310,5802,high,wood,no,yes,no,13,25,0,yes,4705
7,568345,5450,medium,steel,no,yes,yes,12,57,0,no,2867
35,491823,4244,medium,steel,yes,yes,yes,28,35,3,no,3892
34,1462126,3999,high,brick,yes,no,yes,17,65,3,yes,4633
67,373118,3884,low,brick,no,no,yes,7,24,1,no,2922
63,826402,2830,high,concrete,yes,yes,no,0,78,1,yes,2720
2,363242,3002,low,steel,yes,yes,yes,14,41,0,yes,1667
91,239188,5260,low,concrete,yes,yes,no,16,29,3,no,2996
45,1424074,2218,medium,wood,no,yes,yes,16,78,0,yes,4229
63,108622,1413,medium,concrete,no,no,yes,26,76,3,no,3678
2,428474,3848,low,brick,yes,no,no,29,72,2,no,2115
54,972318,5146,high,concrete,yes,yes,yes,1,35,3,yes,4712
51,917207,1086,low,brick,no,yes,no,13,22,1,yes,2665
41,1451887,2290,medium,steel,no,no,no,0,78,0,no,2707
5,1294722,3920,high,wood,yes,yes,yes,1,41,3,no,4632
85,331887,2600,high,steel,yes,yes,no,26,35,1,yes,2633
71,1149155,4902,medium,concrete,yes,no,no,6,72,1,yes,2906
25,1210265,1867,high,steel,no,no,yes,0,49,0,yes,3353
1,1046578,1278,high,brick,yes,no,no,9,60,1,no,2690
9,171705,2861,low,steel,no,no,yes,17,66,0,yes,2000
66,848238,1707,low,wood,yes,yes,no,2,79,0,no,2377
67,1126988,3706,medium,brick,yes,no,no,17,78,3,no,3105
4,1303963,3462,low,wood,no,yes,yes,18,76,2,yes,3870
21,505513,4764,high,concrete,no,no,no,12,30,3,yes,3120
61,830721,2841,medium,wood,yes,yes,yes,22,44,1,no,4120
26,404624,2944,medium,brick,yes,yes,yes,1,37,2,no,2799
44,807993,1156,medium,brick,no,no,no,2,69,1,yes,2512
37,1000231,3947,high,wood,yes,no,no,21,48,2,yes,3842
78,115183,2255,low,steel,yes,no,yes,3,61,0,yes,2397
10,114879,1566,high,concrete,no,no,yes,16,29,1,no,2817
90,357300,891,high,brick,no,no,no,7,49,2,no,3012
74,984831,5298,low,concrete,no,yes,no,22,77,3,yes,4012
82,767436,5021,low,steel,yes,no,yes,7,39,0,no,2871
91,1283158,1775,high,wood,yes,no,no,24,55,0,no,3902
81,1071531,1275,low,wood,yes,yes,yes,24,23,1,no,3746
74,433487,5852,high,brick,no,no,no,2,76,1,yes,3044
75,133382,3883,low,brick,yes,yes,yes,14,45,2,no,2936
47,787290,5710,high,concrete,no,yes,no,10,31,0,no,2957
88,359909,780,low,steel,no,no,no,8,70,0,yes,2154
83,1221316,960,medium,wood,yes,yes,no,10,61,1,yes,3943
80,1024881,3071,low,concrete,yes,no,yes,5,29,0,yes,3026
23,1031810,1209,high,concrete,yes,no,no,9,26,3,no,3452
76,489250,929,low,concrete,no,yes,yes,9,24,2,yes,3270
54,1453825,1849,low,steel,no,no,yes,17,54,0,no,3639
59,1170522,4858,high,wood,no,no,no,12,51,0,yes,3705
19,623808,2455,low,wood,no,no,no,16,73,0,no,2426
25,1354435,1412,medium,steel,yes,yes,no,3,60,2,no,2989
67,275049,1092,medium,steel,yes,no,no,24,28,1,no,2697
13,798092,2429,medium,concrete,yes,yes,no,17,66,3,yes,2899
21,105634,1070,medium,concrete,no,no,yes,0,42,1,no,2129
22,388386,1980,low,concrete,no,yes,no,28,59,0,no,1576
47,746074,5036,medium,steel,yes,no,yes,17,34,3,yes,3924
63,369192,2802,low,wood,no,yes,no,6,46,0,no,2151
29,192828,5455,medium,wood,yes,yes,yes,28,76,2,no,3292
49,731305,3864,medium,wood,yes,no,no,4,23,2,no,2816
25,166458,3232,high,concrete,yes,yes,yes,15,23,2,no,2988
23,915038,3930,low,wood,no,no,no,4,23,0,yes,2432
76,391473,3901,low,concrete,no,no,no,9,36,1,no,2318
49,1144689,4921,low,steel,yes,no,no,28,36,1,yes,2948
23,861488,5749,high,brick,yes,no,no,28,39,0,no,2876
5,1487568,3893,low,steel,yes,no,yes,15,26,0,yes,3079
29,976872,1639,high,concrete,no,no,no,3,47,3,yes,3367
5,958667,4468,low,wood,no,yes,no,0,51,2,yes,3012
39,138123,2589,medium,brick,yes,no,no,7,35,1,no,1822
99,363608,3365,high,brick,yes,no,no,27,26,1,yes,3204
35,226072,3105,high,brick,yes,no,yes,0,61,3,yes,3359
81,955558,2863,high,steel,yes,yes,yes,25,42,3,no,4857
30,1106263,1211,low,brick,yes,no,no,27,64,0,yes,2425
56,1058952,3183,medium,concrete,no,yes,yes,2,29,0,no,3733
2,598887,2398,high,concrete,yes,no,no,17,27,0,yes,2000
15,546205,5128,high,steel,no,yes,no,1,47,2,yes,2666
51,625714,4935,low,wood,yes,no,yes,24,25,1,yes,3824
23,541588,4671,low,wood,no,yes,no,24,79,3,yes,3143
26,558210,5511,medium,steel,no,yes,no,4,73,1,no,2349
11,789727,701,high,wood,yes,yes,yes,10,51,0,yes,3143
24,806346,1264,high,wood,no,yes,yes,13,56,2,yes,4407
9,770507,3714,high,brick,no,no,no,17,78,1,yes,2770
78,276792,2190,high,steel,yes,yes,no,9,48,0,no,2077
88,109232,2968,high,steel,no,no,no,6,48,3,no,3095
71,1230534,5108,medium,wood,no,no,no,7,65,0,no,3650
10,127288,1527,high,wood,yes,yes,no,27,64,0,no,2193
97,446978,4636,low,steel,no,no,no,24,26,1,no,2765
97,1122246,4729,high,concrete,no,yes,no,19,61,2,no,4361
91,1369798,2450,high,steel,no,yes,no,16,32,3,no,4373
72,186977,1044,high,brick,yes,no,yes,6,64,3,no,3695
78,577967,4875,high,wood,yes,no,yes,22,73,3,no,5149
71,1310676,2454,high,brick,yes,no,no,15,56,2,no,4115
82,825453,2289,medium,steel,no,yes,no,16,32,3,no,3570
57,1167713,1316,low,wood,yes,no,no,3,59,0,yes,2570
90,1285017,5987,medium,steel,yes,yes,no,3,59,2,yes,3476
15,1004666,1568,low,steel,no,yes,no,27,75,3,no,3150
33,264021,5007,low,brick,yes,yes,yes,29,71,2,yes,2651
11,709449,4701,low,brick,yes,no,yes,0,75,0,yes,1998
19,506797,3195,high,concrete,no,no,yes,22,26,1,no,3316
42,649840,1237,medium,wood,yes,no,no,2,58,2,yes,2729
82,880594,5153,low,steel,yes,no,yes,11,72,1,no,3569
86,418435,2364,low,wood,no,no,no,16,58,2,no,3390
58,968257,3218,high,brick,yes,yes,no,15,47,0,yes,2959
18,461756,4151,high,wood,yes,yes,yes,27,54,1,yes,3920
18,769550,2715,medium,concrete,no,no,yes,13,54,3,no,3785
22,1288219,719,low,steel,no,yes,no,22,44,3,no,3467
89,314847,5659,low,steel,yes,yes,yes,2,79,1,yes,2826
52,424374,1447,low,steel,no,yes,no,18,28,2,yes,2596
44,328118,1474,medium,brick,no,no,yes,28,53,1,yes,3429
31,801199,3594,high,steel,yes,no,yes,28,30,3,yes,4516
9,829643,3657,high,brick,no,yes,no,18,37,2,no,2896
50,874715,3916,medium,concrete,no,yes,no,15,30,1,yes,2727
61,419552,4251,high,steel,yes,yes,yes,3,65,2,yes,3624
19,1089074,2464,low,wood,no,yes,no,20,64,2,no,3333
52,255308,1920,low,brick,yes,no,yes,29,49,0,no,2609
55,1082368,2338,medium,brick,yes,no,yes,16,44,0,yes,3338
25,604929,4620,high,wood,no,yes,yes,18,33,2,yes,4100
79,400632,1533,medium,wood,yes,yes,yes,11,63,3,yes,3961
69,1029758,3275,medium,concrete,no,no,no,29,30,3,yes,3934
75,431607,4276,high,brick,yes,no,no,0,79,2,yes,2975
13,717865,3261,medium,concrete,yes,no,no,18,66,2,no,2731
34,626785,1971,low,wood,no,yes,yes,18,33,0,no,3229
72,297348,874,medium,steel,no,yes,no,19,30,3,no,2816
25,1034358,3277,low,wood,no,no,no,11,40,0,no,2491
91,1068321,3736,low,wood,no,no,yes,25,57,3,yes,5209
75,505123,668,medium,concrete,yes,no,no,11,54,3,yes,3134
64,915868,3374,low,concrete,yes,yes,yes,16,34,1,no,3516
82,474071,5004,medium,wood,no,yes,no,4,23,2,yes,3530
10,1215071,2794,medium,concrete,yes,no,yes,27,61,1,yes,3442
97,429239,1177,high,brick,no,no,yes,3,78,3,no,4488
17,584444,4871,medium,concrete,no,yes,no,28,78,0,yes,2152
5,1132872,2848,low,concrete,yes,yes,no,4,65,2,no,2535
87,584379,4007,medium,steel,yes,yes,no,5,46,1,no,2969
67,377821,3798,medium,steel,no,yes,no,2,34,3,yes,2677
10,1259433,1774,high,steel,yes,yes,yes,14,34,3,yes,4363
27,825887,1784,high,brick,no,no,yes,2,54,1,no,3172
56,1000065,829,low,concrete,no,yes,no,12,48,2,yes,3122
7,492254,2545,low,concrete,no,no,yes,4,61,1,yes,2165
29,1391782,4584,low,steel,no,yes,no,20,58,1,no,2923
49,235834,1804,low,brick,yes,no,yes,8,40,0,yes,2121
39,1388072,1445,high,concrete,yes,no,no,22,43,0,no,3338
70,904883,4388,medium,concrete,yes,no,no,14,73,1,yes,3033
9,112027,1026,high,concrete,no,yes,yes,21,38,1,yes,2927
72,568852,3753,high,concrete,no,no,yes,1,72,3,no,4363
61,763508,2027,high,brick,no,no,yes,8,23,2,yes,4082
78,338939,1077,medium,steel,no,no,yes,25,33,3,no,3879
54,274146,2554,medium,steel,yes,yes,no,14,54,0,yes,1563
9,1286156,1656,high,brick,no,yes,no,2,49,2,yes,3112
60,590697,5445,medium,concrete,no,yes,yes,6,47,2,yes,3866
52,766512,3240,high,concrete,no,no,yes,7,46,0,no,3462
75,719156,3514,high,brick,yes,no,yes,12,49,3,yes,4331
11,314984,4131,low,brick,no,no,no,24,52,1,yes,1815
35,1294960,1113,high,wood,yes,no,no,29,65,1,no,3579
75,922431,4089,high,brick,no,yes,yes,20,52,2,no,4758
36,1262031,5027,high,concrete,yes,no,no,21,48,2,yes,3705
55,1017157,2039,low,brick,no,no,yes,14,72,1,no,3373
3,1193659,1132,medium,steel,yes,no,no,5,65,2,no,2915
83,381041,2652,low,concrete,yes,no,no,20,22,1,no,2129
72,247131,4526,medium,brick,yes,yes,yes,12,56,0,yes,2764
53,1428965,4999,low,brick,no,yes,yes,6,54,0,yes,3501
28,449392,3511,medium,brick,yes,yes,no,16,22,1,yes,2185
53,769108,3868,low,concrete,yes,yes,yes,14,30,2,no,3199
54,1216425,1877,high,brick,yes,no,no,4,54,0,yes,3006
53,1352320,1466,medium,brick,yes,yes,no,26,65,1,yes,3401
65,496778,3485,low,steel,yes,yes,yes,9,74,1,no,3004
53,601144,2653,low,wood,yes,yes,yes,21,58,2,no,3683
40,732741,4837,low,steel,yes,yes,no,11,68,2,no,2302
94,274336,5070,medium,wood,yes,no,yes,18,36,3,yes,4307
41,1379311,5844,high,steel,no,no,no,17,36,2,no,3829
38,195065,5886,low,brick,yes,no,yes,3,70,0,yes,2372
75,1189608,5743,medium,brick,yes,no,no,12,50,0,no,2985
29,1489580,2306,medium,concrete,yes,yes,yes,2,62,0,no,3379
31,1186464,2756,high,concrete,yes,yes,no,5,42,1,no,3092
61,433308,2857,high,steel,yes,no,yes,5,67,1,no,3164
74,813943,1825,high,steel,no,yes,no,3,39,1,no,3338
99,233314,2033,medium,wood,no,no,yes,27,37,0,yes,3587
40,914391,2649,medium,concrete,yes,yes,no,3,76,3,yes,2953
93,895026,2421,high,steel,no,no,yes,12,50,1,yes,4146
2,1149340,3390,low,brick,no,no,no,9,62,3,yes,3087
48,569533,3413,high,steel,no,no,yes,9,48,1,no,3411
1,1124803,1734,high,wood,no,yes,yes,10,36,0,no,3660
59,1121876,2576,high,concrete,yes,no,no,12,73,3,no,3989
32,620297,1856,high,concrete,no,no,yes,9,74,1,yes,3313
88,112409,2834,low,brick,no,no,yes,10,68,0,no,2504
2,381530,5994,low,concrete,yes,no,no,17,30,1,yes,1790
59,1212771,3613,high,concrete,yes,yes,no,6,49,2,yes,3525
3,647798,5583,medium,wood,yes,yes,yes,8,23,0,yes,2869
73,389482,4906,medium,concrete,yes,yes,yes,12,42,1,yes,2866
49,610723,2969,low,steel,no,no,yes,24,32,3,yes,4002
88,365268,806,high,brick,no,no,yes,9,53,1,yes,3552
76,234267,4578,medium,concrete,no,no,no,17,43,3,no,3103
34,867551,1713,low,steel,no,no,yes,14,56,2,no,3238
62,1007276,4760,low,brick,no,no,no,24,63,2,no,2950
34,963283,1622,low,brick,no,yes,yes,4,62,3,yes,3335
23,108078,3124,low,wood,yes,yes,yes,14,37,1,no,2889
19,648970,2064,high,concrete,no,no,yes,10,52,3,yes,3671
52,1344680,969,low,brick,yes,no,no,27,31,2,yes,3231
60,151823,3320,medium,brick,no,no,yes,5,61,2,yes,3309
96,1238807,3301,high,brick,yes,no,yes,0,57,2,yes,4333
28,106210,5127,low,brick,yes,no,yes,13,42,3,no,2930
90,999153,2886,medium,wood,yes,no,yes,14,29,2,no,4457
49,534128,4988,medium,brick,no,yes,yes,28,68,1,yes,3423
45,1128809,2441,medium,brick,no,no,no,6,63,3,no,3558
76,1465688,5396,high,wood,no,yes,yes,14,79,2,yes,5217
95,880132,924,high,wood,no,yes,yes,15,65,3,no,5066
60,1154364,5125,medium,wood,no,no,no,23,68,2,yes,4174
75,919118,5049,high,brick,yes,yes,no,4,54,0,no,2558
56,410899,2278,low,steel,no,no,no,21,61,2,no,2850
4,1445649,2119,low,steel,yes,no,no,19,43,1,no,2940
18,1332516,4988,low,brick,yes,no,yes,18,51,0,no,2907
29,272791,3442,high,concrete,no,no,no,18,44,3,yes,2948
39,757006,3271,high,concrete,no,yes,no,17,73,2,yes,3615
55,146015,1880,high,concrete,yes,no,no,25,36,0,no,2216
58,1256666,5076,medium,wood,no,yes,yes,5,68,3,yes,5040
47,851394,5919,low,concrete,yes,yes,yes,8,64,0,yes,3021
31,1048996,824,medium,concrete,yes,no,no,29,75,1,yes,2977
28,968913,1502,medium,wood,no,no,yes,2,47,3,yes,4254
27,1007579,5366,low,steel,yes,no,yes,16,37,1,yes,3091
30,888238,1206,high,brick,no,yes,yes,9,31,2,yes,3871
49,852090,5138,medium,steel,no,no,no,15,57,3,no,3876
42,1351698,4877,medium,wood,yes,no,yes,0,49,0,no,4114
75,322822,4171,high,concrete,no,no,yes,3,63,0,no,3059
78,1191092,1041,high,concrete,yes,yes,yes,29,47,3,no,4675
68,710561,3255,low,steel,no,yes,no,0,52,0,no,2020
1,342386,5639,medium,wood,yes,no,yes,25,39,3,yes,3270
44,947347,4962,low,wood,no,no,no,17,38,1,no,3261
37,468209,4206,medium,steel,no,no,yes,19,69,1,no,3104
33,572073,3577,low,concrete,yes,no,no,3,73,1,yes,1663
21,297284,1400,low,wood,no,yes,yes,10,53,1,no,2494
88,418102,3112,high,steel,no,yes,yes,27,60,2,yes,4120
40,1157192,1592,medium,concrete,yes,no,no,23,77,3,yes,3367
61,1477856,2779,low,concrete,no,yes,no,3,72,3,no,3805
13,613785,1524,high,concrete,no,yes,yes,18,72,2,no,3160
98,654495,2625,high,brick,yes,no,yes,3,26,0,no,3517
38,387349,2374,high,wood,no,yes,yes,4,63,2,no,3973
29,1210149,5570,medium,wood,no,no,yes,20,79,0,yes,4202
53,478897,2750,low,concrete,no,yes,no,12,76,0,yes,1687
64,533918,5377,medium,brick,no,no,yes,3,50,1,yes,3264
36,198471,3626,medium,wood,no,yes,yes,9,57,3,no,3698
5,423500,3856,high,wood,no,no,no,17,60,1,yes,2534
20,173744,2713,medium,brick,no,yes,no,2,71,2,no,1825
93,1410681,2782,medium,wood,yes,yes,yes,25,32,2,yes,5286
11,1090092,4752,low,wood,no,yes,no,25,54,2,yes,3217
72,101497,1389,high,steel,yes,no,no,18,75,0,no,2406
28,1280190,5602,high,wood,yes,yes,yes,4,25,0,yes,4132
49,1415155,1293,low,brick,no,yes,no,10,69,1,yes,2758
41,327478,2283,medium,brick,yes,yes,no,1,76,2,no,2374
18,1376972,4507,low,concrete,yes,yes,no,17,54,3,no,3386
30,1415022,3546,low,steel,yes,yes,no,10,22,1,yes,3028
14,144453,5161,medium,concrete,no,yes,yes,11,42,2,yes,2949
56,1384234,1623,high,steel,yes,yes,no,15,38,2,yes,3983
73,1274919,2065,low,steel,yes,no,no,25,55,1,no,3254
74,759212,626,medium,concrete,no,yes,no,1,50,0,no,2285
89,198977,1371,high,wood,yes,yes,no,26,24,2,no,3414
52,463968,4914,low,steel,yes,no,yes,21,70,1,yes,3025
91,963199,4403,low,concrete,yes,no,yes,23,45,2,yes,4130
66,1412777,2477,high,concrete,yes,no,no,25,55,0,no,3787
67,580331,1793,low,concrete,yes,no,no,15,23,1,yes,2390
29,810377,2036,low,concrete,no,no,yes,15,52,0,yes,2808
27,1473928,2215,medium,concrete,no,no,no,21,61,2,no,3344
68,1100161,3066,low,wood,no,no,yes,3,28,3,no,4669
35,1439608,4458,low,brick,no,no,yes,7,72,0,yes,3431
91,1375171,3787,medium,wood,yes,yes,no,3,50,3,yes,4343
83,1253027,2598,medium,brick,no,no,no,10,74,2,yes,3730
10,619545,3616,high,steel,no,yes,no,24,72,2,yes,2577
26,245044,3108,high,steel,no,no,yes,7,32,2,yes,3563
71,1240412,1602,high,concrete,no,yes,yes,28,64,1,yes,4630
91,500472,748,medium,wood,yes,yes,no,11,74,0,no,2989
94,655829,2501,low,concrete,no,no,no,3,46,0,yes,2734
76,420317,2840,low,wood,no,no,yes,6,40,1,yes,2776
61,491442,3904,low,steel,no,no,no,12,32,1,yes,2166
69,423073,2340,low,wood,yes,no,yes,10,66,0,yes,2790
56,1389365,4857,medium,concrete,no,no,no,9,56,2,no,3778
77,996312,3623,high,concrete,yes,no,yes,26,54,0,yes,3794
64,727698,5248,high,steel,no,yes,yes,8,26,2,yes,4399
41,315139,5016,high,brick,no,yes,no,5,56,3,yes,3395
4,254882,979,medium,steel,yes,yes,no,16,24,3,no,1967
66,117686,3410,high,concrete,yes,yes,no,12,52,2,yes,2849
37,561827,2413,medium,steel,no,no,yes,5,33,0,no,2460
34,360507,1300,low,brick,no,no,no,23,25,1,yes,2062
50,901093,1749,medium,concrete,no,no,yes,24,53,1,no,3524
70,1158728,5919,medium,brick,yes,yes,yes,16,71,3,no,4851
90,183620,5944,high,wood,yes,no,yes,12,71,2,no,4394
75,914028,1180,low,wood,yes,no,yes,20,45,0,no,3492
42,297632,2145,medium,steel,yes,yes,no,14,72,3,no,2959
1,1370359,4634,medium,concrete,yes,no,yes,15,57,0,yes,3259
34,877395,1869,medium,wood,yes,no,no,20,23,1,yes,3145
85,194217,1011,medium,concrete,no,no,no,23,26,0,yes,2314
10,684054,2396,high,concrete,no,yes,yes,6,33,1,no,3199
5,369763,3203,high,concrete,no,yes,yes,20,46,2,no,3556
90,916237,5044,high,brick,yes,no,yes,12,62,3,yes,4930
44,1078044,5684,low,steel,no,yes,yes,27,45,0,yes,3347
19,377935,2420,high,brick,no,no,no,5,78,0,no,2042
21,709580,2085,medium,concrete,yes,yes,yes,7,46,1,no,2872
34,884486,1915,medium,wood,no,yes,yes,21,65,3,no,4549
29,298254,3962,low,wood,yes,yes,yes,9,66,2,no,3377
79,393780,5064,low,wood,yes,no,yes,20,78,2,yes,3572
40,556813,5983,medium,steel,no,yes,yes,9,66,3,yes,4106
80,677759,1895,high,brick,no,yes,no,0,79,1,no,2876
18,1294207,2791,high,brick,no,yes,yes,11,39,2,yes,4208
49,249210,2176,medium,steel,no,yes,yes,7,72,0,no,2423
61,887182,5215,low,brick,yes,yes,no,7,41,0,yes,2223
65,917782,1933,medium,steel,yes,no,no,28,54,1,no,3070
75,458613,3023,low,steel,yes,no,yes,21,50,2,yes,3186
36,1096899,3424,high,wood,no,yes,no,6,50,3,yes,3746
96,775158,3645,high,steel,no,no,no,6,43,2,no,3751
92,1127428,3865,medium,wood,yes,yes,no,14,33,0,yes,3407
70,316502,1110,high,wood,yes,no,yes,11,55,1,no,3378
7,118687,2968,medium,wood,no,yes,yes,15,25,3,yes,3461
61,850587,2099,medium,brick,no,yes,no,26,26,1,yes,3061
64,1299886,1455,low,steel,no,yes,yes,15,73,3,no,4811
88,326345,2550,medium,concrete,no,yes,yes,1,75,3,yes,3840
74,277539,4627,medium,wood,yes,yes,no,13,79,0,no,2693
30,782678,3916,high,wood,yes,yes,yes,15,31,0,yes,3679
17,1127274,1186,low,brick,yes,yes,yes,13,43,3,yes,3648
44,880848,961,low,brick,no,no,yes,5,78,2,no,3371
72,1376746,2272,low,wood,yes,no,yes,22,46,3,yes,4647
76,965333,5411,high,concrete,yes,no,yes,23,22,3,no,4793
26,793737,1606,low,brick,no,yes,yes,28,31,3,yes,3624
17,946240,5268,high,brick,no,yes,yes,17,36,1,yes,3719
35,152957,4647,low,steel,no,no,yes,9,61,0,yes,1906
46,408221,3933,medium,brick,no,no,no,23,52,3,no,3035
5,281607,4996,low,brick,no,no,yes,26,74,1,yes,2820
45,1160388,5668,high,steel,yes,yes,no,14,38,1,no,3084
75,480108,3196,high,wood,no,no,no,17,33,2,no,3863
16,193062,5690,medium,steel,yes,yes,yes,8,26,0,no,2666
58,121558,5699,medium,steel,yes,no,yes,15,59,2,yes,3627
42,1332778,2481,high,wood,no,no,no,15,69,3,no,4556
94,1281918,3872,low,wood,no,no,no,1,60,3,yes,4231
60,794989,5309,medium,steel,no,no,no,14,72,0,yes,3018
56,1427787,5829,medium,concrete,yes,yes,yes,18,30,3,no,4669
6,608505,4666,low,brick,yes,no,no,23,72,0,no,2049
20,1232539,4592,high,brick,no,yes,no,10,38,1,no,3314
84,150684,3209,medium,brick,yes,yes,yes,21,50,0,no,3136
24,592480,5203,medium,wood,no,yes,yes,28,72,1,yes,3655
91,723098,1490,high,brick,no,yes,no,24,76,0,no,3266
67,798142,3446,low,wood,yes,yes,yes,7,63,0,yes,3459
88,158538,2295,low,wood,no,no,yes,9,38,1,yes,3177
52,1403402,5578,medium,concrete,yes,no,yes,5,67,2,yes,3986
10,1331115,1415,high,brick,no,no,no,18,35,1,yes,3493
25,1029984,1098,low,wood,no,no,yes,2,41,0,no,3201
92,1219411,2280,high,brick,yes,yes,no,17,76,3,no,4177
82,863973,3860,medium,wood,no,no,yes,7,68,2,yes,4534
45,247164,1936,low,steel,no,no,yes,25,48,3,yes,3331
78,1397526,5149,high,wood,no,no,yes,28,72,0,no,4888
1,1070444,5680,high,wood,yes,yes,no,20,60,2,no,3567
84,1345917,848,medium,wood,no,no,yes,8,69,2,no,4512
25,1349739,2296,low,steel,yes,yes,no,4,41,0,no,2385
76,268393,1258,medium,concrete,no,yes,no,4,44,3,no,2735
73,891094,5370,medium,brick,no,no,yes,23,30,3,no,4750
9,920169,1288,low,steel,yes,yes,yes,14,79,0,yes,2668
42,231333,2877,high,brick,yes,no,yes,23,74,2,no,3289
63,1103703,2299,high,steel,yes,no,yes,27,72,2,no,4509
25,874663,823,high,wood,no,no,no,1,70,0,no,2540
94,557683,2359,low,steel,no,yes,no,23,40,3,yes,3493
48,721366,4415,medium,brick,no,no,no,12,53,3,no,3058
55,529583,653,high,brick,no,no,no,22,73,3,no,3535
92,575521,5755,high,brick,yes,no,no,11,33,0,yes,2796
66,1294559,1299,low,concrete,yes,no,yes,27,23,1,no,3961
89,669596,1185,low,steel,no,no,yes,21,57,0,no,3092
82,1346218,3971,medium,wood,yes,no,no,28,42,1,no,4517
24,1081591,4984,medium,steel,yes,yes,yes,2,61,3,no,3932
82,1376114,2051,high,concrete,no,yes,no,4,64,0,no,3475
91,216227,910,high,brick,yes,yes,yes,28,32,1,yes,3676
44,931555,3105,low,brick,yes,no,yes,17,49,3,yes,3892
56,1175626,1722,medium,concrete,yes,yes,yes,10,33,3,yes,4102
35,376304,941,high,steel,no,no,no,29,26,3,yes,3349
34,1079480,5258,low,wood,yes,yes,yes,15,71,0,no,3327
6,447751,1582,medium,brick,no,yes,no,8,36,3,no,2902
49,164577,4318,medium,concrete,no,yes,yes,20,53,3,yes,3192
16,137558,4396,medium,concrete,no,no,no,23,38,2,no,2631
87,969152,2008,low,wood,yes,yes,yes,20,62,1,yes,3953
92,855733,1056,medium,concrete,yes,yes,no,25,57,3,no,3461
13,336585,2249,low,concrete,yes,no,yes,8,35,0,no,1608
12,1160043,2310,low,concrete,yes,no,no,11,62,1,yes,2364
11,177322,2182,low,brick,yes,yes,yes,10,30,3,yes,2387
47,445549,5769,medium,brick,yes,no,no,0,38,3,no,2904
60,1201901,5638,high,steel,yes,yes,no,5,65,1,yes,3359
49,1269511,964,high,wood,yes,yes,yes,12,28,1,yes,4457
52,614026,1768,low,concrete,yes,no,no,23,53,1,no,1966
61,425909,744,low,concrete,yes,yes,yes,27,65,0,yes,2069
86,181544,1666,high,brick,yes,no,no,22,65,1,yes,2409
95,743790,1571,medium,brick,no,yes,no,1,27,0,no,2883
91,1096090,2176,high,brick,yes,yes,no,28,37,3,no,4591
91,638336,4824,high,wood,yes,no,no,17,23,1,yes,3803
40,1177304,4753,medium,brick,no,yes,no,15,31,2,yes,3683
90,468978,4749,low,concrete,no,yes,yes,26,25,0,no,3253
71,698289,1847,high,concrete,yes,no,no,9,26,3,yes,3947
75,991787,4386,low,concrete,yes,no,yes,16,58,0,no,3181
53,382489,732,medium,steel,no,no,yes,15,60,0,yes,2859
61,1011204,4245,medium,wood,yes,yes,yes,16,47,0,yes,3775
22,1415248,1866,medium,concrete,no,no,no,14,51,1,yes,3236
83,1466625,809,medium,concrete,no,no,yes,2,23,2,yes,4736
38,1060385,4937,medium,concrete,no,no,yes,2,72,2,no,3775
84,613912,3881,low,brick,no,no,no,26,39,3,no,3058
61,1379235,3915,medium,concrete,yes,no,no,23,28,3,no,4003
83,300699,5790,low,brick,no,yes,no,8,67,2,no,2288
83,197964,1413,medium,brick,no,yes,no,4,68,2,no,2581
47,429901,4120,low,wood,yes,yes,yes,16,44,0,no,2824
27,471906,4049,medium,wood,no,yes,no,29,78,3,yes,3263
81,205425,2731,medium,concrete,no,yes,yes,17,41,2,yes,2939
18,808024,2048,low,wood,no,yes,yes,26,36,2,yes,3798
20,106415,2295,high,brick,no,no,no,15,73,2,no,3132
42,636883,2109,medium,brick,no,yes,no,19,75,3,yes,3162
41,1107493,2558,low,concrete,yes,no,no,8,49,0,yes,2063
72,593774,2736,low,concrete,yes,no,yes,14,67,0,no,2429
58,409125,3655,high,concrete,no,no,no,27,24,1,yes,3153
40,865660,4874,medium,brick,yes,no,no,20,24,3,yes,3244
75,550330,1828,high,brick,yes,yes,no,8,78,1,yes,2511
30,819346,2154,low,concrete,no,yes,no,28,76,2,no,3079
12,630033,3162,medium,concrete,no,yes,yes,12,33,0,yes,2586
62,478617,4811,high,brick,no,yes,yes,0,78,3,yes,4091
62,1328076,4018,medium,wood,no,no,no,15,55,0,no,3729
87,959560,3048,low,brick,no,yes,no,8,57,1,no,2567
70,1075961,4994,high,wood,no,no,no,23,29,2,no,4317
99,594619,5364,low,concrete,yes,yes,no,12,30,0,yes,2711
15,1168575,5205,low,brick,yes,no,yes,29,56,1,yes,3331
92,685524,3779,high,concrete,yes,yes,no,13,45,1,yes,3089
7,145085,4483,high,concrete,no,yes,no,10,45,3,no,2646
6,213919,1607,high,concrete,no,no,no,0,56,2,no,2413
27,244030,1139,low,steel,no,yes,yes,22,32,2,yes,3133
2,904360,811,medium,steel,no,yes,yes,13,77,0,no,2852
6,610274,5828,medium,brick,no,yes,no,20,27,0,no,2211
61,517700,4670,medium,steel,yes,no,no,25,46,1,yes,2630
32,815121,4493,medium,brick,yes,yes,yes,23,22,0,yes,3309
29,748347,1993,medium,wood,no,no,no,19,30,2,yes,3221
98,1030797,3379,medium,brick,yes,no,no,17,77,3,no,3909
65,1372473,3176,high,steel,yes,yes,no,0,33,0,yes,3503
15,527090,1863,medium,steel,yes,yes,no,22,34,0,no,1905
10,1454132,4073,low,wood,yes,no,yes,0,50,0,yes,3448
10,417263,1612,low,wood,yes,yes,yes,24,67,3,yes,3350
10,1422263,1395,medium,brick,yes,no,yes,16,53,2,no,3839
37,765267,1803,low,brick,no,no,no,21,52,0,no,1784
32,633593,3943,low,concrete,yes,no,yes,1,47,0,no,2499
36,1316820,5624,medium,concrete,no,no,yes,26,61,3,no,4752
64,831075,4780,high,brick,yes,yes,yes,21,45,2,no,4250
89,882820,3972,high,wood,no,yes,yes,21,36,2,yes,5315
15,881418,1020,medium,brick,no,yes,yes,15,63,3,yes,4067
73,954989,2857,high,concrete,no,yes,yes,4,76,3,yes,4472
16,938654,661,high,wood,yes,no,yes,4,72,0,yes,3281
83,306328,4700,medium,concrete,yes,yes,no,23,27,0,no,1960
46,1477386,5191,low,brick,no,no,no,6,50,2,yes,3554
44,1016711,3778,high,brick,no,yes,yes,20,52,1,yes,4222
76,1376710,2146,medium,steel,yes,yes,no,3,37,1,no,3098
35,303347,2350,low,brick,no,no,yes,0,31,3,yes,3020
51,1467115,1330,high,steel,yes,yes,no,29,77,2,no,4238
58,646756,778,medium,steel,no,yes,yes,17,66,1,yes,3159
5,554916,1128,high,steel,yes,no,yes,9,61,1,no,2846
38,816005,2010,high,steel,yes,no,yes,6,25,3,no,4054
6,1084969,3199,medium,concrete,yes,no,no,25,50,2,no,3171
51,1376687,935,low,brick,no,no,no,10,29,1,no,3047
14,1106551,3235,medium,brick,yes,no,yes,0,61,2,yes,3419
48,341884,5453,low,brick,no,no,no,28,32,3,yes,2816
12,1421357,1674,medium,steel,no,no,yes,28,22,1,no,3636
86,471484,5336,medium,concrete,yes,no,no,24,64,0,no,2528
52,393275,5416,high,concrete,no,no,yes,5,58,0,no,3229
68,629013,810,low,steel,no,no,yes,4,44,2,no,3593
59,489748,2267,low,steel,no,no,no,21,51,2,no,2821
18,1384496,2054,low,brick,no,yes,yes,12,36,1,yes,3488
53,1241444,5630,high,concrete,no,yes,yes,16,50,2,no,4736
31,1142113,4744,medium,wood,no,no,yes,17,45,1,no,4117
35,1482573,1040,high,wood,yes,yes,yes,6,30,2,no,4459
4,1384198,1150,medium,wood,no,no,no,5,64,2,no,3677
9,1081512,1051,medium,wood,no,no,yes,6,32,3,no,4490
15,582467,3816,medium,steel,yes,no,no,11,36,2,yes,2222
42,726510,1254,medium,brick,yes,yes,no,5,65,0,yes,2251
59,1294161,4942,medium,wood,no,no,yes,22,67,0,yes,4445
85,1027515,1267,high,brick,no,yes,yes,15,59,3,no,5012
96,882362,3037,low,brick,yes,no,yes,22,69,3,yes,4592
73,261645,2600,medium,concrete,yes,yes,no,21,47,3,no,2740
32,560462,4976,high,wood,yes,yes,yes,7,66,3,yes,4068
80,1352512,4222,high,brick,no,no,no,14,58,1,yes,3922
45,145433,4840,high,concrete,yes,yes,yes,29,45,2,no,3413
5,1431296,3110,high,steel,no,yes,yes,22,43,2,yes,4370
31,1117711,5516,high,brick,yes,no,no,8,39,0,no,3044
25,787082,1993,medium,brick,no,yes,yes,12,30,0,no,2958
56,535614,2155,low,concrete,yes,yes,yes,20,50,0,yes,2644
1,221229,4014,medium,brick,yes,yes,yes,11,53,1,no,2418
61,130434,3989,medium,steel,no,yes,no,27,33,2,yes,2660
67,891853,2494,low,steel,yes,no,no,13,62,3,no,3198
85,979554,4963,medium,concrete,no,yes,yes,7,38,1,no,3940
92,1147311,3626,low,wood,yes,yes,no,14,46,0,no,3363
67,1128489,1511,medium,brick,no,no,no,23,74,3,yes,4076
42,619091,4697,low,brick,no,yes,yes,23,35,0,yes,2981
96,1113809,1571,high,wood,no,yes,no,3,46,1,yes,3968
96,1227747,716,low,steel,no,yes,yes,8,48,0,yes,3424
94,642209,4447,medium,brick,no,no,no,25,34,2,no,3312
59,801258,1036,medium,concrete,yes,no,yes,19,58,3,yes,4608
50,609390,3887,low,concrete,no,yes,no,5,31,2,yes,2529
77,888214,2184,high,concrete,no,no,no,26,75,2,no,4000
34,905364,4912,medium,brick,yes,no,yes,5,30,3,no,4075
68,270725,5266,high,wood,yes,yes,yes,1,34,0,yes,3303
54,892305,2195,low,brick,no,yes,no,27,28,0,no,2468
82,274045,2725,low,wood,yes,no,yes,22,35,1,yes,3186
96,129617,3790,low,wood,no,yes,yes,28,57,0,yes,2944
14,1217676,4539,high,brick,yes,no,yes,6,75,0,yes,3817
32,1177612,1942,high,steel,yes,no,yes,0,61,2,yes,3835
70,1323156,2262,low,wood,no,no,yes,28,26,0,yes,3963
81,850756,3878,low,brick,no,yes,no,20,34,0,yes,2945
8,727316,4343,low,steel,yes,no,no,8,41,2,yes,2187
35,1211761,3244,high,steel,no,yes,no,25,76,3,no,4212
24,887401,3675,high,brick,yes,yes,yes,4,49,1,no,3339
3,1468336,1268,high,brick,no,no,no,25,72,3,no,3785
81,263142,2957,low,steel,yes,yes,yes,22,73,3,yes,3500
36,1187886,2540,high,brick,no,yes,no,8,36,3,no,3870
51,655418,3751,medium,steel,no,no,yes,27,60,3,yes,4132
81,1429928,4739,high,steel,yes,no,no,12,42,3,no,4709
57,1030879,1052,high,steel,no,yes,no,28,38,2,yes,3957
59,618484,1607,medium,concrete,yes,yes,no,0,27,0,yes,2259
94,513620,5425,high,brick,no,no,yes,24,67,0,yes,3653
89,834436,1822,low,concrete,yes,no,yes,19,67,1,no,3546
22,981144,3879,medium,brick,no,yes,no,14,46,3,yes,3824
37,514556,793,low,wood,no,yes,yes,16,31,1,no,3273
75,616724,1635,medium,concrete,yes,no,no,7,35,2,no,2935
12,546713,1749,high,brick,yes,no,no,14,40,2,yes,2655
21,508645,1039,medium,brick,no,no,no,18,73,3,yes,3003
15,1443487,1331,high,steel,yes,yes,no,10,32,1,no,3008
12,1067000,4997,high,wood,no,yes,no,7,53,3,no,3945
86,1448570,4255,low,wood,yes,yes,no,5,31,3,yes,4055
56,1152586,4816,medium,brick,no,yes,yes,5,68,2,yes,4085
99,676359,1385,medium,wood,yes,yes,yes,7,55,2,no,4135
16,1460331,3202,high,wood,no,yes,no,24,72,0,yes,4068
33,1071882,4903,low,concrete,yes,no,yes,23,65,1,yes,3658
43,557589,4909,low,wood,no,no,yes,27,74,2,no,3698
49,840091,1958,high,wood,yes,yes,no,22,50,1,no,3279
78,618631,2724,low,steel,yes,yes,no,18,50,1,yes,2336
18,1086155,1773,low,steel,yes,no,no,28,43,3,yes,3016
16,728136,3219,high,concrete,no,no,yes,19,71,0,yes,3482
40,933584,812,low,brick,yes,no,no,8,35,1,no,2541
67,1159953,5193,high,steel,yes,yes,yes,26,23,1,yes,4204
62,781730,5400,low,concrete,yes,yes,no,19,33,1,no,2687
90,1071100,628,high,wood,no,yes,yes,23,43,1,no,4762
79,1122349,3544,medium,concrete,no,no,no,5,22,3,no,3453
27,446028,4563,low,steel,yes,no,yes,4,71,1,yes,2312
81,1453173,1388,low,wood,no,no,yes,15,33,0,yes,4120
14,964931,2853,low,concrete,yes,yes,yes,6,33,1,no,2585
66,196270,4339,low,steel,yes,no,yes,0,25,0,no,2039
27,1265860,1602,low,concrete,no,yes,yes,9,38,0,no,3191
54,1414953,3274,high,brick,yes,yes,no,18,74,1,no,3705
88,473553,1849,low,wood,yes,yes,yes,4,69,3,no,4005
60,967234,2223,high,concrete,yes,no,no,19,40,0,no,2722
40,687309,5006,medium,concrete,no,yes,yes,18,79,2,no,3511
45,1364233,3238,medium,wood,no,yes,no,29,22,0,no,3772
99,1112014,4112,high,steel,yes,yes,yes,18,73,1,yes,4632
68,801713,3303,medium,concrete,yes,yes,yes,8,38,3,yes,3604
90,1057552,684,high,steel,no,no,no,20,55,2,no,3859
68,1012381,5466,low,brick,no,yes,yes,2,64,0,yes,3464
63,704066,5962,high,wood,no,yes,yes,26,79,1,no,4546
98,209263,5100,medium,steel,no,yes,yes,20,28,2,yes,3566
77,135180,3714,high,steel,yes,no,no,27,54,1,no,2432
40,1159830,4272,medium,steel,no,no,yes,8,27,1,yes,3870
41,1208056,4928,high,brick,yes,yes,no,18,73,1,no,3522
61,550230,5203,medium,wood,yes,no,yes,15,27,3,no,4683
65,689054,1973,low,steel,yes,yes,yes,29,53,2,yes,3260
1,654472,2063,high,steel,no,no,yes,20,49,2,yes,3437
9,402935,2174,low,brick,no,no,yes,1,58,2,yes,2732
75,305896,5611,low,wood,no,no,yes,7,50,3,yes,3805
80,254223,3633,low,concrete,no,yes,yes,13,64,1,no,2555
93,975807,4716,medium,wood,no,no,no,5,51,2,yes,3977
15,419698,5729,medium,concrete,yes,no,no,11,43,0,no,1617
59,854197,2692,low,brick,no,yes,no,23,26,0,no,2636
66,292353,3252,high,concrete,yes,yes,yes,0,50,1,no,2980
10,852722,2690,medium,brick,yes,no,no,17,23,2,yes,2816
49,863121,3851,medium,concrete,no,no,yes,22,31,1,yes,3892
11,181931,896,low,brick,no,no,no,6,67,3,no,2002
30,985252,1730,medium,wood,yes,no,no,27,41,3,no,4416
23,293305,3584,high,wood,no,no,no,26,76,1,yes,3048
22,1453747,1316,medium,concrete,yes,yes,yes,24,73,3,yes,4798
51,626012,4583,medium,wood,yes,no,yes,11,74,2,no,3742
42,1071197,5331,high,concrete,no,yes,yes,11,39,3,yes,4695
29,279769,3784,high,brick,yes,no,yes,5,66,1,no,3104
45,747340,4742,medium,steel,yes,no,no,27,56,2,yes,3132
96,213344,1907,high,brick,no,no,no,22,74,1,no,3038
33,1259326,5026,medium,steel,yes,yes,yes,19,57,2,yes,4415
39,1158582,4931,high,wood,no,yes,no,1,72,1,yes,3746
73,605236,1461,low,wood,no,no,yes,24,39,0,yes,3079
65,172191,5411,medium,concrete,yes,no,yes,10,33,0,no,2639
82,199979,5776,low,concrete,yes,yes,no,15,78,3,no,2909
50,911011,3084,medium,steel,no,yes,yes,0,71,1,yes,3478
86,1264874,1697,high,brick,yes,yes,no,5,67,1,no,3408
48,1020297,1170,low,steel,no,no,yes,9,46,0,yes,2732
37,1105671,1914,medium,steel,yes,yes,yes,8,57,0,yes,2979
78,1437716,1547,high,brick,yes,no,yes,25,63,0,no,4461
86,1028026,4753,high,concrete,no,yes,yes,9,62,1,yes,4365
33,330876,5195,low,wood,yes,yes,yes,17,78,3,yes,3609
6,628618,1330,medium,wood,no,yes,yes,17,79,0,no,3125
91,445789,5977,low,concrete,no,no,no,27,74,1,yes,2790
70,312145,3443,medium,steel,no,yes,no,8,76,2,no,2918
55,1243121,5177,high,concrete,yes,no,yes,12,41,1,no,4002
44,1295509,925,high,steel,no,no,no,25,69,1,no,3765
50,1301373,4926,high,wood,yes,no,yes,9,32,3,yes,5431
54,395367,4529,medium,steel,yes,no,yes,8,79,1,yes,3392
63,488993,3835,medium,wood,yes,yes,yes,3,41,0,yes,3229
16,574837,1983,high,wood,no,yes,no,14,54,1,yes,2681
47,917876,3881,medium,steel,no,yes,no,23,31,3,yes,4266
57,1095737,4673,medium,wood,yes,yes,yes,7,46,2,yes,4736
2,777468,1154,high,concrete,yes,no,yes,26,31,1,yes,3706
37,1175140,3070,high,steel,yes,no,no,1,45,2,yes,3255
93,755917,3804,medium,brick,no,no,no,3,62,1,no,3031
23,1292397,802,medium,wood,no,no,no,5,54,2,no,3544
85,558494,5385,low,steel,no,no,no,19,55,2,yes,2980
13,538462,5479,medium,steel,yes,no,yes,6,36,0,no,2323
65,515714,2187,low,steel,yes,no,no,12,61,2,no,2618
93,431670,1052,medium,brick,yes,yes,no,25,45,3,yes,3582
48,707376,3674,low,brick,yes,no,yes,27,36,1,no,3428
7,1488135,1712,low,wood,no,yes,yes,4,70,2,no,3908
31,765151,1674,high,concrete,no,no,no,3,31,2,no,2863
63,154109,4124,medium,brick,no,no,yes,21,26,2,no,3595
45,789058,5367,high,brick,yes,no,yes,5,43,3,no,4392
56,426780,1079,high,steel,yes,no,yes,4,58,0,no,2868
64,893774,3804,medium,steel,yes,yes,no,21,75,1,no,2921
22,977668,3918,high,concrete,no,yes,yes,4,52,2,no,4200
63,392914,3533,high,wood,yes,yes,yes,6,44,1,no,3936
80,461729,4394,high,steel,yes,no,yes,29,32,1,no,4010
28,686388,3043,high,wood,yes,yes,yes,4,31,2,no,3815
44,207624,4854,low,concrete,yes,yes,no,3,75,0,no,1205
89,902466,3112,medium,concrete,yes,no,no,26,56,0,yes,3242
14,1214103,1773,medium,brick,no,yes,no,8,43,1,no,2719
85,1198904,3661,high,wood,yes,no,no,4,62,0,yes,3566
19,532207,5254,medium,steel,yes,yes,no,21,75,0,yes,2154
60,698240,2496,low,steel,yes,yes,no,1,43,2,no,2341
77,1185396,2894,high,wood,yes,no,yes,16,58,0,no,4579
2,1206099,3346,high,steel,no,yes,no,18,48,2,no,3533
51,1308738,1955,high,steel,yes,no,no,6,22,0,yes,2903
78,705680,1794,low,steel,no,yes,yes,16,26,3,yes,3938
34,149046,2098,medium,steel,no,yes,no,16,32,3,yes,2458
82,420816,3489,low,concrete,no,no,yes,15,54,2,no,3317
88,133509,1628,medium,concrete,no,yes,yes,7,37,3,yes,3490
94,914897,1115,low,steel,no,no,no,18,61,1,no,3151
51,901855,5182,low,wood,no,no,no,17,51,1,no,3305
19,944083,1497,high,steel,yes,yes,yes,23,49,2,yes,3670
36,728775,5007,high,wood,yes,no,yes,12,50,0,no,3601
85,576404,2271,high,wood,no,yes,yes,27,37,2,no,4524
83,304597,3371,low,brick,no,yes,yes,25,22,0,yes,2729
26,943633,5999,low,brick,no,no,yes,13,29,0,no,2921
35,857344,5458,medium,brick,yes,no,yes,17,25,1,no,3545
63,504436,3642,low,wood,yes,no,yes,12,72,1,no,3347
4,631600,1293,medium,wood,no,yes,no,9,57,0,yes,1955
85,786979,5445,high,wood,no,yes,yes,13,39,2,no,4638
3,775791,758,high,wood,yes,no,no,22,40,3,no,3487
5,1492183,4203,low,wood,yes,yes,no,22,57,2,yes,3646
29,404157,5088,medium,concrete,no,no,no,9,30,0,no,1982
19,768577,843,medium,steel,no,no,yes,5,47,3,no,3210
17,304203,4345,high,brick,no,yes,no,16,23,2,yes,2865
34,1257097,5439,low,wood,yes,yes,yes,16,24,1,no,3625
20,1465373,5912,medium,concrete,yes,no,yes,26,49,0,no,3929
28,798350,5931,medium,brick,yes,yes,no,29,66,3,no,3613
73,738404,3549,medium,steel,yes,yes,yes,10,41,2,yes,4150
67,479495,890,high,concrete,no,yes,no,18,40,0,yes,2698
10,441172,730,low,wood,yes,no,yes,27,40,0,yes,3001
21,1253221,5996,medium,concrete,no,no,no,12,62,1,yes,3550
4,1102838,2014,low,concrete,no,no,no,11,58,2,no,2644
22,1056749,4005,medium,steel,no,yes,no,11,36,0,yes,2522
71,1249161,4973,high,concrete,no,yes,yes,26,62,0,yes,4822
62,747697,2789,low,brick,no,no,yes,28,27,2,no,4012
12,1481238,4528,medium,concrete,yes,yes,yes,3,63,3,no,4632
11,874962,4380,high,brick,yes,yes,yes,24,77,2,no,3956
22,180824,992,high,wood,no,no,no,15,22,2,no,2685
29,1073543,3156,high,wood,no,yes,no,27,34,2,no,4046
61,1477545,4672,medium,brick,yes,yes,no,22,77,0,no,3343
61,1235596,3773,high,wood,yes,yes,no,0,70,2,no,3919
27,183238,2684,high,steel,no,no,no,19,67,0,yes,1748
47,838743,1196,high,steel,yes,no,yes,21,78,0,yes,3386
84,1363152,3081,high,steel,no,no,yes,13,24,2,no,5016
14,313561,3143,high,steel,no,yes,yes,12,66,1,no,2729
7,1000427,2159,medium,brick,yes,yes,no,21,78,1,no,2676
15,992773,5587,low,steel,no,yes,yes,6,29,1,yes,3068
46,321334,3653,medium,brick,yes,yes,no,24,44,0,yes,2131
28,908582,3797,medium,concrete,yes,yes,no,5,49,0,no,2553
43,697292,2952,medium,brick,no,yes,no,0,54,3,no,2807
10,1071629,4951,low,wood,no,yes,no,18,76,1,no,2652
51,1369046,2015,low,steel,no,yes,yes,0,55,2,no,3895
3,560411,5282,high,brick,yes,yes,no,21,55,3,no,3098
76,1442646,3269,low,brick,no,yes,yes,22,46,3,no,4906
77,852786,1629,medium,brick,yes,yes,yes,14,62,0,yes,3123
44,546613,1448,high,concrete,yes,yes,no,11,22,2,no,2993
54,1456042,3597,low,brick,no,yes,no,14,64,0,yes,2768
34,1121417,1930,medium,steel,yes,no,yes,27,28,1,no,3680
65,220962,1625,high,wood,no,no,no,2,74,1,yes,2903
89,1089786,3829,high,concrete,no,no,no,9,59,2,yes,3970
83,1404036,1417,high,wood,yes,no,no,24,49,3,no,5112
25,397463,1822,medium,concrete,no,yes,yes,0,38,2,no,3188
63,681626,2023,high,concrete,no,no,yes,0,59,0,yes,3382
70,654478,4778,medium,steel,no,no,no,22,69,0,yes,2877
45,123562,3622,low,wood,no,no,yes,27,51,3,yes,3731
68,845445,4110,high,wood,no,yes,yes,20,22,0,no,4023
26,1121188,4133,low,concrete,no,no,yes,15,49,0,no,3356
26,707219,3716,high,steel,no,yes,no,4,57,2,yes,2576
26,975683,4870,high,steel,yes,no,yes,4,39,1,yes,3126
78,962468,2168,high,concrete,no,yes,yes,10,23,2,yes,4403
62,1063255,5079,medium,wood,no,no,yes,10,54,2,no,4495
96,556324,4537,low,concrete,yes,yes,yes,11,28,3,no,3821
92,1400250,1007,high,concrete,no,no,yes,20,69,3,yes,5186
61,330236,1708,high,concrete,no,yes,yes,17,66,3,no,4118
2,650298,3503,medium,steel,yes,no,no,13,71,1,no,2042
41,625727,4284,high,concrete,no,no,yes,0,60,2,no,3680
45,136184,3111,medium,concrete,yes,no,yes,20,39,2,no,2973
85,491401,5416,high,brick,no,yes,no,25,28,0,yes,3406
14,1283601,3945,low,steel,yes,yes,yes,24,25,2,yes,3449
37,883374,3857,medium,steel,no,yes,no,7,78,3,no,3622
2,1319176,1671,medium,brick,yes,yes,no,24,38,3,no,3271
5,932865,4962,high,concrete,yes,no,yes,2,40,2,yes,3384
2,535637,3817,low,steel,yes,yes,no,17,26,2,no,1967
1,670387,1639,high,brick,no,no,no,20,60,2,no,2812
48,1492801,3968,medium,concrete,yes,yes,yes,22,76,2,no,4603
22,852754,3096,high,steel,no,no,yes,28,59,0,yes,3316
41,1297485,4226,low,steel,yes,yes,yes,19,58,3,no,4072
25,1415546,4098,medium,concrete,no,yes,no,1,34,0,yes,3030
46,614214,946,low,concrete,yes,yes,no,8,33,3,no,2521
94,988103,3955,low,brick,yes,no,no,21,58,3,no,3436
9,1008504,4234,medium,concrete,yes,no,no,18,25,1,yes,2938
61,235366,976,low,brick,yes,no,no,11,46,3,yes,2222
47,1485913,4051,high,concrete,no,no,no,10,52,3,no,4125
74,874473,3069,medium,steel,no,yes,no,0,61,2,no,2885
79,254953,1531,low,brick,yes,no,no,15,36,2,yes,2305
3,939973,2451,low,brick,yes,no,no,0,49,0,no,1757
8,1118135,1363,high,wood,no,yes,yes,29,78,1,no,4071
25,1005579,5440,high,steel,no,yes,no,23,76,3,no,3904
36,246604,2866,high,concrete,no,no,yes,26,32,3,yes,4265
43,243513,4752,high,brick,yes,no,yes,19,50,2,no,3461
50,116093,5382,low,wood,no,yes,yes,8,26,0,yes,2743
63,369803,4809,low,concrete,yes,yes,yes,4,64,0,no,2355
85,1131762,3917,low,steel,no,no,no,4,63,2,yes,3570
34,820138,2951,medium,brick,yes,no,no,7,23,2,yes,2899
91,1319505,3645,low,wood,no,no,yes,22,41,3,yes,5310
73,580895,3986,medium,wood,yes,yes,yes,28,43,1,yes,3827
10,906773,1699,low,wood,yes,yes,no,23,61,0,no,2842
27,1435013,2950,high,brick,no,no,no,13,48,0,yes,2986
89,993440,3558,low,steel,no,yes,yes,3,42,2,no,3946
13,281032,2247,medium,concrete,yes,yes,no,11,78,2,no,2116
51,794683,3381,high,concrete,no,no,yes,25,41,0,yes,3717
68,1018542,4255,low,wood,yes,yes,no,1,53,1,no,3252
16,425711,2099,medium,concrete,yes,yes,no,5,75,3,no,2274
12,1376589,601,low,steel,yes,no,yes,13,57,3,yes,3847
25,174271,5759,high,wood,no,no,yes,12,75,0,no,3075
49,361670,5767,medium,steel,no,no,no,22,79,1,no,2740
16,406880,2704,high,steel,yes,yes,yes,21,69,3,no,3627
2,1262479,1057,medium,brick,yes,yes,no,2,67,3,no,2961
73,1131772,5386,high,brick,yes,yes,no,18,24,1,yes,3536
77,220920,1140,medium,concrete,no,no,no,4,29,1,yes,1788
78,782237,3763,medium,wood,yes,no,no,22,51,0,yes,3104
76,809353,2420,low,brick,yes,yes,yes,17,25,2,yes,3391
35,302890,2986,high,concrete,yes,yes,no,11,28,2,no,2220
22,792529,4042,low,wood,yes,no,yes,10,79,3,no,3851
85,145227,3406,high,steel,no,no,yes,3,45,0,yes,2714
48,1406951,4951,high,steel,yes,no,yes,28,30,1,yes,4894
64,1013560,4580,low,brick,yes,no,no,11,55,0,yes,2217
67,946531,5765,medium,steel,yes,yes,no,23,56,2,yes,3711
22,140113,5739,high,concrete,yes,no,yes,18,30,1,yes,3262
73,1063166,1682,medium,wood,no,yes,yes,6,76,0,no,3988
47,909812,975,high,wood,yes,yes,yes,29,60,3,yes,4607
40,912447,5755,low,brick,no,no,yes,9,73,0,yes,3402
53,1237229,2136,medium,concrete,yes,yes,yes,18,36,0,no,3719
3,1102739,986,low,concrete,no,no,yes,23,70,1,no,3327
95,583736,1411,high,wood,yes,no,yes,22,33,1,yes,4082
6,1218926,782,low,brick,no,no,yes,0,77,3,yes,3492
14,394323,2963,high,brick,no,yes,no,15,79,3,no,2733
83,1104146,2070,medium,steel,no,no,no,3,78,0,yes,2603
58,105243,4342,medium,concrete,no,yes,no,22,25,2,yes,2949
82,874381,2383,low,steel,yes,yes,no,27,38,2,yes,3301
7,294155,3899,low,steel,no,no,no,11,30,3,no,2129
29,331829,3476,medium,wood,yes,yes,no,12,52,1,yes,2397
3,1240270,3459,low,concrete,yes,no,no,20,51,2,no,3109
13,1370981,5643,low,concrete,yes,no,no,2,74,3,yes,3399
36,706770,2422,medium,wood,yes,yes,no,15,59,0,no,2336
89,1127777,3592,high,brick,yes,yes,yes,1,39,1,yes,3998
92,763414,4997,low,steel,no,yes,no,8,42,0,yes,2538
38,1070838,5645,low,steel,yes,no,yes,25,38,0,no,3401
75,149113,5419,medium,steel,no,no,yes,5,56,1,no,2823
60,719594,3298,high,steel,yes,no,no,9,38,0,no,2344
73,427360,1688,high,concrete,yes,yes,yes,16,38,2,no,3620
22,208251,2092,low,wood,no,no,no,4,46,0,no,1285
21,962997,3019,low,brick,yes,yes,yes,11,75,0,no,2678
83,1402440,1953,high,wood,no,yes,no,22,34,2,yes,4420
33,1000526,2656,low,wood,yes,no,no,7,45,3,yes,3653
4,196187,2027,high,steel,no,no,no,20,36,1,yes,1944
97,534545,1242,low,steel,yes,no,no,11,42,1,yes,2037
80,1490485,5523,low,steel,no,yes,yes,11,33,2,yes,4762
44,1475107,5560,medium,wood,no,yes,no,28,35,0,no,3928
1,1067976,1247,high,brick,no,no,no,9,68,2,yes,2975
62,1318302,1513,high,brick,yes,yes,yes,27,67,1,yes,4459
79,927857,4469,low,brick,no,yes,yes,12,49,1,no,3911
22,1049497,5216,medium,concrete,yes,no,no,25,46,3,yes,3635
96,326192,2925,high,concrete,no,no,no,0,49,0,yes,2689
59,1390412,1505,low,steel,yes,yes,no,27,52,2,yes,3149
37,301773,3149,low,brick,yes,no,no,1,57,0,no,1359
23,488487,1592,medium,concrete,yes,yes,yes,19,37,1,yes,2785
33,1271164,5191,high,wood,yes,no,no,14,79,1,yes,3857
22,1281326,4158,high,wood,no,no,no,29,61,0,no,3712
64,513928,2970,low,steel,no,no,no,9,75,0,no,1698
62,647232,1832,low,wood,no,no,no,0,50,1,yes,2629
54,706473,1926,medium,concrete,no,yes,yes,19,32,2,no,3956
58,237405,3963,high,brick,yes,no,yes,28,47,1,no,3317
12,624089,5721,high,concrete,no,no,no,21,48,0,yes,2815
18,823300,4612,medium,concrete,yes,yes,no,29,51,2,no,2995
96,206634,4522,high,steel,no,no,no,21,74,3,no,3960
67,653506,3320,medium,brick,yes,yes,yes,17,58,0,yes,3111
60,175093,2711,high,wood,yes,yes,no,0,24,0,no,2399
1,1033507,2390,medium,brick,yes,no,no,11,73,3,yes,2957
89,934420,1009,medium,wood,yes,yes,yes,7,31,3,no,4638
20,329185,2254,low,steel,yes,yes,yes,24,53,2,no,2745
17,1189608,4787,high,brick,yes,no,no,8,26,1,no,2854
49,1394498,5797,low,concrete,yes,no,yes,22,30,3,yes,4613
22,345982,4189,medium,brick,yes,yes,no,27,47,0,yes,1974
33,876141,4578,medium,steel,no,yes,yes,19,56,0,no,3607
26,870232,1669,medium,brick,yes,yes,no,1,26,1,no,2127
27,546240,3272,high,wood,no,no,yes,15,37,1,no,3309
60,865236,5151,low,brick,no,yes,yes,22,34,2,yes,4199
34,1084015,1540,medium,brick,yes,no,no,21,51,1,yes,2694
87,1291059,5969,high,steel,no,no,yes,28,32,1,no,4972
80,279518,3257,medium,brick,no,yes,yes,13,78,0,no,2586
78,320338,2603,medium,brick,no,no,yes,29,51,0,yes,3041
52,1245485,5572,medium,concrete,yes,yes,no,22,70,1,no,3454
55,1242381,3354,medium,brick,no,yes,yes,0,42,2,yes,3910
61,290960,4083,low,brick,yes,no,no,13,25,3,yes,2440
50,1270732,4085,medium,steel,yes,yes,yes,19,38,3,yes,4183
63,1131004,1260,medium,wood,no,no,no,16,54,2,yes,4196
64,532199,3543,low,brick,yes,no,yes,22,76,0,no,2527
14,944257,905,low,concrete,no,yes,yes,5,52,3,yes,3149
90,390930,1456,medium,steel,yes,yes,no,25,27,2,yes,2463
51,1393645,3541,low,wood,no,no,yes,7,54,3,yes,4548
27,1098705,1048,low,steel,yes,no,no,17,73,2,yes,2928
40,129582,3522,low,wood,no,yes,no,7,60,0,no,2001
68,761361,5468,low,brick,no,no,no,7,64,1,no,2551
9,613555,3450,medium,wood,yes,no,yes,1,75,1,yes,2788
56,165115,3394,high,wood,no,no,no,15,63,0,yes,2579
91,1278758,1830,high,brick,yes,yes,no,12,71,0,yes,3321
39,305974,3375,medium,concrete,yes,no,no,26,48,0,yes,2092
15,145195,1081,high,concrete,yes,yes,yes,26,46,1,no,2830
89,991286,3668,low,brick,yes,yes,yes,13,63,2,no,4176
18,546174,4027,high,steel,no,yes,yes,6,40,1,no,3019
52,1435785,5653,medium,steel,no,no,no,2,23,1,yes,3152
61,1388486,1760,high,wood,no,no,no,20,22,0,yes,3875
94,881148,1792,medium,steel,no,no,yes,28,35,2,no,4373
37,226135,4925,high,steel,yes,yes,yes,7,65,3,no,3734
80,836826,2117,low,brick,yes,no,yes,0,36,1,no,3078
53,882146,2624,low,brick,yes,yes,no,16,72,2,yes,2731
12,303487,1088,low,wood,no,no,yes,25,43,3,no,3747
81,547106,2308,high,steel,no,no,yes,28,79,2,yes,3970
25,796861,1899,high,wood,yes,yes,yes,7,38,0,yes,3845
79,828571,4692,high,brick,yes,no,yes,5,71,2,yes,4228
25,1114975,5934,low,steel,yes,yes,no,18,62,1,yes,2298
21,1081082,4323,high,wood,yes,no,yes,10,53,3,no,4658
83,301729,5587,high,wood,yes,yes,yes,7,54,3,yes,3988
88,997811,3319,medium,concrete,yes,no,yes,7,22,3,no,4213
7,805488,1685,low,concrete,no,no,yes,24,62,2,yes,3126
76,411904,3804,high,steel,no,yes,no,9,40,3,no,3961
49,1034352,2767,medium,steel,yes,no,yes,9,59,3,no,4067
39,802436,3459,medium,brick,no,yes,no,21,72,0,no,2533
75,1360296,1780,medium,brick,no,no,no,27,71,1,no,3477
97,420515,5732,low,brick,no,yes,no,22,56,3,no,3787
49,1175751,4130,medium,concrete,no,no,no,12,79,2,no,3588
89,885846,3059,low,wood,yes,no,yes,26,25,1,no,3861
34,684588,4178,medium,brick,yes,no,no,21,32,3,no,3022
75,680997,4926,high,concrete,no,no,no,2,70,1,yes,2870
16,477072,5664,low,brick,yes,no,no,24,24,3,no,2666
96,1003976,2201,low,concrete,no,no,yes,16,76,3,no,4213
15,1065503,2875,high,concrete,yes,yes,no,20,23,3,no,3520
40,312941,5125,medium,steel,yes,no,no,21,76,0,no,2229
79,1254108,744,low,wood,no,no,yes,14,57,1,no,4005
7,967389,2808,low,concrete,yes,no,yes,5,44,0,yes,2443
40,1302942,888,low,wood,yes,yes,no,16,32,0,yes,2684
66,498787,4779,low,brick,yes,no,no,23,56,2,no,2710
70,1369012,1133,low,steel,no,yes,yes,29,76,3,no,4640
92,437054,780,high,steel,no,yes,yes,0,79,0,no,3087
22,814794,3632,low,wood,no,yes,yes,2,50,2,yes,3789
59,395324,4164,low,steel,yes,yes,no,7,28,1,no,2185
5,312780,1667,high,steel,yes,yes,no,28,40,1,yes,1912
18,674543,3490,medium,brick,no,no,no,7,27,0,yes,1524
11,1159976,5065,low,brick,no,no,yes,10,46,2,yes,3844
8,892001,1529,high,steel,no,yes,no,15,37,3,yes,3379
20,1223713,5114,high,steel,no,no,no,26,44,1,yes,3586
75,286020,1563,medium,wood,yes,no,no,0,74,2,no,3039
59,714564,3949,low,brick,yes,no,no,10,32,1,yes,2152
91,711012,4116,low,steel,yes,no,yes,28,54,3,no,4179
93,1228749,3756,medium,steel,yes,no,yes,16,29,2,yes,4502
25,1030565,3440,high,brick,no,yes,yes,12,57,3,yes,4654
58,1197723,2726,high,brick,no,yes,no,23,71,0,no,3400
19,117455,4498,high,brick,no,yes,no,1,46,3,no,2589
2,1305374,2359,medium,concrete,yes,yes,yes,4,56,1,yes,3174
58,1337359,2079,medium,concrete,no,no,yes,23,34,0,no,3981
66,1159522,5402,high,wood,no,no,no,20,27,3,yes,4724
7,1127272,1576,low,concrete,no,yes,no,11,56,0,yes,1727
51,734947,1560,low,concrete,yes,yes,no,14,67,3,yes,2848
95,297659,4027,high,concrete,no,no,no,6,60,2,yes,2667
33,496199,5567,low,concrete,no,yes,yes,29,71,0,no,3052
75,778287,4499,high,steel,yes,no,no,5,25,3,yes,3468
13,765656,680,high,steel,yes,yes,yes,4,66,0,yes,2851
10,723818,5265,low,steel,no,no,yes,14,64,3,no,3692
59,612566,3459,low,concrete,no,no,yes,26,63,3,yes,4062
38,1413874,2256,medium,concrete,no,yes,no,2,37,0,yes,3168
20,1212681,3149,low,wood,yes,yes,no,21,78,0,yes,2659
85,396186,1671,low,wood,yes,no,yes,8,32,2,no,3573
14,1114182,2260,low,wood,no,yes,no,29,45,2,yes,3428
88,591339,3312,low,concrete,yes,yes,yes,22,35,0,yes,2989
40,1488982,3056,high,steel,yes,no,yes,25,61,1,no,4465
7,913188,1424,low,concrete,yes,yes,no,16,29,3,yes,2502
69,590175,3684,high,concrete,no,yes,no,20,76,0,no,3005
6,126143,2468,high,brick,yes,no,yes,22,51,0,yes,2343
40,982273,4451,medium,concrete,yes,yes,no,13,52,3,yes,3655
53,675594,4922,high,wood,no,no,yes,6,27,1,yes,4090
99,1283809,1587,low,brick,yes,no,no,14,45,1,yes,3203
9,1261926,790,medium,brick,no,no,no,28,76,0,no,2867
65,360383,1623,medium,concrete,yes,no,no,26,22,2,yes,2668
20,1448848,5163,medium,concrete,no,no,no,6,59,2,yes,3157
6,1232531,4723,high,wood,yes,yes,yes,12,77,1,yes,4485
96,133157,3894,high,wood,yes,no,yes,13,67,3,no,4642
77,907957,3713,high,concrete,yes,yes,yes,29,42,0,yes,3905
39,522616,4263,medium,wood,yes,no,no,21,27,0,no,2450
21,1323564,2685,high,wood,no,no,no,28,36,0,yes,3284
37,808374,5828,high,concrete,yes,no,yes,10,53,3,yes,4327
12,1160332,1756,medium,wood,yes,yes,yes,17,39,3,yes,4151
70,1435657,2311,medium,brick,yes,no,yes,12,68,0,yes,3850
15,1222362,5205,low,brick,no,yes,no,11,53,0,no,2400
21,776324,762,medium,wood,yes,yes,yes,1,33,3,no,3748
85,1328404,4999,medium,brick,yes,no,yes,9,32,1,yes,4148
92,944900,3394,medium,steel,yes,yes,yes,21,55,2,yes,4271
81,202885,5477,low,wood,no,no,no,10,23,1,no,2306
46,736715,653,low,brick,yes,yes,no,15,65,1,no,2406
71,1429840,5873,low,steel,no,no,yes,16,43,0,yes,3768
87,1444527,973,medium,steel,yes,no,no,13,42,1,no,3420
86,894744,1476,low,wood,yes,yes,no,21,27,0,yes,2651
10,312181,5761,medium,concrete,no,no,yes,20,27,3,no,3607
82,909289,3375,high,steel,yes,no,no,12,33,1,no,3345
66,712435,4329,low,wood,no,yes,no,16,25,0,yes,2326
76,246612,3465,high,concrete,no,no,yes,4,28,2,no,3768
39,1218593,3284,medium,steel,no,no,yes,3,33,0,no,3706
22,1261538,3308,high,steel,yes,no,yes,24,51,0,no,3729
86,1054815,3888,low,steel,yes,no,no,10,30,2,no,2847
42,614120,639,low,wood,no,no,yes,16,28,0,no,2847
86,1335860,2254,medium,wood,yes,no,yes,25,69,0,yes,4176
6,456210,1397,low,concrete,no,yes,no,2,68,2,yes,1965
52,1108638,1309,high,steel,yes,no,no,1,43,0,yes,2645
37,1307585,5324,high,brick,no,yes,no,26,48,1,yes,3841
84,902291,624,low,concrete,no,yes,no,0,56,0,no,2549
6,1057315,5660,low,brick,yes,no,no,17,59,1,no,2512
73,396687,4653,medium,steel,no,no,no,15,45,2,yes,2748
29,1150484,2714,high,wood,no,no,no,10,35,1,yes,3551
69,459229,3344,low,brick,yes,no,no,6,61,2,yes,2347
51,225535,2950,high,wood,yes,yes,no,4,57,0,no,2121
77,958113,5714,medium,steel,yes,yes,yes,17,34,0,yes,3784
27,421518,5173,high,concrete,no,yes,no,3,58,2,yes,2935
87,1460254,4800,medium,brick,yes,no,yes,26,73,1,yes,4352
37,1190225,3304,high,wood,no,yes,no,21,71,1,no,3838
46,1415951,2056,medium,brick,yes,no,yes,7,32,1,no,3925
98,433684,1673,low,steel,yes,no,no,21,53,1,yes,2489
25,173931,1835,low,concrete,yes,no,yes,5,26,0,yes,1793
37,997009,5297,medium,steel,no,no,no,21,38,1,no,2937
23,474509,5084,high,wood,yes,yes,no,20,23,3,yes,3470
92,497337,5910,high,steel,no,no,yes,20,53,2,yes,4128
26,167412,3966,high,concrete,yes,yes,yes,21,44,1,no,2860
76,494806,5659,low,steel,yes,no,no,21,26,2,yes,2608
52,543235,5124,low,wood,yes,no,no,0,79,2,no,3226
3,1367229,2664,high,steel,yes,no,no,6,61,0,no,2956
73,888496,5138,low,brick,yes,no,no,5,59,2,no,3087
79,142447,4026,low,brick,yes,yes,no,21,29,1,no,2345
72,1249520,1616,low,brick,no,yes,no,0,48,3,yes,3703
28,549387,2617,medium,brick,no,yes,no,6,23,1,no,2074
90,1246251,4023,medium,concrete,no,yes,no,13,61,0,yes,3455
80,395962,3025,low,wood,no,no,yes,5,78,1,no,3278
34,880283,5087,low,brick,no,yes,yes,9,77,2,yes,3257
84,997206,4725,low,brick,no,no,yes,17,28,3,yes,4511
65,1168547,4826,high,brick,yes,yes,no,15,61,1,no,3619
88,750571,5096,medium,brick,yes,yes,no,11,71,2,yes,3183
29,605756,4818,high,wood,yes,yes,yes,28,43,1,no,4058
4,814311,1519,low,steel,no,yes,yes,10,28,3,yes,3323
68,1326183,4434,low,brick,no,yes,no,27,68,1,no,3446
62,901279,4651,high,steel,yes,yes,no,23,30,1,no,3659
38,213953,4769,low,wood,no,no,no,7,67,2,no,2716
67,104899,4143,medium,steel,no,yes,yes,14,66,3,yes,3109
2,268374,710,medium,steel,yes,no,yes,29,56,2,no,2601
93,617116,4382,low,concrete,no,yes,yes,22,59,0,yes,3213
92,1050794,2824,medium,steel,no,no,no,11,45,2,no,3919
76,141530,3691,low,steel,yes,no,no,22,57,3,yes,2170
44,129954,2852,low,steel,yes,yes,yes,27,74,2,yes,2822
79,1407337,4193,low,brick,yes,no,no,29,39,1,yes,3568
95,1168299,3680,medium,brick,no,yes,yes,26,64,3,no,4979
32,1480464,2590,high,concrete,no,yes,yes,6,47,3,no,4663
86,294120,4547,medium,concrete,no,no,no,15,60,1,yes,2483
3,1101876,4246,medium,steel,no,no,no,29,36,0,yes,2382
17,1113729,5752,high,brick,yes,yes,no,3,77,0,yes,2864
93,1201201,2727,medium,steel,yes,no,no,0,43,0,no,2876
12,561937,2167,low,brick,no,yes,yes,24,46,1,no,3061
64,1392652,4187,medium,concrete,yes,no,yes,0,64,0,yes,3739
63,1223150,2773,low,wood,no,no,yes,27,72,1,yes,4141
78,1111008,5203,low,wood,yes,yes,yes,27,46,3,no,4661
72,805846,3022,medium,steel,yes,no,no,20,62,1,no,3233
41,138963,5229,high,concrete,no,yes,yes,14,46,0,yes,3250
2,405015,4846,medium,brick,no,yes,yes,25,59,2,yes,3458
53,640971,4913,medium,steel,no,yes,yes,28,46,0,yes,3355
34,1153534,4977,medium,steel,no,yes,yes,13,28,3,no,4286
88,743032,5000,low,brick,no,yes,no,24,61,3,no,3962
84,1379328,4355,low,steel,yes,no,yes,14,77,3,yes,4618
74,394729,5357,high,brick,yes,yes,no,1,65,0,yes,2144
40,711193,1818,high,concrete,yes,yes,no,15,45,1,no,2666
71,1363066,2049,medium,concrete,no,no,yes,4,40,1,yes,3731
65,408858,2187,high,wood,no,no,no,26,43,2,yes,3654
55,519818,4584,medium,concrete,no,no,no,10,67,1,yes,2694
74,440661,5349,low,brick,yes,yes,yes,10,44,2,no,3353
51,1339138,3735,medium,concrete,yes,no,yes,0,41,3,no,4167
5,953693,2820,medium,concrete,no,no,no,1,41,2,yes,2766
56,834093,996,medium,brick,no,yes,yes,0,28,2,yes,3720
21,1146213,4337,medium,brick,yes,yes,no,2,55,2,no,2890
58,990297,1343,high,concrete,no,no,no,19,32,0,no,3130
73,954262,5879,medium,steel,no,no,yes,0,64,3,yes,4243
93,700328,2053,low,concrete,yes,no,yes,25,29,0,no,2900
31,863448,2617,medium,brick,no,no,yes,16,59,3,yes,4210
46,1189960,4746,low,brick,no,yes,yes,1,32,0,yes,3012
27,465338,3886,high,steel,no,no,no,13,64,0,yes,2590
70,1022681,2425,medium,steel,no,no,no,19,46,3,yes,3865
31,321008,3267,low,concrete,no,yes,no,28,52,3,yes,2684
41,793731,5579,medium,concrete,yes,yes,no,1,58,1,no,2651
45,1200099,4211,medium,wood,yes,no,yes,17,47,2,yes,4478
36,728210,2922,high,brick,no,no,no,7,31,3,yes,3397
2,943837,5383,low,concrete,no,no,no,26,54,1,no,2665
62,409840,3231,low,brick,yes,yes,no,7,28,0,yes,1526
21,328597,2553,low,brick,yes,yes,no,6,57,2,yes,2122
34,775302,961,medium,brick,no,no,yes,10,66,2,yes,3732
86,167320,999,high,steel,no,yes,yes,19,79,1,no,3576
13,1413636,4254,medium,brick,yes,no,yes,6,41,0,no,3043
19,723106,1394,high,concrete,no,no,no,29,36,3,yes,3711
33,155346,1162,high,wood,no,no,no,21,37,1,yes,2900
49,321282,3755,low,steel,yes,yes,yes,6,56,2,no,2707
3,1370082,2874,high,wood,no,no,yes,16,42,0,no,4307
38,1159407,2664,low,concrete,yes,yes,no,14,75,0,yes,2335
83,392280,819,medium,steel,yes,yes,no,20,56,1,no,2182
71,606259,3231,medium,wood,no,yes,no,20,61,1,no,3177
15,294437,3099,high,steel,yes,no,no,6,69,1,no,2236
38,534097,2616,low,brick,no,yes,no,19,55,0,no,1953
25,595770,1225,low,concrete,yes,no,yes,28,60,3,yes,3016
61,1406210,2264,medium,concrete,no,yes,yes,16,22,3,no,4799
86,530225,3941,high,concrete,yes,no,yes,18,30,2,yes,4031
87,899978,1502,low,brick,yes,yes,yes,13,62,0,yes,2769
50,941314,663,low,brick,no,yes,no,19,51,3,no,3119
10,1183275,2591,high,brick,yes,yes,no,4,42,0,yes,2701
50,592056,2527,medium,concrete,no,yes,no,29,39,0,no,2250
42,995150,1549,low,brick,yes,no,yes,11,43,0,no,2815
71,518504,1038,low,concrete,no,yes,yes,23,65,1,no,3077
52,269766,1496,high,steel,yes,no,no,23,47,3,yes,3437
46,614652,5276,high,steel,no,yes,yes,11,33,1,yes,3818
89,1042006,2679,low,brick,yes,no,no,1,52,2,yes,2842
40,869020,600,low,brick,no,no,no,25,58,0,no,2661
58,654139,5401,high,brick,yes,yes,yes,3,64,0,no,2971
24,947928,4609,high,steel,no,yes,yes,29,57,2,yes,4493
69,842118,3653,low,brick,no,yes,no,1,69,3,no,3060
85,606193,3363,high,steel,yes,no,yes,4,65,0,no,3540
40,1380718,3233,low,wood,no,no,yes,19,23,0,no,3770
20,1255054,4847,high,brick,yes,yes,yes,1,58,3,no,4309
29,523638,4032,low,wood,no,yes,yes,12,61,2,yes,3672
37,412285,3017,low,concrete,no,no,yes,2,37,2,no,2711
20,652931,2282,high,concrete,no,no,yes,14,71,3,no,3973
18,279383,1162,medium,steel,no,yes,yes,18,44,3,no,3447
4,771010,857,low,steel,yes,yes,yes,15,56,2,yes,2781
11,1278523,1564,medium,steel,no,yes,yes,13,27,2,yes,3529
64,1214413,5341,medium,wood,no,no,no,22,57,0,no,3564
86,1119458,4885,high,concrete,no,no,yes,3,43,2,no,4565
52,591766,5273,low,steel,no,no,no,16,32,2,yes,2613
43,511663,5983,medium,steel,yes,yes,no,20,55,1,yes,2674
14,943715,5531,low,brick,no,no,no,21,79,1,no,2383
45,212021,2441,low,wood,yes,yes,yes,21,42,2,yes,3348
28,1094833,4475,medium,wood,yes,yes,yes,29,34,3,no,4899
4,1297077,4693,medium,concrete,no,yes,yes,11,66,2,no,3966
16,988950,3254,low,concrete,no,yes,no,25,39,3,yes,3535
38,1010863,4584,medium,steel,no,no,yes,26,77,1,no,3716
63,1471319,5200,medium,wood,no,no,no,1,66,3,yes,4455
23,912546,2629,low,concrete,no,yes,yes,20,65,2,no,3210
77,404619,4415,medium,wood,yes,no,yes,19,51,1,yes,4173
20,846274,2469,medium,steel,no,no,yes,13,62,1,yes,3421
69,516872,977,low,steel,no,yes,no,26,45,1,yes,2333
83,481030,2992,medium,steel,no,no,no,20,22,0,no,2655
21,1041263,5925,high,steel,yes,no,yes,22,58,1,no,4278
42,679220,3458,low,wood,no,no,yes,2,49,3,yes,3931
69,792928,1448,high,steel,yes,yes,no,29,25,3,no,3580
14,1243854,1379,low,wood,yes,yes,no,15,25,2,yes,3281
70,991046,4011,high,brick,yes,no,yes,7,35,2,yes,4088
5,835351,1465,high,steel,yes,yes,no,26,32,1,yes,2846
24,107089,4239,medium,brick,yes,no,no,11,44,0,yes,1328
93,122880,2530,low,concrete,yes,yes,yes,27,67,2,no,3282
29,810376,1138,low,steel,no,no,yes,8,33,3,no,3476
2,1400829,4629,medium,wood,no,yes,yes,0,69,3,yes,4279
6,1318050,1705,medium,concrete,yes,no,yes,0,79,1,no,3210
34,834201,2365,high,steel,no,yes,no,8,68,2,no,3249
76,1499553,2355,low,brick,no,yes,yes,29,63,3,no,5143
22,791729,833,medium,concrete,no,yes,no,14,25,1,yes,2277
4,1138631,5876,medium,wood,yes,no,yes,9,22,2,no,4117
6,1081008,3863,high,wood,no,no,no,16,72,0,yes,3238
67,1476151,4335,high,brick,yes,yes,yes,1,61,0,no,3745
77,697573,4284,medium,wood,yes,no,no,2,31,0,yes,3274
63,987719,5485,high,steel,no,no,yes,22,28,0,no,3841
87,941912,5224,low,concrete,yes,yes,yes,9,23,2,no,3755
99,1159888,1496,high,steel,no,no,yes,18,44,2,no,4967
90,1115608,4195,low,wood,no,yes,yes,8,55,0,yes,4026
73,460389,875,medium,brick,no,no,yes,17,75,3,no,4277
87,1408747,1002,medium,steel,yes,no,yes,2,77,2,yes,4171
68,845999,2901,high,wood,yes,yes,yes,8,72,1,no,4311
34,1155749,5734,medium,brick,no,no,yes,21,33,3,yes,4500
72,1033921,3648,high,steel,yes,yes,no,26,72,3,yes,4304
34,458458,3184,high,wood,no,no,yes,27,77,3,no,4603
57,1202914,4858,high,brick,no,no,no,10,33,0,no,2991
37,1238472,5827,high,brick,no,no,yes,8,66,3,no,4689
6,139314,2710,low,steel,yes,no,yes,29,37,2,no,2391
71,650943,842,low,steel,no,yes,yes,4,29,3,no,3647
45,1246889,2950,medium,wood,yes,yes,no,19,63,3,no,4141
41,757087,1562,high,concrete,no,no,no,17,27,1,no,3136
5,484374,1739,medium,steel,no,no,no,11,36,1,yes,2326
60,1003898,2967,high,steel,no,yes,no,16,70,2,no,3496
67,1274876,1645,medium,brick,no,no,no,26,32,3,no,3941
17,991468,2086,low,wood,no,yes,yes,20,72,0,yes,3203
83,1282746,1564,medium,concrete,no,yes,no,16,51,1,yes,3676
65,803355,3265,high,concrete,no,no,no,15,31,0,no,2661
55,1375164,2611,high,steel,yes,yes,no,21,44,2,no,4334
9,612627,5537,medium,concrete,no,no,no,26,39,2,yes,3101
4,838553,4007,medium,concrete,no,yes,no,21,30,3,no,3250
42,483886,5845,high,brick,no,no,no,13,30,2,no,3412
46,315468,969,medium,brick,no,no,no,22,71,3,yes,2870
74,701593,1994,low,brick,no,yes,yes,8,27,0,yes,2531
96,233413,1428,high,steel,no,yes,no,21,37,0,no,2886
1,1480795,2675,high,concrete,no,yes,no,12,33,1,no,3524
87,323537,3496,low,brick,no,yes,yes,2,23,1,no,2988
17,937794,5145,medium,wood,yes,no,yes,23,38,3,yes,4576
94,1375360,5222,low,concrete,no,no,yes,4,47,0,no,3671
91,962795,782,high,wood,yes,yes,yes,23,30,2,no,4531
79,353444,975,low,concrete,yes,yes,no,7,26,0,yes,1167
7,172810,2429,medium,wood,yes,no,no,2,49,1,yes,1489
97,1087766,4590,medium,wood,yes,no,no,22,51,2,no,4218
5,874942,809,high,steel,no,yes,no,15,38,1,yes,2446
52,593519,4727,high,wood,no,no,yes,3,68,2,no,3923
98,966996,2691,low,brick,yes,yes,no,8,60,0,no,2275
53,957585,1485,medium,brick,no,no,no,6,40,1,yes,2804
3,1461493,4306,low,concrete,yes,no,no,25,27,2,yes,3361
62,1448059,5067,high,brick,yes,no,no,17,25,1,no,4316
32,967780,1594,low,steel,yes,no,no,16,65,0,yes,2418
2,1167971,3089,medium,brick,yes,no,no,21,72,1,yes,2682
80,515808,3261,high,steel,yes,no,yes,5,59,1,yes,3253
81,681092,4115,low,brick,no,no,yes,9,77,3,yes,4061
53,988816,4662,low,steel,yes,yes,no,4,75,2,no,2770
12,933459,4933,medium,concrete,no,no,yes,14,35,3,no,4023
5,1456197,1954,medium,concrete,yes,no,yes,1,37,2,no,3651
4,1329804,5610,low,brick,yes,yes,no,14,75,3,yes,3130
56,124087,3419,medium,concrete,yes,yes,yes,8,58,0,no,2508
80,918990,4998,high,concrete,no,yes,yes,5,53,3,no,4921
82,738342,2526,low,concrete,no,no,yes,3,52,3,yes,3795
64,859806,5676,low,brick,no,yes,no,22,26,2,no,3307
45,1377692,828,high,steel,yes,no,no,13,38,3,no,3826
60,1309292,3811,medium,brick,no,yes,yes,8,25,2,yes,4291
20,386211,4510,high,wood,yes,yes,no,23,64,1,no,2809
53,664986,4749,high,steel,no,no,no,0,45,0,no,2668
73,628053,5816,low,wood,yes,yes,no,18,27,0,yes,2650
16,1143921,3239,high,wood,no,no,no,9,51,2,yes,3873
99,1177351,1894,medium,concrete,yes,no,no,17,76,1,yes,3281
93,317042,4825,low,steel,no,no,yes,18,65,0,no,3332
30,1266899,2148,medium,steel,yes,no,no,28,32,0,no,2786
20,1429999,1116,high,wood,yes,no,yes,20,48,1,no,4144
86,146639,5639,high,wood,no,yes,no,5,30,3,no,3956
87,1242488,4088,medium,concrete,no,yes,no,2,45,2,no,3424
52,136673,3655,low,concrete,no,yes,yes,17,41,2,no,2775
36,1054549,5207,high,brick,no,yes,yes,20,34,3,yes,4773
22,405394,3609,high,steel,yes,yes,yes,28,76,2,yes,3471
1,505723,2580,high,wood,yes,no,yes,19,49,1,no,3374
21,719727,824,low,brick,no,no,no,20,68,1,no,2105
48,509214,2850,low,concrete,yes,no,yes,9,52,0,no,2302
83,459605,3502,high,wood,no,no,no,19,53,3,yes,3768
72,1289731,3581,low,steel,no,no,no,3,56,1,yes,3190
5,1155148,735,medium,wood,yes,yes,yes,7,58,2,yes,3881
40,1024455,4475,high,wood,no,no,yes,15,40,0,no,4176
93,710338,5752,medium,brick,no,no,yes,21,68,1,yes,3965
82,890295,1652,low,wood,yes,no,no,1,28,3,no,3330
93,805186,1974,low,brick,no,no,yes,18,24,1,yes,3648
79,359492,3637,medium,brick,yes,yes,no,14,61,0,no,2422
45,1041217,1951,low,concrete,no,yes,yes,7,51,2,yes,3675
31,1336709,4529,high,wood,yes,yes,yes,16,79,3,no,5523
15,1406470,1993,medium,brick,no,no,no,12,52,2,no,3280
58,694327,970,medium,wood,yes,yes,no,21,66,1,yes,2972
53,949244,5333,high,steel,no,no,yes,2,69,3,no,4764
45,693923,2259,low,wood,yes,no,no,24,61,0,no,2266
67,1169416,1521,medium,concrete,no,yes,yes,9,75,1,no,3932
42,351825,4043,medium,brick,no,no,yes,12,30,0,no,2886
97,854253,1876,high,brick,no,no,no,10,55,1,yes,3691
24,1000759,4542,low,steel,yes,yes,yes,0,43,2,no,3053
38,908293,3086,medium,concrete,yes,yes,no,13,48,0,no,2362
51,449811,1201,low,brick,yes,yes,no,1,73,2,no,2033
24,197315,2665,medium,steel,no,yes,yes,21,76,2,yes,2703
77,643054,818,low,brick,no,yes,yes,11,48,0,yes,2661
91,865218,5207,medium,brick,yes,yes,no,3,54,3,yes,3690
33,1051331,1801,low,concrete,yes,yes,no,11,73,0,no,2354
19,215760,808,low,steel,yes,yes,yes,25,66,1,yes,2298
25,823406,2436,medium,brick,yes,no,yes,0,66,0,no,2462
70,402392,3806,low,wood,no,no,yes,9,64,1,yes,3199
97,1384052,5928,low,steel,yes,yes,yes,3,63,0,no,3381
89,462850,810,high,concrete,no,yes,yes,1,73,2,yes,4043
87,565238,4338,high,concrete,no,no,no,28,27,0,yes,3376
49,1232598,4223,high,concrete,yes,yes,no,24,69,3,yes,3931
17,1094615,872,high,brick,yes,yes,no,22,79,0,yes,3005
21,752105,2326,low,concrete,no,no,no,21,48,1,no,2462
43,1178124,4179,medium,steel,yes,yes,no,28,53,1,yes,3250
84,1204792,3381,medium,brick,yes,no,no,29,59,3,no,3947
76,589089,1101,high,wood,yes,no,yes,27,43,3,yes,4659
77,1073797,4425,medium,concrete,no,no,no,24,73,2,no,3893
82,944887,4544,medium,concrete,yes,no,yes,12,74,3,yes,4231
22,1317855,2473,low,concrete,no,yes,no,7,34,0,yes,2225
63,1267187,1709,low,wood,yes,no,no,1,53,1,no,2840
24,1220103,2827,medium,brick,no,yes,no,2,48,3,yes,3405
33,920165,3664,low,concrete,no,yes,yes,29,65,3,yes,3875
67,1061995,3751,high,wood,yes,no,no,14,61,0,yes,3479
81,787464,5873,high,brick,yes,yes,no,6,51,2,no,3635
96,551709,1949,medium,steel,yes,no,yes,9,56,1,yes,3438
17,380760,5450,medium,concrete,yes,no,yes,19,34,2,yes,3485
48,1255436,608,high,brick,yes,no,no,10,75,3,no,3899
44,398525,4099,medium,concrete,no,yes,no,21,22,1,no,2487
25,690855,4887,medium,wood,no,no,yes,24,63,3,no,4756
72,289069,1713,low,brick,no,no,no,22,48,0,no,1951
99,343503,4091,low,wood,yes,yes,yes,13,43,1,no,3372
60,841075,5722,high,concrete,no,no,yes,18,78,2,yes,4341
29,573989,4076,high,steel,no,no,yes,13,68,1,yes,3760
12,1025085,5187,high,wood,yes,yes,yes,21,64,3,yes,4742
9,955171,5984,high,brick,yes,yes,no,22,69,0,yes,2736
90,989737,1276,high,brick,yes,no,no,0,45,0,no,2991
86,872197,3372,low,concrete,yes,yes,no,28,74,2,no,3159
53,563642,1983,medium,brick,yes,no,no,6,44,2,no,2582
61,638028,2842,high,concrete,yes,yes,yes,29,74,3,no,4292
31,768771,1098,high,wood,no,no,yes,4,56,1,yes,3779
48,1406402,2240,low,steel,yes,yes,no,29,30,0,no,2843
94,1286027,2454,low,wood,no,no,yes,6,48,0,no,3944
79,613292,4849,low,wood,no,yes,yes,29,28,3,yes,4752
47,1397974,1669,low,concrete,no,yes,no,28,45,1,no,3397
33,945053,4876,medium,steel,no,no,no,12,37,1,no,3279
67,1366390,2195,medium,wood,no,no,no,6,44,2,yes,3705
98,555466,4427,low,concrete,yes,no,yes,21,28,2,yes,3533
64,1202152,4921,low,wood,yes,no,yes,28,61,1,yes,4308
17,770531,3703,high,wood,no,yes,no,18,77,3,no,3969
44,1209290,946,medium,brick,yes,no,no,24,43,1,no,3347
5,499143,2822,high,wood,yes,yes,yes,12,50,1,no,3010
94,266257,1428,low,steel,yes,yes,yes,15,41,0,no,2726
62,480574,2229,high,wood,no,yes,no,20,58,3,yes,3803
63,559010,3801,low,concrete,no,no,no,24,27,3,no,2955
79,573315,2286,medium,brick,yes,no,yes,14,52,3,yes,3971
39,350232,4947,high,concrete,no,no,yes,18,48,3,no,4013
72,185030,2075,high,steel,no,no,yes,29,62,2,yes,4392
42,1397089,2044,high,wood,yes,yes,no,6,58,2,yes,4168
92,1353621,3298,medium,wood,yes,no,yes,4,30,0,yes,4372
21,415724,4028,medium,brick,yes,yes,yes,13,46,2,no,3027
47,617707,4506,high,wood,yes,yes,yes,29,77,3,no,4716
74,1025074,1223,high,concrete,no,yes,yes,22,63,1,yes,3986
28,151964,757,high,concrete,yes,yes,yes,15,59,0,no,2526
21,679559,1168,low,brick,no,yes,yes,23,54,1,no,2616
28,797707,4654,low,wood,yes,yes,yes,10,34,2,yes,3388
86,570467,4216,low,brick,yes,no,no,23,58,3,yes,3242
19,1453414,4504,medium,steel,no,yes,no,20,48,0,no,2969
63,100251,4704,high,wood,yes,yes,no,10,40,2,no,2932
52,1375887,5204,low,wood,yes,no,no,29,37,1,no,3581
38,774687,5239,high,wood,yes,yes,no,11,68,1,no,3417
46,1318577,3236,medium,steel,yes,yes,no,20,78,3,no,3975
24,709521,2639,low,steel,yes,no,no,12,35,2,yes,2077
92,469667,3460,high,steel,yes,yes,no,7,67,0,no,2689
45,224276,4790,medium,concrete,yes,no,no,29,25,0,yes,2233
77,396360,1900,medium,brick,no,no,yes,5,60,0,no,3252
9,860556,5668,low,concrete,yes,yes,yes,21,43,1,yes,3135
9,346962,3569,medium,steel,no,no,no,1,68,2,no,1746
21,1304235,3632,medium,concrete,yes,no,yes,22,75,0,no,3620
24,695823,4812,low,concrete,no,yes,yes,9,58,0,no,2835
95,224196,2079,high,brick,no,no,yes,22,22,0,yes,3593
64,1419681,5055,medium,steel,no,no,no,21,72,0,yes,3730
93,1486754,5749,high,concrete,yes,yes,no,29,42,0,yes,4329
40,1187782,4554,high,concrete,yes,no,no,29,71,2,yes,3874
74,666604,2972,high,wood,no,yes,yes,26,51,1,yes,4485
52,1266447,2543,low,wood,no,yes,yes,1,48,3,yes,4332
4,1379925,673,medium,steel,yes,yes,yes,10,67,2,no,3481
3,503661,5674,low,concrete,no,yes,no,28,55,1,no,2004
13,151421,4503,high,steel,no,no,no,4,50,1,yes,2276
21,343217,2042,medium,brick,yes,yes,no,5,25,2,yes,1918
8,853192,4589,high,steel,no,yes,yes,15,28,1,no,3668
73,1384135,5502,high,steel,no,no,no,27,54,1,yes,4304
1,961914,4494,low,concrete,no,yes,yes,19,78,1,yes,3252
14,783222,4413,low,brick,no,yes,yes,9,33,1,no,3187
76,800358,1886,medium,steel,yes,yes,no,13,54,0,no,2592
36,104617,1150,medium,wood,yes,yes,yes,5,67,2,yes,3062
22,1176952,3051,high,brick,no,yes,yes,4,45,2,yes,4439
36,298306,2751,high,concrete,yes,yes,yes,26,59,3,yes,3639
45,1492041,4111,high,wood,no,yes,yes,9,22,0,yes,4551
16,1268842,2487,low,brick,yes,yes,yes,11,76,0,yes,2844
11,704361,2790,medium,concrete,yes,no,yes,24,55,0,no,2886
67,565457,3361,low,concrete,yes,no,no,26,38,3,yes,3148
98,305019,5612,low,brick,yes,yes,yes,21,61,2,yes,3218
25,575062,4902,high,brick,yes,no,no,16,71,0,yes,2077
90,794595,3193,high,brick,yes,yes,yes,25,78,2,no,4263
67,108802,5980,high,concrete,no,no,yes,15,43,3,no,4024
84,1359859,1423,low,wood,yes,no,no,9,70,0,yes,2897
31,1451045,1706,high,wood,no,no,no,16,69,2,yes,3962
65,263001,2819,low,concrete,no,yes,no,1,48,1,yes,1710
90,1315600,4369,low,brick,yes,yes,no,1,36,0,yes,2691
89,1318492,961,low,concrete,no,no,no,28,36,1,yes,3284
11,649296,4737,medium,concrete,no,yes,yes,13,77,0,no,2920
80,1250317,2363,low,concrete,yes,yes,no,26,44,2,no,3608
84,1462977,5195,high,concrete,yes,no,yes,3,33,1,yes,4847
38,1058525,4827,high,wood,yes,no,no,29,48,1,yes,3927
2,655451,3557,medium,brick,no,yes,no,28,70,1,yes,2338
54,1113955,3072,high,concrete,no,no,yes,25,77,0,yes,4077
93,1365750,1676,high,concrete,no,yes,yes,11,71,0,no,4308
7,1411610,2020,high,brick,yes,yes,no,1,61,3,no,3743
49,652570,5702,medium,brick,no,yes,yes,13,30,0,no,3288
40,858910,1063,low,concrete,no,yes,yes,23,68,1,yes,3300
45,1480177,1978,medium,concrete,yes,yes,no,23,66,3,no,4241
54,1342273,5892,medium,brick,no,no,yes,26,50,2,no,4993
89,1256411,2840,high,brick,no,no,no,17,58,1,no,3760
61,917323,4689,high,wood,yes,no,no,24,42,1,yes,3582
4,964654,3034,medium,concrete,no,no,no,24,76,2,no,2768
34,414156,5352,low,steel,no,no,no,8,22,2,no,2444
89,593898,5696,medium,brick,yes,no,no,24,74,3,no,3441
8,689158,2395,low,brick,yes,no,no,27,33,1,no,1989
32,1007515,4496,high,wood,yes,yes,no,29,22,1,yes,3863
18,817832,1394,medium,wood,yes,yes,yes,22,48,2,no,4129
40,719258,3667,low,steel,yes,no,no,24,45,1,yes,2298
75,1350542,3887,medium,brick,yes,yes,yes,23,45,1,no,4631
56,1183426,1899,medium,concrete,no,no,yes,25,70,3,no,4601
37,780713,4803,high,concrete,yes,yes,no,7,55,2,yes,3462
55,154181,4951,low,concrete,yes,yes,yes,6,60,0,yes,1917
36,871454,5798,low,wood,no,yes,yes,12,76,1,yes,3698
10,1422669,3037,low,steel,no,yes,yes,1,78,3,no,3861
70,863602,1324,low,steel,no,no,yes,1,56,1,no,3317
80,1048953,1832,low,steel,no,no,yes,15,71,3,no,4160
89,533352,3682,high,brick,yes,no,no,15,67,3,no,3801
63,713608,3817,medium,brick,no,no,no,23,31,0,no,2815
34,737555,3706,high,steel,yes,yes,yes,17,45,3,yes,4467
95,1367500,2190,medium,steel,no,no,no,1,48,2,no,3557
72,478956,1139,low,steel,yes,yes,no,28,28,3,no,3040
17,531321,708,high,wood,yes,yes,yes,6,35,0,no,3320
61,974475,2671,medium,steel,yes,no,yes,6,56,1,no,3628
78,872469,2296,medium,concrete,yes,yes,yes,16,64,3,no,4514
94,776097,5194,medium,brick,yes,no,no,26,36,0,yes,2766
18,1339171,3637,low,concrete,yes,no,yes,22,72,2,no,3500
61,953702,3019,high,brick,yes,no,yes,11,76,1,no,4008
36,534018,1788,medium,wood,yes,no,no,12,65,0,no,2444
85,758826,649,low,wood,yes,no,yes,4,53,1,yes,3188
53,932082,4294,high,concrete,no,yes,no,14,58,2,yes,3587
95,1382296,4196,medium,wood,yes,no,no,20,30,3,no,4688
33,915024,670,low,brick,yes,no,no,27,79,3,no,3018
23,909880,2554,medium,wood,no,no,yes,1,60,0,no,3233
64,1164827,1091,low,concrete,yes,yes,yes,5,68,2,yes,3617
38,342608,1073,high,wood,no,no,yes,3,54,3,yes,4294
69,872469,4681,medium,steel,no,no,yes,22,54,1,no,4097
79,924180,5920,low,brick,yes,yes,no,12,59,1,no,2731
30,1426353,4719,low,wood,yes,yes,no,1,53,2,yes,3809
16,1220512,1068,low,brick,yes,yes,no,23,42,1,no,2515
54,1298595,2060,high,concrete,yes,yes,no,4,26,2,no,3613
59,857003,4909,low,steel,yes,yes,yes,7,64,2,no,3481
93,736825,4842,medium,brick,no,yes,no,15,32,3,yes,3747
92,1103423,2309,high,steel,no,no,yes,6,50,2,no,4575
6,1027076,4100,medium,steel,yes,yes,yes,2,67,3,no,3368
5,1350126,2039,low,steel,yes,no,no,24,29,1,no,2547
89,1347539,1628,low,wood,no,no,no,8,48,2,no,4397
92,505346,1443,medium,wood,yes,yes,yes,12,77,1,no,3755
1,1403129,1471,medium,concrete,no,yes,no,1,67,2,no,3019
14,1322279,3497,high,wood,yes,yes,no,18,62,1,no,3881
83,708987,5726,low,concrete,yes,no,yes,10,64,0,yes,2919
31,603477,1322,high,concrete,yes,no,no,29,64,2,no,3184
51,628363,3430,low,steel,yes,no,yes,25,73,3,no,3977
79,1366370,4000,medium,brick,no,no,yes,9,74,0,no,4034
19,838654,5995,high,wood,yes,no,yes,10,69,0,yes,3298
32,582311,3911,low,brick,yes,yes,no,16,33,3,no,2585
57,1229564,3474,medium,concrete,yes,yes,yes,16,28,2,no,4303
31,272688,2603,high,concrete,yes,no,no,2,56,0,yes,1886
58,245423,2651,high,concrete,yes,yes,no,11,65,3,yes,3155
26,687765,2337,high,steel,yes,yes,no,2,27,0,yes,1835
48,648464,4735,medium,brick,no,no,yes,4,40,2,no,3662
41,370124,3224,high,steel,yes,yes,yes,5,57,0,no,2681
25,531299,1886,low,brick,yes,no,no,19,63,2,yes,2172
47,336425,1176,medium,steel,yes,no,yes,9,61,2,no,2869
54,1319023,1387,high,concrete,no,yes,yes,10,63,0,no,4104
57,1102386,2167,medium,wood,no,no,yes,22,37,2,yes,4723
72,878150,2488,low,steel,no,no,yes,18,32,0,no,3325
61,152027,763,high,steel,yes,yes,no,19,57,2,no,2867
4,1329379,1001,medium,wood,no,yes,yes,10,49,2,no,4041
31,169108,3132,medium,wood,no,yes,yes,20,66,2,no,3714
96,650353,952,low,steel,no,yes,yes,7,73,0,no,3119
98,774639,1272,low,concrete,no,no,no,8,44,1,yes,2647
67,849400,3484,medium,concrete,yes,yes,no,2,56,0,no,2588
41,569489,3753,high,wood,no,yes,yes,0,56,3,yes,4308
26,820319,864,high,steel,yes,yes,yes,1,38,2,yes,3151
68,1116271,1665,medium,brick,no,no,no,1,60,0,yes,2778
66,585717,5918,low,wood,no,no,no,2,64,2,no,2913
19,288923,4054,high,brick,yes,yes,no,17,25,1,no,2292
87,1076155,806,high,wood,no,no,no,26,69,1,yes,4448
25,871069,4805,low,steel,no,yes,yes,16,28,0,no,2878
47,930014,4101,low,concrete,yes,no,yes,11,69,0,yes,3177
71,201237,1007,low,wood,no,no,no,26,39,3,yes,3068
8,1220468,5535,medium,brick,no,no,yes,5,74,1,no,3681
3,1040616,2259,medium,steel,no,yes,no,6,65,3,no,3179
87,480225,3356,medium,steel,yes,yes,no,27,44,0,no,2518
33,638533,878,low,steel,no,no,yes,16,49,3,no,3405
28,1449819,2489,medium,brick,yes,no,no,8,62,2,yes,3117
22,880470,650,low,wood,yes,yes,yes,22,63,2,no,3725
99,829471,5842,medium,concrete,no,yes,yes,11,57,3,no,4843
98,931512,5126,medium,concrete,yes,no,yes,13,59,0,no,3197
30,624261,4464,high,brick,no,yes,yes,10,40,3,yes,4258
47,429017,3198,low,concrete,yes,yes,yes,3,71,1,yes,2292
36,776141,923,high,wood,no,no,no,18,79,2,yes,3833
59,333435,4613,low,brick,yes,no,yes,5,65,2,no,2709
14,666640,4660,medium,brick,no,yes,no,18,71,2,yes,2867
73,1281795,3022,medium,wood,no,yes,yes,15,42,2,yes,4536
86,1346595,5569,medium,steel,yes,no,yes,15,56,1,no,4189
92,1257778,2404,low,wood,no,no,no,3,71,2,no,4052
14,188509,5243,low,wood,yes,yes,yes,24,23,1,yes,2939
79,530134,2044,medium,concrete,no,no,yes,4,72,1,no,3380
56,1123471,5071,high,concrete,yes,no,yes,9,38,1,yes,4054
24,1048120,2756,medium,concrete,no,no,no,4,32,2,yes,3024
98,1388775,2378,medium,steel,yes,yes,yes,8,34,2,no,4811
49,500114,3138,medium,wood,yes,no,yes,17,77,1,no,3478
43,216862,3894,medium,concrete,yes,yes,no,22,62,2,yes,2488
3,136819,5738,high,steel,no,no,no,22,49,3,yes,3149
23,693216,3196,high,concrete,no,no,no,5,38,2,yes,2954
20,869789,5936,high,wood,no,yes,yes,13,66,2,yes,4391
15,365611,2328,low,wood,no,yes,yes,19,74,1,yes,2885
43,259896,4268,medium,wood,no,yes,yes,22,45,3,no,4062
80,404276,2880,low,brick,no,no,yes,28,66,3,no,3640
71,1254450,2174,medium,wood,yes,yes,yes,15,55,1,yes,4032
33,1421651,3201,high,wood,yes,no,yes,2,70,2,yes,4668
55,723925,1562,medium,concrete,no,yes,yes,24,58,2,no,3924
83,382912,1929,high,brick,yes,yes,yes,0,35,1,yes,3413
82,842918,4124,medium,concrete,no,no,yes,5,70,0,no,3222
41,662024,4802,medium,steel,no,no,yes,0,27,1,no,3477
18,831802,1848,high,steel,no,yes,yes,5,62,3,no,3628
3,1200544,2153,medium,brick,no,no,yes,20,77,2,no,4034
3,1137201,659,high,wood,yes,yes,yes,26,65,0,yes,3790
16,453954,3813,high,brick,yes,yes,no,4,43,3,no,2800
43,1262576,717,medium,wood,no,yes,yes,26,41,2,yes,4469
23,797638,885,high,steel,yes,yes,no,25,44,3,yes,3366
87,884763,2292,low,steel,yes,yes,yes,11,65,1,no,3300
15,1348266,618,low,brick,yes,yes,no,5,53,2,no,2884
73,901580,1605,medium,concrete,no,yes,no,7,43,3,yes,3382
58,192106,4293,high,steel,no,no,no,24,60,3,yes,3260
40,1068834,5709,low,brick,yes,no,yes,18,71,3,yes,4127
38,1195884,4811,low,brick,yes,no,no,4,44,0,no,2232
82,843739,3936,high,steel,no,yes,no,29,79,2,yes,3782
6,1054971,720,low,wood,no,yes,no,14,41,1,yes,2328
46,1292347,3269,low,concrete,no,no,no,13,58,1,no,3315
6,635100,3133,medium,concrete,no,yes,yes,15,64,1,yes,3056
85,1063009,5366,medium,wood,yes,no,no,5,67,3,no,4497
94,967192,4790,high,steel,no,yes,yes,28,60,3,yes,5274
92,924941,4070,high,steel,no,no,yes,16,79,1,yes,4545
20,1377327,3193,low,wood,no,yes,no,16,64,3,yes,4232
19,1027175,5520,medium,steel,no,yes,yes,15,55,0,yes,3530
14,1087260,5310,high,concrete,no,yes,no,0,38,2,yes,3635
65,220522,5005,low,brick,yes,no,yes,17,36,2,yes,3340
91,291404,5936,medium,concrete,no,no,yes,3,42,0,yes,2837
96,1115566,5372,high,concrete,no,yes,yes,21,79,2,yes,4995
29,1232803,4863,medium,concrete,no,yes,no,2,22,0,no,2945
31,149686,3179,low,steel,yes,yes,yes,24,66,0,yes,1990
25,710575,1732,low,wood,yes,no,yes,2,59,0,no,2630
71,1465847,798,low,steel,no,no,yes,12,55,0,no,3596
46,1119444,1001,medium,wood,yes,yes,no,19,50,1,yes,3313
52,624041,4879,high,brick,no,yes,no,3,23,0,yes,2647
16,1173553,4401,high,brick,yes,no,no,10,41,0,no,2767
11,578260,616,low,concrete,no,no,yes,20,63,3,no,3127
18,473007,5249,low,wood,no,yes,no,4,71,3,yes,2977
56,1149471,3614,low,concrete,no,yes,yes,1,78,1,yes,3420
56,564829,1644,low,steel,yes,yes,yes,5,65,0,no,2619
57,1054035,1774,medium,wood,no,no,yes,24,72,0,no,3980
69,522258,5830,low,concrete,no,yes,no,4,34,1,no,2497
66,1200487,2439,low,steel,yes,yes,yes,0,29,0,no,3006
74,216927,1938,high,brick,yes,no,no,24,44,2,no,2586
90,840374,1239,medium,concrete,no,yes,no,22,69,0,yes,3021
88,1406509,1057,low,wood,no,yes,yes,22,32,1,no,4892
90,1166319,1605,medium,wood,yes,yes,yes,10,44,0,no,4047
16,770949,1675,low,steel,yes,no,yes,5,73,0,no,2383
89,1167495,1405,medium,concrete,yes,yes,yes,16,57,1,no,4024
6,1238674,5080,low,brick,yes,no,yes,10,49,1,no,3190
52,311677,5282,low,concrete,yes,yes,no,6,38,2,no,2482
55,813891,1462,medium,concrete,yes,yes,no,15,29,2,no,3104
76,904199,4483,low,wood,no,yes,no,19,22,2,yes,3622
73,144200,3759,low,steel,no,no,yes,4,50,2,no,2757
49,1025184,2054,medium,wood,no,no,yes,6,73,1,no,4333
72,934384,3228,high,brick,yes,no,yes,2,24,2,no,4140
56,1445883,1793,high,concrete,no,yes,no,1,34,2,yes,4031
95,547229,5361,low,brick,yes,yes,yes,26,54,1,yes,3244
41,1446771,3464,medium,steel,no,yes,no,0,44,0,yes,2455
96,819529,2753,high,steel,no,no,no,7,44,0,no,2896
71,544276,926,medium,concrete,yes,yes,yes,23,55,0,yes,3130
96,651488,2493,high,steel,no,no,no,6,47,0,yes,2766
56,438449,4960,low,brick,no,no,yes,9,26,3,no,3292
89,791289,921,medium,concrete,no,no,yes,13,29,0,no,3398
97,640690,2963,low,steel,no,no,no,8,38,3,no,3224
63,1173772,4803,low,brick,yes,yes,yes,25,46,1,yes,3983
28,140454,2428,low,concrete,yes,yes,yes,10,44,2,yes,2410
75,368095,4180,medium,steel,no,yes,yes,0,76,2,yes,3695
31,1340603,3188,high,wood,yes,no,yes,18,49,3,no,5311
55,1062395,3641,low,concrete,yes,no,yes,20,55,2,no,3615
52,1174665,2150,medium,concrete,yes,yes,yes,13,29,0,no,3747
74,905200,837,high,wood,no,yes,yes,17,64,1,no,4748
66,462781,1632,low,steel,no,yes,no,22,40,0,no,2033
46,1396980,2983,high,concrete,yes,no,yes,11,34,3,yes,4996
4,588739,3993,high,brick,no,yes,yes,21,47,1,no,3776
22,1000979,2648,medium,steel,no,no,no,27,60,1,yes,3112
45,322485,720,medium,concrete,yes,yes,no,26,72,3,yes,2822
28,1295597,3680,medium,brick,no,no,yes,9,27,0,no,3498
10,361530,5008,high,wood,yes,yes,yes,17,34,1,no,3231
66,340849,783,high,brick,yes,yes,yes,23,70,3,yes,4171
49,911645,4331,medium,steel,no,yes,no,2,73,0,yes,2636
95,1475241,5957,high,wood,no,no,yes,3,78,2,yes,5451
87,920463,5584,high,brick,no,yes,yes,29,76,3,no,4934
80,1211829,2393,high,steel,no,no,no,20,44,3,yes,4141
73,952886,5464,medium,wood,no,yes,no,21,57,1,no,3639
51,356815,929,low,steel,yes,no,no,27,79,1,no,2027
43,968349,3118,low,concrete,yes,yes,yes,8,64,2,no,3533
6,834130,5517,medium,steel,yes,yes,yes,11,38,3,yes,3968
25,131191,1642,high,brick,yes,yes,yes,8,22,3,yes,3388
4,1484288,5737,medium,steel,no,yes,no,8,64,2,yes,3722
76,700759,1903,low,steel,no,yes,yes,15,72,1,yes,3311
24,923524,4822,medium,wood,no,yes,yes,23,34,2,yes,4344
56,1416678,5716,low,steel,no,yes,yes,4,49,2,yes,4192
91,549738,1952,low,steel,yes,no,no,4,76,1,no,1960
55,159051,3347,medium,concrete,no,no,yes,13,35,3,yes,3727
54,718064,4711,medium,concrete,no,no,no,19,69,0,yes,2499
3,1103568,3300,low,wood,no,yes,no,13,35,1,no,2741
76,825718,605,high,wood,no,no,no,14,28,1,yes,3565
47,750334,4358,high,brick,yes,no,no,15,58,0,yes,3021
30,1453845,2662,low,wood,no,no,no,6,62,2,yes,3400
76,194817,2263,high,steel,yes,no,no,10,64,1,yes,2481
41,1198825,2169,low,concrete,no,yes,yes,3,39,2,no,3620
55,243396,985,low,wood,yes,no,no,4,62,3,yes,2523
59,538458,5457,low,brick,yes,no,no,13,30,2,no,2717
40,159850,3521,medium,steel,no,yes,yes,8,59,0,no,2147
45,1421950,2885,medium,brick,no,no,no,22,41,1,no,3765
22,453033,3573,medium,brick,yes,yes,yes,8,42,3,yes,3336
15,509322,4490,low,brick,no,no,no,23,59,0,no,1875
92,180741,1866,medium,brick,yes,yes,yes,10,57,0,yes,2906
17,158676,814,high,steel,yes,yes,yes,27,46,3,yes,3661
59,1379401,4426,high,steel,yes,no,no,18,64,0,yes,3334
25,406567,3594,medium,brick,no,yes,yes,18,23,1,yes,2627
43,1432554,2437,medium,steel,yes,yes,yes,11,65,3,no,4471
64,1135091,4223,low,wood,no,yes,yes,14,51,1,yes,4090
51,759863,3391,medium,steel,yes,no,no,1,29,0,no,2035
61,1129114,744,medium,steel,no,yes,no,11,46,1,yes,3134
45,218854,5812,medium,brick,yes,no,yes,2,51,3,yes,3394
3,253019,3132,low,steel,no,no,no,29,51,1,no,1766
36,1355572,1436,high,wood,yes,yes,yes,25,34,3,no,5246
95,689675,5200,low,steel,no,yes,no,14,52,2,no,3397
79,1166420,4268,medium,wood,yes,no,yes,13,53,2,yes,5042
64,589099,1945,medium,steel,no,no,yes,18,57,0,no,2977
28,338948,2381,high,concrete,no,yes,no,2,62,0,yes,2182
95,635436,4590,medium,steel,yes,no,yes,14,50,2,yes,3871
45,1385662,5794,low,wood,no,no,yes,10,69,2,yes,4354
84,1269562,5158,low,wood,no,yes,yes,21,55,2,yes,4999
21,375152,2798,low,wood,yes,no,yes,8,40,1,no,2530
27,476434,3806,low,brick,no,no,no,27,47,2,no,2228
83,742098,3586,medium,wood,no,yes,no,28,26,0,yes,3308
76,264935,1813,low,steel,no,no,no,6,41,2,no,2193
35,685626,3705,medium,concrete,no,yes,yes,6,35,3,no,3831
48,618904,4029,low,wood,yes,yes,yes,6,64,2,no,3524
97,165341,968,high,brick,no,yes,yes,16,50,2,no,3938
23,111065,771,high,steel,no,yes,no,3,24,0,yes,1303
64,1102565,3741,low,wood,yes,yes,yes,24,41,0,yes,3711
13,1213583,1319,high,brick,yes,yes,yes,3,46,3,no,3773
30,289602,3086,high,brick,no,no,yes,6,62,0,yes,2803
74,152510,5839,high,brick,no,yes,no,1,26,0,no,2481
20,951177,5378,high,wood,yes,no,no,21,76,3,yes,4046
6,574841,4806,medium,wood,no,no,no,4,77,2,yes,2763
95,728649,3927,low,wood,yes,no,yes,9,50,0,yes,3198
19,515063,2045,high,concrete,no,yes,yes,17,71,2,no,3829
67,116242,755,medium,concrete,yes,yes,no,27,62,2,no,2672
74,239969,3856,high,steel,yes,yes,yes,26,62,1,yes,3667
10,513480,5408,medium,steel,yes,no,no,13,23,0,yes,2006
56,849824,4273,low,brick,no,yes,no,2,27,0,yes,2245
21,545257,2481,medium,concrete,yes,no,no,2,57,1,no,2382
56,404633,2126,low,wood,no,yes,yes,18,22,2,yes,3739
57,1483894,3996,medium,steel,yes,no,no,29,52,3,yes,4175
2,238528,4630,medium,wood,no,yes,no,20,48,0,yes,1813
39,440587,4048,high,wood,no,no,yes,25,66,2,no,3779
61,573636,2417,high,concrete,no,yes,no,24,58,3,no,3630
45,554523,1102,medium,steel,no,yes,no,12,67,3,no,3121
94,1447064,2498,medium,brick,no,yes,yes,6,67,1,yes,4554
28,1112819,1056,medium,steel,no,yes,yes,5,40,0,yes,3075
18,1351053,3054,low,steel,yes,no,no,19,22,2,no,2818
14,241870,5387,medium,steel,no,yes,no,12,52,2,yes,2083
55,1029729,5714,low,concrete,no,no,yes,4,39,1,no,3462
59,165880,5824,low,steel,yes,no,no,5,28,2,yes,2133
19,988963,2208,low,brick,yes,no,yes,11,70,3,no,3034
41,1117042,4129,low,steel,no,yes,yes,7,53,1,yes,3409
12,530156,1565,low,wood,yes,yes,no,24,56,1,no,2447
20,1064534,856,low,brick,yes,yes,no,17,53,3,no,2951
34,1485611,1757,low,steel,yes,yes,yes,23,22,1,yes,3690
36,144159,1551,medium,concrete,no,yes,no,14,54,0,yes,1723
21,1000161,2371,low,concrete,yes,no,no,7,33,1,no,2289
56,252484,5082,medium,concrete,no,yes,yes,12,66,0,yes,2649
83,1354129,1220,medium,wood,yes,yes,no,6,45,2,yes,4266
41,591158,5121,low,wood,no,yes,yes,15,75,3,yes,4162
41,243426,3808,medium,concrete,yes,no,no,19,25,0,yes,1854
43,1333367,1448,medium,wood,no,yes,no,27,36,2,no,4122
99,1128246,4242,low,steel,no,no,yes,24,53,1,no,4066
72,1357475,4989,medium,steel,yes,yes,yes,22,45,0,yes,4301
86,692913,3713,medium,concrete,yes,no,no,4,44,0,yes,2690
38,1093803,2383,high,brick,no,yes,no,19,46,0,yes,3061
18,513951,5769,high,steel,no,no,yes,21,70,3,yes,4221
8,1131676,1381,low,brick,yes,yes,yes,14,47,1,no,3407
66,537282,4565,low,wood,yes,yes,no,21,42,1,yes,2908
20,1210338,5892,low,wood,yes,yes,yes,24,27,3,yes,4254
69,537084,888,low,steel,yes,no,yes,22,43,0,yes,2804
57,220883,2539,low,steel,yes,yes,yes,14,79,1,no,2188
94,1196208,5881,high,wood,yes,yes,yes,0,66,3,no,5153
18,1436647,3226,high,wood,yes,yes,yes,3,60,1,no,4269
60,346195,4011,medium,brick,yes,yes,yes,19,58,0,yes,2861
87,316482,922,high,steel,no,no,yes,20,32,1,yes,3826
2,545228,2973,low,concrete,yes,yes,yes,20,58,3,yes,3513
42,1079020,3380,high,concrete,no,yes,no,25,51,2,yes,3848
64,1077337,3382,medium,wood,yes,yes,yes,3,52,0,no,3765
44,220005,4862,low,concrete,yes,no,no,14,54,1,no,1961
51,785825,4040,low,wood,yes,yes,no,2,66,3,no,3063
96,632942,4780,medium,concrete,yes,yes,yes,5,33,2,no,3642
65,1362003,4810,high,wood,no,yes,no,26,48,0,no,4063
65,846195,4483,medium,wood,yes,no,yes,13,79,3,yes,4567
54,1249819,1464,low,concrete,no,yes,no,1,35,2,yes,2822
95,328266,5153,low,steel,no,yes,no,27,74,1,yes,2629
39,402655,971,high,wood,yes,yes,yes,24,79,2,yes,4023
8,1246864,5937,medium,concrete,no,yes,yes,21,22,2,yes,4288
67,864058,4954,high,steel,no,no,no,26,79,0,no,3177
76,1222294,2597,low,brick,no,no,no,20,66,0,yes,2743
98,1227744,3463,medium,wood,no,yes,no,15,71,2,yes,4048
49,194476,4920,medium,wood,no,yes,no,2,70,2,no,2899
89,349383,4529,high,brick,no,no,no,19,29,2,no,3476
36,200511,3131,low,wood,no,yes,yes,5,29,1,no,2645
7,1261538,3955,medium,brick,no,no,no,2,61,3,no,3051
15,228013,5043,high,concrete,no,yes,yes,25,50,1,no,3325
85,1073147,5394,low,brick,no,no,yes,22,47,1,yes,4080
25,544461,1997,low,steel,yes,no,yes,14,47,0,yes,2098
57,1446004,1012,low,concrete,no,yes,yes,4,70,0,yes,3144
38,996381,5701,high,brick,yes,yes,yes,25,41,3,no,5015
37,1052941,2041,low,steel,yes,no,no,0,65,0,yes,1936
16,580626,3480,high,brick,yes,yes,no,24,64,0,yes,2168
1,343146,4977,low,steel,no,yes,no,24,70,2,yes,2320
47,268939,1866,high,brick,no,yes,no,16,73,0,yes,1969
52,456282,5358,high,wood,yes,yes,yes,19,28,3,no,4529
37,461592,4894,medium,steel,no,yes,yes,11,53,3,no,3803
45,365152,3437,high,wood,no,no,yes,19,63,0,no,3570
14,1184973,2054,medium,wood,yes,no,no,9,76,2,yes,3330
57,1171484,4922,low,steel,yes,yes,no,23,70,3,no,3532
34,615459,1606,low,wood,yes,no,yes,1,79,2,yes,3087
66,1196245,1819,high,concrete,yes,yes,yes,22,39,1,yes,4524
31,895651,5428,low,brick,yes,yes,no,7,43,2,yes,2485
83,898710,3516,low,steel,no,no,yes,18,50,2,no,3900
83,921136,827,high,concrete,yes,no,yes,28,53,0,no,3467
44,629135,2985,low,steel,no,no,no,15,75,2,no,2972
23,920815,5305,low,brick,yes,no,yes,25,70,1,no,3214
94,1498745,2150,low,steel,no,no,yes,18,41,2,yes,4650
81,557929,3657,medium,brick,yes,yes,yes,8,52,1,yes,3645
66,620447,2517,low,concrete,no,no,yes,7,64,0,yes,2610
11,1298152,713,high,steel,no,no,yes,16,62,3,yes,4302
49,748118,2751,high,brick,yes,no,yes,14,29,2,no,3984
78,1339258,1027,low,wood,yes,no,yes,1,64,1,no,3985
58,848312,5198,high,wood,yes,no,no,3,57,1,no,3786
29,215791,3978,high,concrete,yes,yes,no,26,72,0,yes,2187
83,1073007,1816,high,concrete,yes,yes,no,5,29,2,yes,3748
92,595707,2544,high,concrete,yes,no,no,14,30,0,yes,2801
51,250035,1556,low,wood,yes,yes,no,12,35,3,no,2551
1,1167090,744,high,brick,no,yes,no,2,67,3,no,3107
5,508649,1208,medium,concrete,no,yes,yes,19,54,1,yes,2996
34,227385,2705,medium,brick,no,yes,no,15,79,0,yes,1617
78,1077025,5373,medium,brick,no,no,yes,13,36,1,yes,4229
19,678306,4818,low,concrete,yes,no,no,3,51,2,no,2227
88,1234438,2882,high,concrete,yes,yes,yes,9,51,1,no,4300
40,508129,3138,low,wood,no,yes,yes,22,61,3,no,3900
81,279214,2553,high,concrete,no,yes,no,22,52,2,yes,3090
66,112497,2426,high,wood,no,no,no,22,26,1,yes,3123
95,669478,4627,high,wood,no,yes,yes,3,40,0,no,3984
81,990239,2942,high,brick,yes,no,yes,11,69,0,yes,3750
64,459898,1099,high,wood,yes,no,no,4,63,1,no,3173
72,1226993,3333,low,brick,yes,yes,no,3,32,1,yes,2924
17,218342,5837,low,wood,yes,no,yes,29,58,3,no,3534
38,1326109,5039,medium,concrete,no,no,no,8,31,3,no,3781
90,309339,5477,low,steel,no,yes,no,19,69,0,yes,2115
43,323915,646,medium,brick,no,yes,yes,0,57,0,yes,2182
40,880410,5309,medium,concrete,no,yes,yes,15,54,1,yes,3725
45,1150561,5480,high,brick,no,no,no,7,45,3,no,3717
40,1442673,5843,low,wood,no,yes,no,12,36,1,yes,3669
71,618637,1787,low,brick,yes,no,no,21,50,3,no,3352
88,1017055,4865,high,steel,no,no,no,17,60,0,yes,3681
94,440357,1193,high,concrete,yes,yes,no,0,48,2,no,2733
90,224990,2270,medium,brick,no,no,no,25,41,3,no,3696
30,226845,3470,low,steel,yes,no,yes,29,57,3,yes,3330
35,654962,1111,low,concrete,no,no,no,29,35,2,yes,2454
66,954535,5877,medium,steel,yes,no,yes,6,58,3,yes,3974
44,1152916,5922,medium,brick,yes,no,no,13,70,2,yes,3269
4,483140,1743,medium,steel,yes,no,yes,7,57,2,no,2818
64,894585,2676,high,wood,yes,no,yes,15,58,0,yes,4067
5,773655,3610,medium,brick,no,no,no,13,45,1,yes,2338
48,969062,2809,medium,concrete,yes,yes,no,9,70,2,yes,2943
66,218778,4345,high,wood,no,yes,no,8,64,3,no,3704
95,744219,3638,medium,brick,no,yes,yes,26,57,3,yes,4489
27,658646,1158,medium,wood,no,no,no,19,79,3,no,3495
24,850499,2359,low,steel,yes,yes,yes,6,79,0,no,2608
56,1049437,4305,medium,concrete,no,yes,yes,4,50,3,no,4311
45,653614,5864,medium,wood,no,no,yes,13,36,2,no,4429
68,1408469,3825,high,steel,no,yes,yes,17,60,1,no,4628
28,1264604,2004,medium,steel,no,yes,no,18,26,0,yes,2615
5,460032,3297,low,concrete,no,yes,yes,7,67,1,yes,2806
91,1001941,2416,low,brick,no,no,yes,9,54,1,no,3780
47,880484,5867,high,concrete,no,no,no,10,60,0,yes,2968
5,1229680,3903,low,concrete,no,no,yes,4,66,1,yes,3185
5,1324818,2760,high,steel,yes,no,no,14,66,1,yes,2952
48,454187,4530,low,concrete,yes,no,yes,2,22,2,no,2910
73,1401373,1250,low,concrete,yes,no,yes,23,68,3,yes,4366
47,1274009,5961,medium,brick,yes,no,yes,22,55,3,yes,4925
62,976874,5097,high,concrete,no,no,no,6,61,3,yes,4053
27,1336171,3935,medium,concrete,yes,yes,no,6,78,3,yes,3580
4,1336823,4454,high,steel,yes,yes,no,20,29,1,yes,3195
49,846138,2212,medium,brick,no,yes,no,19,45,3,no,3507
88,971738,4667,low,concrete,no,yes,no,21,67,1,no,2906
91,876456,5076,medium,brick,yes,yes,yes,5,75,1,yes,3855
65,1188800,2725,low,brick,yes,yes,yes,21,44,2,no,3862
96,1431781,2630,high,steel,yes,no,no,26,57,1,no,3989
80,633170,3887,high,concrete,yes,yes,yes,23,34,1,no,4281
87,442496,5326,low,wood,yes,no,no,5,58,2,yes,3114
92,414373,2876,medium,brick,no,yes,yes,9,67,2,no,3446
61,1391404,5871,low,steel,yes,yes,yes,19,39,0,yes,3869
20,1134444,4486,medium,brick,yes,no,no,25,31,0,yes,2340
81,1326420,4599,low,wood,yes,yes,yes,25,25,1,no,4307
8,154830,4353,low,wood,no,yes,no,11,28,2,yes,2331
82,643623,1719,high,concrete,yes,no,yes,3,57,0,yes,3228
13,1484071,3132,medium,steel,yes,no,no,4,43,0,yes,2475
73,912264,1276,medium,wood,yes,no,yes,22,64,2,no,4442
37,154985,3654,low,brick,yes,no,no,15,64,1,yes,1552
94,566975,1863,medium,wood,no,yes,yes,26,33,1,no,4189
43,509364,4594,low,brick,yes,no,yes,12,45,2,no,3158
92,356602,3944,low,steel,yes,yes,yes,0,68,3,no,3674
56,714232,3717,medium,concrete,yes,yes,no,0,58,1,yes,2559
50,443337,3238,medium,wood,yes,no,no,15,29,2,yes,2997
82,1445570,3660,low,steel,no,no,yes,20,41,1,yes,4318
20,497185,5369,medium,steel,no,no,yes,4,64,3,no,3185
48,1317755,2906,medium,wood,yes,no,yes,26,39,0,no,4444
19,253193,4335,medium,steel,no,yes,yes,27,46,3,no,3636
69,1007239,1681,medium,concrete,no,yes,no,16,71,2,yes,4071
98,184299,1827,high,concrete,yes,yes,no,22,44,1,no,2848
17,418459,2080,high,wood,yes,no,yes,6,59,1,no,3312
28,277203,2501,low,wood,yes,no,yes,3,39,2,yes,2564
36,862709,3601,low,steel,yes,yes,yes,1,72,1,yes,2698
38,335699,1021,high,steel,yes,yes,no,1,67,0,no,1805
94,819541,3720,low,steel,yes,no,no,3,32,1,no,2524
82,1117635,2434,high,wood,no,yes,no,1,60,0,yes,3918
70,382790,3090,low,wood,no,no,yes,0,35,1,yes,3197
26,295834,5930,medium,brick,yes,no,yes,16,69,0,no,2504
79,1104817,4716,medium,steel,no,no,yes,7,43,0,yes,3851
1,620218,996,high,wood,no,no,no,17,66,1,yes,2815
81,1094018,1712,high,brick,no,yes,no,8,59,1,yes,3608
95,413695,3575,high,concrete,yes,no,no,1,76,3,no,3117
2,704354,2412,high,brick,no,yes,no,26,36,2,no,3380
36,975148,3126,medium,concrete,no,yes,no,26,26,0,yes,2837
56,912304,3807,medium,wood,no,yes,no,3,70,3,no,3939
35,1247196,606,high,steel,yes,yes,no,22,26,2,no,3484
27,285745,5435,high,concrete,no,yes,no,6,78,1,no,2605
67,1360274,698,low,steel,no,no,yes,25,71,2,no,3995
56,357552,2090,medium,steel,yes,yes,yes,10,63,0,yes,2461
46,1125071,3346,medium,concrete,yes,yes,no,7,40,3,yes,3545
20,797813,4825,high,steel,yes,yes,no,2,55,3,yes,3214
8,1408568,5785,low,steel,yes,yes,no,16,74,0,yes,2300
93,1250656,4713,medium,steel,no,no,no,27,37,2,yes,4143
72,904122,5414,low,steel,no,yes,yes,3,42,0,no,3046
91,102061,3815,low,brick,no,no,yes,15,66,2,no,3062
26,142331,2915,medium,concrete,no,yes,yes,2,53,0,no,2479
74,1324931,3011,medium,steel,no,no,no,26,74,2,yes,3868
62,636369,2093,low,steel,yes,yes,no,19,75,3,yes,2704
94,1018239,1587,low,wood,yes,yes,no,21,40,1,yes,3153
33,242876,5759,medium,wood,no,no,yes,15,45,0,no,2976
61,1279163,5197,high,concrete,no,no,yes,0,56,3,yes,4902
20,771720,2651,low,steel,yes,no,yes,12,39,0,no,2524
68,332852,5155,medium,concrete,no,no,no,16,78,0,no,2680
87,951351,3634,low,wood,no,yes,no,28,35,2,no,3499
29,573645,2817,medium,wood,no,yes,yes,27,43,0,no,3154
46,150018,3456,low,wood,no,yes,yes,11,60,1,yes,2763
96,141619,4071,low,brick,no,no,yes,15,51,1,no,2835
37,1205045,1207,high,brick,no,yes,no,27,33,0,no,2932
90,519651,3195,low,wood,no,no,no,1,70,1,no,2764
53,172335,1896,low,wood,yes,no,yes,25,33,0,no,3050
5,1498420,3113,low,brick,yes,yes,yes,9,51,2,no,3802
88,1294155,2994,medium,wood,no,yes,no,27,24,3,no,4610
66,882951,3550,medium,wood,yes,no,yes,2,76,2,no,4097
15,1146135,2509,medium,brick,yes,yes,no,11,61,2,yes,2929
46,282203,3072,medium,brick,no,no,no,20,53,0,no,2145
57,408772,1469,low,brick,yes,no,yes,24,48,3,yes,3385
8,848203,3277,high,wood,yes,yes,no,5,49,2,yes,3156
37,1442741,851,low,wood,no,no,yes,4,39,3,yes,4859
57,141665,4496,low,steel,yes,no,no,23,74,1,yes,1905
14,181322,698,high,wood,no,yes,no,0,74,0,no,1875
5,546922,1912,high,wood,yes,yes,no,22,46,1,yes,3132
73,583056,5458,high,brick,yes,yes,no,15,36,2,no,3404
86,697283,5295,high,concrete,no,no,no,7,72,0,yes,3063
43,1481028,4463,high,wood,no,no,no,12,66,1,yes,4494
49,210494,5768,high,wood,no,no,no,24,69,3,yes,3840
44,1125411,1184,medium,wood,no,no,no,13,48,1,no,3248
56,1063668,5913,high,steel,no,no,no,10,36,3,no,4209
48,1082220,1639,high,brick,yes,no,no,24,51,2,no,3191
30,468165,4804,high,steel,yes,no,yes,11,32,3,yes,4278
33,617454,4782,high,steel,no,yes,no,12,66,2,yes,2894
37,153783,3014,high,concrete,no,yes,no,7,74,1,yes,2250
50,963761,1256,medium,wood,no,no,yes,9,35,2,yes,4289
7,849404,1969,medium,steel,yes,yes,yes,2,66,0,no,2057
67,822591,4117,medium,steel,yes,yes,yes,5,49,0,yes,2991
43,676345,3940,low,steel,no,no,yes,20,29,1,yes,3521
40,211261,5598,high,brick,yes,no,yes,18,32,0,yes,3128
32,408356,3177,medium,wood,yes,yes,yes,17,35,1,no,3586
55,700835,3716,high,steel,yes,no,no,17,72,3,no,3512
83,238418,1007,high,wood,no,no,no,25,68,1,yes,3531
95,1318537,2574,medium,wood,no,no,yes,25,43,1,no,5048
94,1481174,1911,medium,concrete,no,yes,yes,25,46,1,no,4631
89,410898,3678,high,brick,no,yes,yes,19,31,3,yes,4571
77,1487868,875,high,steel,yes,no,yes,24,57,2,no,4954
76,1327858,3537,low,steel,yes,yes,yes,17,60,0,yes,3676
9,819285,5061,medium,concrete,no,yes,no,15,45,0,no,2076
9,451470,5733,high,steel,yes,yes,no,20,27,2,no,2984
64,1425500,5623,low,brick,no,no,yes,12,54,3,yes,4216
45,1231585,3515,high,steel,no,no,yes,23,43,2,yes,4527
91,1073515,5384,medium,brick,no,no,yes,25,41,2,no,4377
61,1146716,5297,high,steel,yes,no,yes,10,32,3,yes,5172
95,1056382,3627,medium,wood,no,no,no,17,72,3,yes,5274
70,134595,1334,low,wood,yes,no,yes,15,56,2,no,3581
93,1322227,735,high,concrete,yes,no,no,13,56,1,no,3943
94,1368587,2353,medium,steel,no,no,no,6,22,3,yes,3988
38,683955,2385,low,steel,yes,yes,no,27,63,3,yes,2696
75,105036,3529,low,brick,no,no,no,5,47,2,no,2245
46,1162499,5115,medium,steel,no,yes,no,16,35,3,no,3833
70,428465,623,high,concrete,no,yes,no,28,70,0,yes,2503
64,729445,1864,medium,steel,yes,no,no,22,23,3,no,3356
95,1463808,4319,low,wood,no,yes,no,14,67,1,no,3606
35,671337,3160,medium,concrete,no,no,no,9,26,0,no,2056
12,864817,5709,low,wood,yes,no,no,24,60,0,no,2315
48,1065567,2977,low,concrete,yes,yes,yes,16,36,0,no,3153
63,1137857,4294,low,concrete,yes,no,yes,1,42,3,yes,3728
45,1253607,4142,low,concrete,yes,yes,no,22,50,2,yes,3166
6,685129,1057,high,concrete,yes,yes,yes,16,72,0,yes,2738
45,501424,3389,low,brick,no,yes,yes,12,42,3,no,3521
90,292558,4772,low,concrete,no,yes,yes,17,59,3,yes,3807
32,1253053,3733,low,wood,yes,no,yes,18,73,0,yes,3446
68,1194023,4218,medium,steel,yes,no,no,1,57,0,yes,2874
3,623974,2822,high,brick,yes,no,no,28,35,2,no,2678
2,1198643,2551,low,brick,yes,no,no,1,54,0,yes,1710
20,638452,3094,medium,brick,yes,yes,yes,17,44,2,no,3255
83,1477947,2270,low,steel,yes,yes,yes,6,29,1,no,4143
39,974554,1757,high,steel,yes,yes,yes,9,41,0,no,3562
12,263663,3584,high,brick,no,no,no,3,59,2,yes,2017
61,514703,4647,high,brick,yes,no,no,3,68,1,yes,2790
36,1397737,1123,high,concrete,yes,yes,yes,23,59,0,yes,3937
92,986485,5664,medium,concrete,no,no,no,20,68,1,yes,3672
9,1074086,4124,high,steel,yes,no,no,0,22,0,yes,2258
44,672739,2577,medium,concrete,yes,yes,yes,1,63,0,yes,3223
75,1163959,1498,medium,wood,no,no,yes,9,25,3,yes,4800
53,781768,699,high,wood,no,yes,no,14,35,1,yes,3416
30,817550,4226,medium,concrete,yes,no,yes,29,43,3,yes,4547
66,669101,3423,medium,concrete,yes,yes,no,11,33,1,no,2606
38,1045456,2276,high,brick,no,no,no,2,46,2,no,3230
38,675806,4879,low,concrete,no,no,no,29,73,0,yes,2497
33,510668,1770,low,wood,no,yes,yes,3,69,1,no,2897
71,725001,4974,medium,steel,yes,yes,yes,8,78,2,yes,3785
85,1319321,2946,high,steel,yes,no,yes,13,73,3,yes,4773
55,220919,2927,high,brick,no,no,no,9,28,0,no,1994
76,538231,5082,high,steel,no,yes,yes,9,28,0,no,3535
85,1388646,824,low,concrete,no,no,yes,4,77,3,no,4317
23,1480893,5093,medium,brick,yes,no,yes,10,60,3,no,4219
70,641040,4650,high,concrete,no,yes,no,28,27,1,yes,3287
14,1096551,2040,medium,steel,yes,yes,no,26,40,3,yes,3299
96,416422,5550,high,concrete,yes,no,yes,13,68,3,no,4361
49,596294,754,high,brick,no,yes,yes,5,79,3,no,3964
45,954401,5347,high,brick,yes,yes,no,10,44,1,yes,3244
77,973130,1669,medium,wood,yes,yes,yes,29,75,3,no,4679
27,591915,5406,low,steel,yes,no,no,10,31,1,no,1848
75,1427643,4923,low,concrete,no,no,no,2,65,0,yes,2743
96,987403,901,medium,wood,no,no,yes,12,29,3,no,4795
67,183090,5801,high,wood,no,yes,yes,17,57,1,yes,3784
49,1215419,3815,low,steel,yes,yes,yes,17,28,1,yes,3279
2,642169,3217,low,concrete,yes,yes,no,5,76,2,yes,2348
94,430437,1026,medium,steel,no,no,no,12,24,1,no,2696
60,913914,5170,medium,concrete,no,yes,yes,5,29,2,no,3825
66,1190420,5862,medium,wood,yes,yes,no,11,34,1,yes,3594
59,1317416,2037,high,wood,yes,yes,yes,6,52,1,no,4472
93,864840,1667,high,wood,yes,no,no,13,34,2,yes,3953
60,243409,5600,medium,concrete,no,yes,yes,8,47,0,no,2646
22,160937,3507,medium,brick,no,no,yes,2,69,0,no,2408
89,1003113,5801,low,steel,no,no,no,14,69,0,yes,2876
46,1158997,3042,low,concrete,yes,yes,yes,6,23,2,yes,3561
53,870569,4541,medium,steel,no,no,yes,6,24,3,yes,4470
19,1446463,4973,medium,steel,yes,no,yes,23,36,1,yes,4452
49,505738,2539,medium,wood,no,no,yes,20,70,2,no,3990
80,901589,3572,low,steel,yes,no,no,18,23,3,yes,3458
17,1287141,5553,low,brick,yes,no,yes,26,38,3,no,3869
27,388210,4630,high,concrete,yes,no,no,26,59,0,no,2343
19,320606,4387,low,brick,yes,no,yes,28,32,3,no,3427
30,941448,1337,low,brick,yes,yes,yes,1,26,2,yes,2656
78,383370,2695,medium,wood,no,no,yes,19,27,2,no,3766
46,1323201,1340,medium,concrete,no,yes,yes,27,24,0,no,4261
64,1210058,2483,high,concrete,no,no,yes,23,44,1,no,4268
32,1280804,1544,medium,brick,no,no,no,13,53,1,no,3154
53,668689,4381,medium,concrete,no,yes,yes,4,25,0,no,3101
23,374485,2327,low,steel,yes,yes,no,0,68,1,no,1597
36,1132845,1935,medium,concrete,no,no,yes,11,50,3,no,4374
10,966185,3229,low,concrete,no,yes,no,11,38,0,no,2189
59,1036496,4602,low,steel,yes,no,no,18,52,3,no,3400
29,989610,5680,medium,steel,no,no,yes,20,56,3,no,4279
11,1361705,2156,medium,steel,no,no,yes,29,69,1,no,3728
38,1476788,4230,low,steel,yes,yes,yes,21,42,0,no,3336
79,1217485,4928,high,concrete,yes,no,yes,1,44,2,no,4415
32,1155251,5440,medium,wood,yes,no,no,28,69,2,no,3769
91,806836,5480,low,wood,no,yes,yes,23,52,2,no,4562
52,1179225,5460,low,steel,no,no,yes,12,78,0,yes,3436
1,962264,1310,medium,concrete,yes,no,no,11,74,3,no,2635
14,358616,2417,low,concrete,no,yes,no,22,22,3,no,2287
3,186084,1633,medium,concrete,no,yes,no,22,74,2,yes,2232
30,510775,1960,high,concrete,no,no,no,26,32,3,yes,3020
31,608623,3290,high,concrete,yes,yes,yes,6,22,2,no,3529
1,538459,3986,low,wood,no,no,no,20,28,1,yes,2282
46,1240374,2727,medium,brick,yes,yes,no,1,62,2,no,3156
14,864974,2695,medium,brick,no,yes,no,7,34,0,yes,2333
36,934469,690,high,brick,no,no,no,18,75,3,yes,3582
46,1348755,2268,high,steel,yes,no,no,18,41,0,yes,3179
55,1072495,5391,medium,steel,yes,yes,no,17,27,2,yes,3216
36,648338,4605,low,wood,yes,no,yes,1,51,1,yes,3110
43,658828,4649,medium,wood,yes,no,no,29,70,2,no,3089
43,198311,2723,low,concrete,no,yes,yes,1,73,3,yes,2866
15,843525,3756,low,wood,no,yes,yes,12,27,0,no,3012
38,1062719,862,medium,steel,no,no,no,5,55,2,no,3087
89,766069,5096,medium,wood,no,yes,no,7,56,1,no,3717
44,906916,1857,high,concrete,yes,yes,yes,18,41,2,no,3813
55,823783,5696,high,concrete,yes,no,no,5,59,0,yes,2745
55,1207922,815,high,concrete,no,no,yes,18,51,3,no,5070
78,742731,1797,low,steel,no,no,yes,8,72,0,yes,2873
88,1236451,1502,high,brick,yes,no,no,14,54,1,no,3779
58,639578,2152,medium,brick,no,yes,yes,16,75,1,yes,3331
57,1106217,3534,low,steel,no,no,yes,22,45,1,yes,3706
56,1243087,2432,high,concrete,yes,yes,no,7,52,3,no,3725
2,897659,2967,medium,concrete,yes,no,no,8,37,0,no,2151
34,881982,2474,medium,steel,yes,yes,no,29,61,3,yes,3466
49,1062831,2692,high,brick,yes,yes,no,4,37,2,no,3031
64,546974,4036,medium,concrete,no,no,no,5,48,1,no,2699
87,790454,5573,medium,concrete,no,yes,yes,20,57,3,yes,4643
8,565756,1503,medium,brick,no,yes,no,25,43,1,no,2336
69,171188,5828,high,steel,no,no,no,20,36,2,no,2662
58,942625,5042,medium,wood,no,no,no,26,67,2,no,3934
93,178543,5857,low,concrete,no,no,yes,10,22,3,yes,3239
43,1343258,5657,medium,brick,yes,yes,yes,6,75,1,no,4035
62,1064296,3459,medium,steel,yes,yes,no,29,49,3,no,4139
52,1197089,2974,high,brick,no,yes,yes,27,54,3,no,5023
33,921548,1741,medium,brick,yes,yes,yes,19,57,2,yes,3988
20,1105383,1703,high,wood,yes,yes,yes,14,36,3,no,4505
80,726057,5296,high,concrete,yes,yes,yes,12,52,3,yes,4735
59,1087738,5252,high,concrete,yes,no,yes,14,78,1,no,4144
60,1155312,5451,high,concrete,yes,no,yes,13,27,1,no,4090
63,1333111,992,medium,wood,yes,yes,no,5,25,1,yes,3816
56,107956,3959,medium,brick,yes,no,no,3,79,2,yes,2461
37,451375,2412,high,steel,yes,no,no,28,41,1,no,2713
60,875417,4020,high,brick,yes,no,yes,17,25,2,yes,4081
88,756554,5328,high,concrete,yes,yes,no,17,31,3,yes,3908
51,835365,5675,high,wood,yes,yes,no,27,28,0,yes,3189
29,1264363,5230,medium,brick,yes,yes,no,28,48,3,no,3653
99,1356047,4383,low,wood,no,no,no,3,78,2,yes,3902
9,1280409,1125,medium,steel,no,no,no,26,27,2,no,3658
86,1228913,3118,high,steel,no,yes,yes,20,76,3,no,5160
84,402529,4658,high,concrete,yes,no,no,0,52,0,no,2419
40,108287,5452,high,wood,yes,yes,no,2,57,3,no,2814
68,1095248,890,high,concrete,no,yes,yes,4,48,0,yes,3966
43,815504,4303,low,wood,no,no,yes,23,34,1,no,3516
76,475059,4205,high,wood,no,no,yes,19,32,0,no,4313
23,262595,2310,low,steel,no,no,no,5,74,3,no,2359
8,961733,3767,medium,brick,yes,yes,no,27,30,2,yes,3020
74,915415,1092,low,brick,no,no,no,3,29,1,yes,2632
64,1130417,2038,medium,steel,yes,no,no,4,31,1,yes,2875
23,330497,4352,low,steel,no,no,yes,11,23,0,no,2158
93,1253689,1467,high,wood,yes,no,yes,6,45,0,yes,4511
96,1227738,4415,low,brick,no,yes,yes,12,56,0,yes,3846
56,1151781,5157,high,concrete,yes,no,yes,7,55,3,no,4555
14,547018,1095,low,concrete,no,yes,no,12,71,1,yes,2346
80,830205,625,medium,brick,no,yes,no,11,32,1,yes,2834
17,553565,1365,low,brick,no,no,yes,9,73,0,yes,2210
20,1158420,3626,low,brick,no,no,yes,9,22,3,yes,3488
12,1358152,4049,medium,wood,no,yes,yes,7,26,1,yes,4100
73,138028,4030,low,steel,no,yes,yes,26,48,1,yes,3391
72,274469,3043,medium,steel,no,no,yes,28,28,1,yes,3483
41,274805,5828,low,wood,yes,no,no,27,71,1,no,2668
85,489856,4550,medium,concrete,no,yes,yes,13,58,1,yes,3534
32,180771,2502,medium,wood,no,no,yes,22,73,2,yes,3605
37,1062509,5545,high,brick,yes,yes,no,3,59,1,yes,3372
18,345425,3929,medium,steel,yes,no,no,19,22,0,no,2014
29,970447,933,medium,steel,yes,no,yes,1,53,1,no,2992
7,471298,2027,high,wood,yes,yes,no,8,38,1,yes,2556
40,233914,2065,high,steel,no,yes,no,5,39,0,no,2125
6,1045413,5950,medium,wood,no,yes,no,28,25,2,no,3632
20,1286361,2795,high,steel,yes,yes,yes,26,70,0,yes,3795
55,282524,4217,medium,wood,yes,yes,no,18,34,0,no,2323
56,1363294,1171,medium,brick,no,yes,yes,2,26,0,yes,3549
73,968864,1401,low,wood,no,no,no,28,43,3,no,4080
53,876938,1788,medium,steel,no,no,yes,12,47,1,yes,3502
73,985531,794,high,wood,yes,no,yes,26,25,1,yes,4657
72,1393084,5178,low,wood,yes,no,no,10,44,1,yes,3754
81,956927,726,low,steel,yes,yes,no,27,26,0,yes,2645
88,1079099,4920,high,brick,no,yes,no,13,30,1,yes,3855
87,306426,3434,high,wood,yes,yes,yes,16,34,3,yes,4657
33,458345,3894,low,concrete,yes,yes,yes,17,30,2,yes,3185
22,1430385,3211,high,concrete,no,no,no,4,25,1,no,3049
50,899043,5251,high,brick,yes,no,no,24,47,1,no,3166
86,304517,2221,medium,brick,no,no,no,2,35,0,no,1972
27,466332,4850,high,steel,no,no,yes,6,75,2,yes,3349
48,1277330,5299,medium,steel,no,yes,yes,5,23,2,no,4167
66,993992,4332,high,wood,yes,no,no,26,52,2,no,4274
95,1093651,3627,high,brick,no,yes,yes,2,71,1,yes,4274
13,1208602,2996,high,wood,no,no,no,26,72,2,no,4050
2,983396,3052,high,steel,no,no,no,19,47,0,no,2863
46,439605,1409,low,wood,no,yes,yes,12,23,2,yes,3495
71,951320,824,low,wood,no,no,no,10,62,1,no,2980
11,346511,4999,high,wood,yes,yes,no,26,67,2,no,3066
26,429016,3717,low,brick,yes,no,no,20,65,2,yes,2083
63,1464289,819,high,concrete,yes,yes,no,1,73,0,no,3551
49,612554,2725,high,brick,no,no,no,7,58,2,yes,2888
63,1279649,2625,medium,wood,no,yes,yes,11,23,1,no,4510
21,877786,4491,medium,steel,yes,no,no,11,61,3,yes,2726
49,918211,877,high,concrete,no,no,no,22,49,1,yes,3130
79,542087,1128,low,wood,yes,yes,yes,14,77,2,yes,3287
80,586407,5816,low,wood,no,no,no,24,44,0,yes,2817
9,1129280,1080,high,steel,no,yes,yes,7,28,0,no,3393
21,1118656,3773,low,wood,yes,no,no,11,60,1,no,2663
53,735452,3441,high,wood,yes,yes,yes,22,61,0,yes,3621
55,603890,5374,medium,concrete,yes,yes,yes,24,73,2,yes,3944
41,436905,5790,low,brick,no,no,yes,9,43,3,no,3540
6,744317,2582,low,steel,no,no,no,20,77,0,no,1888
1,944565,3376,medium,steel,no,no,yes,2,77,3,no,3315
95,595142,2314,high,steel,no,no,yes,5,57,0,no,3572
64,993725,1781,low,brick,yes,no,yes,24,22,1,no,3633
5,132388,5248,medium,brick,no,yes,yes,21,55,2,no,2896
26,486802,2697,low,concrete,no,no,yes,29,25,3,yes,3169
1,1151502,2419,medium,concrete,yes,no,no,27,62,3,no,3368
1,261049,3403,low,steel,yes,yes,yes,14,56,1,no,2339
93,957207,2713,high,brick,yes,yes,no,13,74,0,yes,3200
86,1416382,5954,low,concrete,no,no,yes,2,52,1,no,3998
38,138630,3273,medium,wood,no,yes,yes,17,54,3,yes,3857
41,701256,3586,high,brick,no,yes,no,20,26,0,yes,2971
83,175024,5976,low,wood,yes,yes,no,23,64,1,no,2575
28,1048881,1015,medium,concrete,yes,no,no,23,64,3,no,3505
5,559223,3760,medium,wood,no,no,no,16,32,3,yes,3224
21,1205755,3169,high,concrete,no,no,no,27,53,0,yes,3332
63,924051,4582,low,steel,no,no,no,13,68,1,yes,2788
86,871366,3146,high,steel,no,yes,yes,13,22,0,no,3663
84,260672,3048,medium,steel,no,yes,no,15,64,2,yes,2365
12,600695,4374,medium,brick,yes,yes,no,18,27,1,yes,2173
6,1393770,3213,low,brick,no,yes,no,26,49,0,no,2652
29,579879,2286,medium,steel,yes,no,yes,10,38,0,no,2727
61,446714,1438,high,brick,no,no,no,4,71,2,no,2638
35,627897,1531,medium,concrete,no,yes,yes,0,32,0,no,2475
75,241858,2909,low,wood,yes,yes,yes,28,62,1,yes,3049
52,1066779,5145,low,concrete,no,no,no,21,48,2,no,2976
33,1023524,5572,medium,steel,no,yes,no,19,33,1,no,3313
25,907184,2679,high,wood,yes,yes,no,24,34,1,no,3427
14,706561,4547,low,concrete,no,yes,yes,17,52,0,yes,3005
93,540401,4764,medium,wood,yes,yes,no,25,56,0,no,2944
53,1124536,682,medium,brick,yes,yes,no,13,46,1,no,3014
61,410632,1369,medium,wood,no,no,yes,4,51,3,yes,3703
13,363228,1410,high,wood,no,no,yes,4,57,0,yes,3160
15,822013,1070,high,steel,yes,no,no,21,42,1,yes,2490
55,209523,4223,high,brick,yes,yes,no,4,69,0,yes,1917
53,444821,5723,low,concrete,no,no,yes,9,76,1,yes,2912
72,717336,3845,medium,steel,yes,yes,yes,9,57,0,yes,3234
47,658375,5824,high,wood,yes,yes,no,8,49,2,no,3686
45,1116489,2795,low,concrete,yes,no,yes,13,48,3,yes,4033
97,420339,721,low,wood,yes,yes,yes,0,33,1,yes,3244
75,1132941,2490,low,wood,no,no,yes,28,31,0,yes,4146
64,931657,3154,low,concrete,no,no,no,23,47,2,no,3153
15,803369,2533,high,wood,no,yes,no,5,50,1,yes,3198
21,233418,5384,low,wood,yes,no,no,26,66,3,no,2771
36,477539,2010,high,concrete,no,no,no,24,27,3,yes,3312
70,874015,5228,high,concrete,yes,yes,no,25,46,3,yes,4017
25,981496,916,high,steel,yes,yes,no,6,29,2,yes,2847
44,430395,4844,medium,concrete,no,yes,yes,11,32,2,yes,3560
1,1239607,1104,high,steel,yes,no,no,14,38,2,yes,3361
42,539906,3425,low,concrete,yes,no,yes,15,59,3,yes,3404
59,1043420,2482,medium,steel,no,no,yes,2,68,2,yes,3639
33,762395,3142,medium,steel,no,no,no,15,34,3,no,3470
32,238884,5610,medium,wood,yes,yes,yes,7,62,1,yes,2991
66,1041920,4108,high,brick,no,yes,yes,13,36,1,yes,4327
25,1453354,1032,high,concrete,no,no,yes,25,40,1,no,4434
40,1091495,1191,medium,concrete,yes,no,yes,2,40,0,yes,3278
58,357684,3344,low,wood,no,yes,no,11,31,3,yes,3126
97,424868,1200,medium,brick,yes,no,yes,13,49,2,yes,3592
75,340421,4079,high,brick,yes,yes,no,28,58,3,yes,3910
64,1198847,4230,high,concrete,no,yes,yes,18,46,3,no,4924
19,1420329,2623,low,concrete,yes,yes,no,3,36,0,yes,2509
89,1497259,3753,low,steel,yes,no,no,11,56,2,no,3775
28,359046,3052,medium,brick,no,yes,no,2,37,0,no,1972
74,1393598,1747,high,brick,yes,no,no,21,58,0,yes,3184
95,365994,4959,medium,steel,yes,yes,yes,26,48,1,yes,3404
80,1400762,1258,low,steel,no,no,yes,22,26,3,no,4494
42,967199,1714,medium,concrete,no,yes,yes,15,45,2,no,3625
82,786348,1595,medium,brick,no,no,yes,2,23,1,yes,3690
86,656588,5873,high,wood,no,no,yes,2,61,0,no,4012
50,324942,3563,high,steel,yes,yes,yes,28,70,0,yes,2802
99,561900,960,high,brick,yes,yes,no,6,74,1,yes,2551
76,615816,4384,medium,brick,yes,yes,no,9,56,1,no,2663
92,1375711,2862,high,brick,yes,yes,yes,24,74,1,yes,4755
48,527923,2308,high,brick,no,yes,yes,15,78,1,yes,3175
57,469619,4620,low,steel,yes,no,yes,12,54,1,no,2697
9,813128,4873,high,wood,yes,no,no,18,75,2,yes,3985
30,1415843,1779,low,wood,no,no,yes,27,63,3,no,4860
18,1148260,4241,medium,steel,yes,no,yes,5,53,2,yes,3488
45,1359733,1654,medium,brick,yes,yes,yes,20,53,3,yes,4593
88,1477047,5335,high,steel,yes,yes,yes,23,37,3,no,5454
83,1064587,4498,low,steel,yes,yes,yes,8,66,1,no,3445
78,183555,2875,high,brick,no,yes,yes,23,59,2,no,3708
66,1223272,4811,low,steel,yes,yes,yes,13,66,2,no,3805
11,1182295,5154,high,steel,yes,no,no,16,65,0,no,2931
90,1197223,4195,low,brick,no,yes,yes,6,44,2,no,4162
72,826975,921,low,wood,yes,no,no,7,47,2,no,2937
67,868964,3519,medium,steel,no,no,yes,4,79,0,yes,3431
15,1132713,5915,low,concrete,no,yes,yes,19,26,3,yes,4142
40,1203793,3072,medium,brick,yes,yes,no,22,28,3,no,3504
13,249430,4537,high,concrete,no,no,no,11,55,1,no,2246
80,1014970,4878,high,steel,yes,no,yes,21,71,3,no,4975
86,885919,4508,low,wood,yes,no,no,27,31,3,yes,4124
33,1278446,5212,medium,steel,yes,yes,no,1,77,2,yes,3018
2,950331,3662,medium,brick,no,yes,yes,15,43,0,yes,2827
93,1312036,5979,high,wood,yes,yes,no,27,42,1,no,4425
34,1170421,4323,medium,steel,no,no,no,24,40,2,yes,3770
16,1466155,4996,medium,brick,yes,no,yes,29,73,2,no,4268
14,1251977,3315,high,concrete,no,no,yes,26,77,2,yes,4230
46,1482663,2903,medium,steel,yes,yes,yes,2,63,0,no,3714
50,624090,5900,high,concrete,no,no,no,14,60,1,no,2807
5,596064,3327,medium,brick,no,yes,yes,16,66,1,no,2905
43,271234,4304,low,brick,yes,yes,yes,15,46,2,yes,2555
18,889563,3028,high,concrete,no,yes,no,27,34,3,no,3798
48,701167,3979,high,wood,no,yes,yes,2,64,0,yes,3631
64,1301206,5218,high,steel,no,yes,no,14,40,1,yes,3894
26,733437,5699,low,brick,no,no,no,29,75,1,yes,2456
74,878761,1289,high,wood,yes,yes,no,0,28,1,yes,3644
70,211562,2770,low,brick,no,yes,no,11,52,3,no,2561
14,170995,5174,medium,brick,no,no,no,9,23,3,no,2662
66,924426,4692,low,brick,no,no,no,22,65,0,no,2628
61,973990,5255,high,concrete,no,no,no,26,66,3,yes,4176
91,680116,5163,low,concrete,yes,yes,yes,5,25,3,no,3879
73,1058203,3037,low,brick,yes,yes,no,27,22,2,yes,3709
77,636676,3400,low,steel,no,yes,yes,7,73,3,no,3812
21,845694,2903,low,wood,no,no,no,29,68,1,yes,2820
55,1366897,812,medium,brick,no,yes,yes,19,71,0,yes,3967
2,1033207,5594,medium,wood,yes,no,no,5,44,2,no,2820
3,1091012,1920,medium,brick,no,no,yes,18,68,2,yes,4241
13,1405326,2867,high,wood,yes,yes,yes,3,38,0,no,3997
21,185056,3187,low,steel,no,no,no,21,43,2,no,1894
33,766877,5118,medium,wood,no,no,yes,15,56,2,no,4007
20,322065,1814,high,brick,no,yes,no,4,29,0,yes,1922
18,1345404,728,high,steel,no,yes,no,15,77,2,no,3240
89,1204298,4856,low,brick,yes,yes,no,28,76,3,no,4211
38,1318250,1656,low,brick,yes,yes,yes,17,28,0,yes,3349
25,1489125,4706,low,concrete,no,yes,yes,24,22,1,no,4075
38,1053920,3154,low,wood,no,yes,no,12,46,0,yes,2657
15,1017755,3886,low,brick,yes,yes,yes,12,72,3,yes,4191
81,1088271,2377,low,steel,yes,no,no,17,45,3,yes,3332
29,593307,4467,medium,steel,no,no,yes,7,71,1,yes,2989
97,1000386,2381,medium,steel,no,no,no,28,54,3,yes,3899
64,624567,2438,low,concrete,no,yes,no,20,32,1,yes,2529
32,1005509,2024,high,brick,no,yes,no,6,53,1,no,2881
72,210770,5537,medium,steel,yes,no,yes,21,50,0,no,2935
43,552796,3040,low,concrete,yes,yes,yes,26,22,0,yes,2964
13,171847,1706,medium,steel,yes,no,yes,14,68,0,yes,2259
81,1283297,5833,high,concrete,yes,yes,no,1,29,1,yes,3540
85,1338642,3602,high,wood,yes,yes,yes,3,66,2,yes,5017
78,425902,5788,medium,brick,yes,yes,yes,15,50,2,no,3555
25,663925,4005,low,steel,no,yes,yes,11,52,0,no,2742
49,738381,1412,low,concrete,no,yes,yes,15,78,2,no,3152
88,1176483,3832,low,brick,no,no,yes,24,56,1,yes,4405
97,329399,4802,high,wood,no,no,no,22,28,1,no,3694
8,948722,3651,high,concrete,yes,no,yes,16,52,3,no,3777
28,123645,4477,high,steel,no,no,yes,28,66,3,no,3789
83,1005062,3482,high,brick,no,no,no,28,71,2,no,3688
11,1116871,959,medium,wood,yes,no,no,19,77,2,no,3334
55,255172,2797,low,wood,yes,yes,no,9,53,3,yes,2676
10,1235605,5625,low,concrete,yes,yes,yes,14,51,1,no,2946
59,900459,698,medium,wood,yes,yes,no,18,33,0,no,3134
65,625522,3303,medium,steel,yes,yes,yes,13,56,0,yes,3378
5,1209905,4342,low,concrete,yes,no,no,0,31,2,yes,2522
80,294682,1411,low,wood,yes,yes,yes,20,47,2,no,3444
84,664682,3110,medium,brick,yes,yes,no,24,26,3,yes,3548
20,1224637,2520,medium,steel,no,yes,yes,3,44,0,no,3173
92,1413011,2475,high,brick,no,no,no,1,30,3,no,4346
5,256409,5294,medium,wood,no,no,no,22,54,3,no,3428
67,452575,1840,medium,steel,no,yes,yes,27,58,2,yes,3792
30,1457174,3398,high,brick,no,no,yes,7,51,2,yes,4507
87,267832,3670,low,wood,no,no,yes,26,54,3,yes,4320
34,1497168,1284,high,steel,yes,no,no,1,23,2,yes,3592
92,964377,2839,medium,steel,yes,yes,yes,10,63,1,no,3815
1,205706,1498,medium,steel,no,no,no,26,25,3,yes,2359
27,1079737,2287,low,wood,no,yes,yes,9,47,0,yes,3346
63,1015884,5667,low,wood,no,no,yes,10,51,3,no,4742
34,921979,2431,high,steel,no,no,no,8,56,2,no,3150
95,787229,3081,low,steel,yes,no,yes,28,31,2,no,4099
32,1098149,5025,medium,steel,yes,yes,no,25,52,2,yes,3470
71,545983,3174,low,wood,no,no,yes,23,36,2,yes,4124
98,352106,5838,medium,concrete,no,yes,yes,3,42,2,no,3673
46,242509,620,low,brick,no,yes,yes,27,27,3,yes,3124
68,164308,5011,high,brick,no,no,no,28,22,2,no,3305
83,941693,3892,low,brick,no,yes,yes,3,78,1,yes,3632
57,558627,1217,medium,concrete,no,yes,yes,20,31,1,no,3711
22,245869,5440,high,wood,yes,yes,no,0,23,3,yes,2845
29,673549,1688,high,steel,no,yes,yes,22,77,3,no,4198
98,902886,748,low,steel,no,no,yes,27,30,1,no,3909
98,709935,5902,low,concrete,yes,yes,no,3,38,1,no,2774
45,187396,4977,high,brick,yes,no,no,0,37,2,no,2269
45,1093520,712,high,wood,yes,yes,yes,3,23,3,yes,4779
67,1302845,5932,medium,wood,yes,yes,no,3,37,3,no,3994
21,543086,1669,high,wood,yes,no,no,0,56,2,yes,2629
21,271576,3093,high,steel,yes,yes,no,13,78,3,yes,3065
60,517335,1693,high,brick,no,no,yes,15,49,2,no,3681
81,459078,2829,high,brick,no,yes,yes,8,72,1,yes,3822
29,223006,4571,medium,concrete,yes,no,no,23,34,1,yes,2174
33,157769,5892,high,brick,no,no,yes,29,27,1,no,3615
39,640177,1580,medium,steel,no,yes,no,24,46,0,yes,2250
62,1204970,2957,high,steel,yes,yes,no,6,60,2,yes,3555
90,184245,3880,medium,wood,yes,no,no,13,47,1,yes,2895
71,856099,5942,medium,wood,no,yes,yes,27,65,1,yes,4736
45,250274,5038,low,brick,no,no,no,4,67,2,no,2399
58,1064540,3651,medium,wood,yes,yes,no,13,75,0,no,2973
73,503742,5839,medium,wood,yes,yes,no,12,36,3,yes,4062
82,203476,4693,medium,concrete,no,yes,no,22,23,1,yes,2449
1,420632,3195,low,wood,no,no,no,1,43,0,yes,1606
11,1070146,2571,medium,wood,no,no,no,25,63,1,yes,3533
86,247384,5085,low,brick,yes,yes,no,22,49,1,no,2400
32,478611,3581,medium,brick,no,yes,yes,19,38,2,yes,3761
74,709355,4984,medium,wood,yes,yes,yes,11,44,0,no,3596
49,657961,5666,medium,concrete,no,no,no,20,36,1,yes,3060
91,1112625,5262,medium,steel,no,no,no,26,59,2,no,3832
76,1421835,3182,high,steel,no,no,no,6,77,1,yes,3644
30,1060311,4564,high,steel,no,no,no,1,55,2,no,3289
60,1122755,4684,high,concrete,no,no,yes,20,51,3,no,4762
10,201820,5460,medium,wood,no,no,no,27,22,1,yes,2394
76,734514,5251,high,steel,yes,yes,yes,17,62,2,no,4221
21,1497072,1723,low,wood,no,no,yes,9,37,1,yes,3962
91,1089031,1651,medium,wood,no,no,no,5,46,2,no,3938
6,656412,5271,high,wood,yes,no,no,25,69,3,yes,3890
38,1246762,1415,low,steel,yes,yes,no,23,67,2,yes,3036
58,174244,1578,low,concrete,yes,yes,yes,6,79,0,yes,1723
8,1165060,3458,medium,concrete,no,yes,yes,11,44,2,no,3737
70,368204,1282,medium,concrete,no,yes,yes,20,54,0,no,3072
63,1457231,4255,low,concrete,no,yes,yes,15,55,2,yes,4391
34,162571,3202,low,wood,no,yes,no,18,30,2,yes,2248
49,1028525,5959,medium,steel,no,yes,no,19,37,2,no,3331
40,100027,1380,low,concrete,yes,yes,no,17,58,2,yes,1754
86,693160,5199,high,concrete,no,no,no,21,71,0,yes,3351
29,643034,2042,high,concrete,yes,yes,yes,13,69,2,yes,3496
9,1283781,5100,low,brick,no,no,no,14,26,2,yes,3176
21,111416,3359,low,wood,no,yes,yes,7,70,2,yes,3086
32,1052647,2801,medium,concrete,yes,no,no,23,63,2,yes,3306
72,231119,2861,high,wood,no,no,no,14,33,2,yes,3491
55,139826,4233,high,wood,yes,no,yes,24,26,3,no,3882
43,1357089,3720,high,wood,no,no,yes,20,44,3,yes,5227
10,138301,3145,high,brick,yes,yes,yes,11,29,3,no,3309
49,426716,4641,high,brick,no,yes,no,25,64,3,yes,3410
87,1223073,1970,high,concrete,yes,no,yes,26,56,2,yes,4783
84,822258,2989,medium,wood,yes,no,no,21,37,1,no,3710
13,1004460,3428,low,brick,no,yes,no,17,41,3,yes,2869
86,701844,2062,high,steel,no,no,no,9,49,0,no,2929
41,1410727,1153,medium,steel,no,no,no,19,51,0,no,3295
79,301480,3172,medium,wood,no,yes,yes,13,32,2,yes,3551
31,118916,1315,low,steel,no,yes,yes,18,71,3,yes,2796
32,751663,4895,low,concrete,no,yes,yes,29,38,1,yes,3172
45,263544,5704,low,steel,yes,no,no,24,31,1,yes,2153
13,1031210,3989,low,steel,yes,no,no,15,45,3,yes,2900
25,263178,4342,low,steel,no,no,yes,21,76,0,yes,2455
85,815741,4644,medium,wood,yes,yes,no,21,52,3,no,3914
68,281418,5919,low,brick,yes,yes,no,19,32,3,no,2713
15,935684,3763,medium,steel,yes,no,yes,5,68,1,yes,3020
64,1216573,4251,high,steel,no,yes,no,12,29,1,yes,3665
85,161468,3735,high,wood,yes,yes,yes,10,52,3,no,4312
60,910648,5863,low,concrete,yes,yes,no,0,58,0,yes,2049
8,677089,3433,high,concrete,no,no,yes,8,58,0,yes,2996
95,629134,4095,medium,brick,no,no,yes,18,54,0,yes,3545
74,209572,1937,high,wood,no,yes,yes,4,30,3,no,3782
85,1498395,5688,high,brick,yes,no,no,6,67,3,yes,4596
17,300943,3021,high,steel,no,yes,yes,1,24,2,no,3168
5,1161936,4731,high,brick,no,yes,no,19,70,3,yes,4325
13,392889,3611,medium,brick,no,no,no,14,34,0,no,1877
21,1248001,3259,high,steel,no,yes,yes,28,73,0,no,3911
44,343099,1764,low,brick,yes,no,yes,5,49,1,no,2626
76,871384,5642,medium,brick,yes,no,no,0,73,1,no,2745
89,291696,3335,low,steel,no,no,yes,21,45,0,no,2668
53,1434296,5907,medium,steel,yes,no,yes,4,31,0,yes,3646
28,1142245,5413,high,steel,yes,no,yes,1,63,3,no,4459
66,1460516,5313,medium,brick,no,no,no,21,58,1,no,4215
21,428276,5318,low,steel,no,yes,no,20,36,0,no,1867
86,1351573,778,low,wood,no,no,yes,28,63,3,yes,5089
57,328902,1637,medium,brick,yes,no,no,13,49,2,yes,2356
55,170072,4434,low,steel,yes,no,yes,16,58,0,yes,1909
2,1493107,5378,low,brick,yes,yes,yes,28,22,1,yes,3368
94,361898,5405,medium,wood,no,yes,yes,29,34,2,yes,4464
65,240228,3157,high,steel,yes,yes,yes,11,25,3,no,3630
77,273669,2439,high,steel,yes,yes,no,26,77,0,yes,2502
3,459398,4168,high,concrete,yes,yes,yes,5,61,1,no,2747
59,1462658,5023,low,wood,no,yes,no,6,51,1,no,3459
84,1257885,5412,low,wood,no,yes,yes,15,73,1,no,4216
63,747394,4586,high,concrete,yes,no,no,24,24,1,no,3095
5,1364376,3776,medium,wood,yes,yes,yes,26,41,2,yes,4901
66,355256,3913,high,steel,no,yes,no,12,75,0,yes,2432
90,941373,1091,medium,concrete,yes,no,no,1,56,3,yes,3371
93,845985,5496,low,brick,no,no,yes,21,48,0,no,3509
18,1050483,4810,low,steel,yes,no,yes,21,69,0,yes,3125
9,1491651,909,high,wood,yes,yes,no,16,33,0,no,3410
22,330145,3198,medium,concrete,yes,no,yes,28,66,1,yes,2849
28,1041419,5911,medium,brick,yes,yes,no,23,72,2,yes,3262
60,475898,2301,high,concrete,yes,no,yes,4,62,3,no,3752
12,234330,1405,medium,steel,no,no,yes,1,37,3,no,2600
37,143357,4619,low,steel,yes,yes,yes,20,53,1,yes,2351
82,1472866,4807,medium,concrete,no,no,yes,19,72,2,no,5256
98,1345229,2492,low,concrete,no,no,yes,22,54,0,yes,4219
42,199180,1926,high,wood,no,yes,yes,25,37,3,yes,4046
54,1435258,2517,medium,steel,yes,no,no,23,50,1,no,3241
42,725509,3224,high,brick,yes,no,no,0,48,1,no,2997
67,224480,5821,high,concrete,no,no,no,0,52,0,yes,2073
56,1150850,5010,medium,brick,no,no,no,7,72,2,yes,3198
46,626027,2841,medium,concrete,no,yes,no,10,45,2,yes,2674
5,974018,2573,medium,steel,no,no,yes,11,52,2,yes,3520
56,873238,4640,low,concrete,no,yes,yes,29,30,1,yes,3741
23,768909,4578,high,wood,no,yes,no,3,66,1,yes,2966
62,262582,1915,low,brick,no,yes,yes,23,57,1,no,3008
13,1244544,5903,high,concrete,no,no,no,6,27,2,no,3450
59,691354,4029,high,steel,no,no,yes,24,51,1,yes,3932
88,1280203,3172,low,concrete,no,no,no,12,47,2,no,3867
28,913056,5674,high,brick,yes,yes,no,6,61,0,yes,2972
81,350583,1210,low,steel,no,no,no,29,28,1,yes,2578
6,1037921,3467,medium,concrete,yes,yes,yes,3,29,3,yes,3761
61,1482284,2089,high,wood,no,yes,yes,11,32,1,no,4567
61,145978,803,low,wood,no,no,no,20,24,3,no,3240
91,1387443,3989,medium,wood,yes,yes,no,22,25,3,yes,4762
45,211215,1999,high,steel,yes,no,yes,17,54,0,no,2751
93,787858,2867,high,concrete,no,no,yes,12,41,3,no,4689
12,230913,1972,high,steel,no,no,no,18,26,3,yes,2820
35,926885,1856,high,wood,no,no,yes,2,55,0,no,3192
62,106023,2947,medium,steel,no,no,yes,13,35,2,yes,3039
5,464134,5706,high,concrete,yes,no,no,15,34,3,yes,2947
66,675380,3803,high,wood,yes,no,yes,24,70,0,yes,3790
75,1071052,2294,medium,steel,no,yes,no,1,66,3,no,3587
68,817893,5615,medium,brick,no,yes,no,19,74,1,no,2957
86,1469274,3282,high,wood,no,yes,yes,29,45,3,no,5973
65,153405,3592,medium,brick,no,yes,no,23,51,0,yes,2091
80,1385769,5673,medium,wood,yes,yes,yes,0,61,0,no,4223
66,240618,833,low,concrete,no,yes,yes,24,32,1,no,3188
41,138793,2737,medium,steel,no,no,yes,13,30,2,yes,3167
27,1482863,4175,low,brick,yes,no,yes,21,77,3,yes,4239
76,782066,3406,low,brick,no,no,yes,27,34,3,yes,4502
5,533737,2527,low,steel,no,yes,no,3,34,1,yes,1538
5,385550,5450,low,concrete,no,no,yes,4,53,1,yes,2526
86,726701,2557,low,brick,yes,no,no,6,28,0,yes,2302
13,1184611,2093,medium,steel,yes,yes,no,10,32,0,no,1960
80,483904,1531,medium,brick,no,yes,no,11,70,1,yes,2613
90,432934,647,medium,concrete,yes,no,no,7,63,0,yes,2006
9,825099,2870,high,brick,no,no,yes,20,22,2,no,4006
48,1136918,3360,medium,brick,yes,yes,no,6,49,0,yes,2535
32,471418,5161,low,concrete,no,no,yes,2,29,2,no,2863
83,636740,5779,high,brick,no,no,no,1,36,1,yes,2879
36,253753,5999,high,steel,no,yes,no,17,26,0,no,2514
92,1431546,2664,medium,concrete,no,yes,yes,9,43,3,no,4869
15,1034936,1278,high,brick,no,yes,yes,27,41,0,no,3339
9,1166919,4545,medium,concrete,no,yes,yes,18,25,2,no,3894
16,808210,2190,medium,wood,yes,yes,no,21,79,2,no,3167
6,468989,3118,low,steel,yes,yes,yes,14,66,1,yes,2314
72,1203403,1428,high,brick,no,no,yes,26,46,3,no,4795
33,1002940,2166,high,steel,yes,no,yes,25,37,1,no,3845
96,688525,5820,high,brick,yes,no,no,16,61,1,no,3109
42,535417,2167,medium,wood,no,no,no,18,67,1,yes,2720
59,1037818,3934,high,wood,yes,yes,no,2,48,3,yes,3959
36,540632,805,low,steel,yes,no,yes,12,50,3,yes,3431
34,1223179,2405,high,steel,no,yes,no,1,33,2,yes,3536
2,572853,1079,high,concrete,yes,yes,no,14,73,0,yes,1949
13,378085,2720,low,brick,yes,yes,yes,16,28,0,yes,2117
43,978085,2061,medium,brick,yes,no,yes,28,45,1,no,3794
74,1334586,3229,medium,steel,yes,no,yes,0,76,3,yes,4050
57,349461,3366,high,concrete,yes,yes,yes,13,26,0,yes,2917
7,633299,2037,low,wood,no,yes,no,0,68,1,no,2039
59,162969,2542,low,brick,yes,no,yes,23,63,3,no,3069
59,1478140,4342,low,wood,no,no,yes,21,54,0,yes,4057
51,1396464,3405,medium,concrete,no,yes,yes,24,59,0,no,3536
3,914996,3427,medium,brick,no,no,no,27,61,0,yes,2355
27,1287145,1370,medium,concrete,yes,yes,no,10,64,0,yes,2531
78,1419018,666,low,concrete,no,yes,yes,2,27,3,no,4345
54,1028391,2045,medium,brick,yes,yes,yes,12,29,3,yes,3991
94,848557,3501,high,wood,no,no,no,22,43,2,no,4392
64,694429,3018,medium,wood,yes,no,yes,21,71,0,yes,3635
34,719950,963,high,concrete,yes,yes,yes,8,75,2,yes,3467
23,846589,5095,medium,steel,no,no,yes,14,35,3,yes,4053
48,347889,3497,high,concrete,yes,yes,yes,8,30,3,no,3763
55,573779,859,low,wood,no,no,yes,26,34,3,yes,3973
17,458648,4459,medium,concrete,no,yes,no,29,71,2,no,2867
79,1300088,1668,high,concrete,no,yes,no,24,53,2,yes,3963
62,690064,4534,low,brick,no,no,no,6,35,0,yes,1887
61,904312,5593,high,concrete,no,yes,no,24,56,1,no,3542
61,344579,1910,medium,steel,no,yes,yes,6,46,1,no,3168
44,290922,2042,medium,steel,no,yes,no,24,52,2,no,2637
71,739279,1928,medium,steel,yes,no,no,1,76,3,no,3069
3,129466,828,low,steel,no,yes,no,1,70,2,yes,1153
73,727685,5445,medium,concrete,no,no,yes,22,64,3,no,4646
67,204351,1809,low,steel,no,yes,no,25,66,0,no,2004
99,807273,2570,low,steel,no,yes,yes,21,73,3,no,3995
8,657661,4821,medium,brick,no,no,yes,21,41,1,no,3438
26,327627,4827,medium,wood,yes,no,no,20,63,3,no,3028
15,264246,3832,medium,brick,no,yes,no,0,58,2,yes,2133
5,428751,2325,medium,steel,yes,yes,yes,22,28,1,no,3034
13,808721,2216,high,wood,no,yes,no,17,74,3,yes,3563
79,736796,2497,high,brick,no,yes,no,15,31,1,no,3257
12,776365,5041,high,concrete,yes,no,yes,23,27,3,yes,4000
99,974440,2562,low,wood,yes,no,no,9,46,0,yes,2564
63,539093,2731,low,brick,no,no,no,22,71,2,no,2637
8,424549,3082,high,brick,no,yes,yes,15,27,0,no,2542
74,933706,5885,medium,steel,yes,yes,no,27,66,3,no,3915
34,150604,2050,low,wood,no,yes,no,12,75,3,no,2893
72,708661,5761,low,steel,yes,yes,no,1,38,1,yes,2364
22,1479243,4880,low,wood,no,no,no,1,43,1,yes,3006
50,1127669,1855,low,steel,yes,yes,yes,9,44,3,no,3603
12,886632,1000,high,wood,no,no,yes,23,50,3,yes,4724
22,1189169,5856,high,wood,no,yes,no,27,28,2,no,4547
91,122584,2347,low,brick,yes,no,no,11,56,3,no,2632
58,442100,5952,medium,steel,yes,no,yes,4,77,2,no,2860
82,1468846,2582,high,wood,no,yes,no,7,60,0,yes,3780
19,594280,2575,low,wood,yes,yes,no,16,73,0,yes,2078
5,563673,4253,high,wood,no,yes,no,8,41,3,yes,3956
16,791841,4064,low,concrete,yes,no,no,23,47,3,no,2403
41,754349,5666,medium,wood,yes,no,no,21,50,0,no,3043
74,908468,3014,low,concrete,no,no,no,14,50,2,yes,2953
19,988353,3782,low,wood,yes,yes,yes,12,28,2,yes,3621
65,913428,2908,low,wood,no,yes,no,13,55,3,yes,3691
22,940774,1687,medium,brick,no,yes,yes,7,26,3,yes,4040
17,1452443,4474,low,brick,yes,no,no,16,34,2,no,3205
35,610798,3147,low,brick,no,no,yes,10,27,1,no,2742
39,715654,3760,high,brick,yes,no,no,7,53,0,no,2317
73,1185963,1992,low,steel,no,no,yes,13,57,3,no,4324
55,957156,2115,high,wood,yes,yes,no,0,54,0,yes,3001
5,1342222,3293,low,concrete,yes,yes,no,11,64,2,no,2618
73,137734,3503,medium,wood,yes,yes,no,19,54,2,no,3157
11,1164918,4558,medium,wood,no,yes,no,9,40,0,yes,3316
78,648212,5100,medium,wood,yes,no,no,11,62,3,no,3881
40,982587,5063,low,brick,yes,no,yes,18,39,3,yes,3965
88,448257,5976,medium,wood,no,no,no,26,35,1,no,3731
84,836050,820,medium,wood,yes,no,yes,14,42,0,yes,3719
97,1010024,3612,low,steel,no,no,no,2,60,3,no,3422
4,1190209,5966,high,steel,yes,no,no,25,55,2,yes,3984
80,792732,1870,low,concrete,no,yes,yes,8,52,0,no,2998
89,641614,4868,low,steel,yes,yes,no,7,38,3,yes,3131
58,1251351,4818,high,brick,no,no,yes,9,28,0,yes,4213
65,696107,2352,medium,steel,yes,no,yes,27,42,0,yes,3350
88,923036,1235,low,concrete,yes,yes,no,7,28,1,yes,2417
64,200732,3463,high,concrete,yes,no,yes,15,22,3,no,3909
67,966706,3337,high,steel,yes,no,yes,10,43,2,yes,4268
96,996302,5950,medium,wood,yes,yes,yes,22,43,0,no,4412
34,670104,3296,low,concrete,no,no,yes,23,44,1,no,3197
89,274985,4689,high,steel,no,yes,no,23,49,0,yes,2713
58,1290153,2099,low,steel,no,yes,no,25,61,1,no,3350
67,1032918,3861,low,steel,yes,no,no,21,67,2,no,3069
7,1141636,1100,medium,concrete,no,yes,yes,7,78,2,yes,3612
35,435071,2256,low,wood,no,yes,yes,17,51,1,no,3146
29,517527,3958,medium,brick,no,no,no,6,66,1,no,2160
25,921874,2496,high,steel,yes,no,no,2,31,0,yes,2776
28,758684,2708,medium,wood,no,yes,yes,7,33,3,no,4017
88,580969,1761,medium,brick,no,yes,no,4,66,1,no,2282
69,1347786,725,high,steel,no,yes,yes,26,37,2,no,5057
27,1105221,4375,medium,concrete,yes,yes,no,4,42,2,yes,2914
74,1175999,4887,medium,brick,yes,no,no,18,34,2,yes,3953
76,872722,2569,high,wood,no,yes,no,16,68,2,yes,4049
82,982502,3885,medium,brick,no,yes,no,28,25,2,no,3790
8,818511,2840,low,wood,no,yes,yes,28,58,2,yes,4331
38,1160633,1188,medium,wood,yes,no,yes,13,51,2,yes,4189
94,685685,3694,medium,wood,yes,no,no,17,47,0,yes,3090
9,668889,1342,low,steel,yes,yes,yes,28,35,3,no,3531
43,383031,3827,medium,brick,no,yes,yes,27,58,3,no,3900
25,232599,1716,high,concrete,yes,no,yes,1,46,2,yes,2884
94,195925,1425,high,steel,yes,yes,yes,22,60,1,yes,3371
66,117069,2303,low,concrete,yes,no,no,17,48,1,no,1635
17,640636,3256,high,concrete,no,no,yes,29,35,3,yes,4127
7,1311647,1753,medium,brick,yes,yes,no,6,23,0,yes,2495
22,585791,2872,high,steel,no,yes,no,16,23,2,no,3185
10,908025,4543,medium,brick,no,yes,yes,17,54,2,no,3585
90,982629,2995,medium,steel,yes,yes,no,15,23,2,no,3703
13,490080,1734,medium,steel,yes,yes,no,22,55,2,no,2559
42,636716,2105,medium,brick,no,no,no,6,74,3,yes,2941
28,576005,2844,medium,steel,no,yes,no,17,46,2,yes,2872
59,561829,2838,high,brick,yes,no,yes,11,76,2,no,4002
11,652677,3735,medium,wood,yes,yes,no,25,66,3,yes,3450
9,1280552,5189,low,wood,no,yes,yes,28,58,0,no,3775
80,1293299,768,low,concrete,yes,yes,yes,15,48,0,no,3219
81,1379974,776,low,brick,no,no,no,13,47,3,no,3737
55,559994,1768,high,concrete,no,no,no,6,73,3,no,3315
5,930018,1186,low,steel,no,no,yes,29,68,1,no,2849
69,472798,654,medium,wood,yes,yes,yes,24,43,1,no,3412
38,925137,3334,high,brick,yes,no,no,7,73,1,yes,3039
95,207359,4345,high,concrete,no,no,yes,13,68,3,no,4123
66,1306784,735,medium,steel,no,no,no,21,79,2,no,3362
91,1362304,5742,low,steel,yes,yes,yes,19,28,3,no,4669
83,868125,1137,medium,brick,no,no,yes,13,34,3,no,4243
64,412074,2809,low,steel,no,no,no,26,69,3,no,3027
25,1449013,2807,low,concrete,no,yes,yes,2,72,3,no,4135
52,1269097,3165,low,brick,no,no,yes,7,49,0,no,3411
38,1390859,2328,low,concrete,yes,yes,yes,18,66,3,yes,4120
77,898807,5010,low,brick,no,no,no,11,77,0,yes,2534
93,355366,1307,medium,concrete,yes,no,no,10,49,3,yes,2765
19,1440784,1840,high,steel,yes,yes,yes,20,45,2,no,4280
99,419296,4959,high,wood,no,no,yes,10,56,2,yes,4383
25,745566,2175,high,steel,no,yes,yes,2,76,0,no,3143
48,457273,3589,medium,steel,yes,no,no,8,54,1,no,2686
73,303402,5157,medium,concrete,yes,yes,yes,10,58,1,no,3172
61,524898,1784,high,concrete,no,no,no,22,30,1,yes,3211
35,460969,5009,low,wood,no,no,yes,18,71,1,no,3457
51,695521,5579,high,wood,no,yes,no,9,24,1,no,3171
15,562863,4826,high,concrete,no,yes,no,28,73,1,no,2897
86,520207,5362,low,steel,yes,no,no,22,23,3,no,2977
77,1433498,4760,low,brick,yes,yes,yes,15,79,0,yes,3406
49,571833,1168,low,wood,yes,no,no,3,43,3,yes,3066
30,1456135,2042,medium,steel,no,yes,yes,0,42,2,no,4344
21,173958,2616,low,brick,yes,yes,yes,3,58,0,no,1046
89,1205148,1546,high,steel,yes,yes,yes,26,45,0,yes,4058
89,663805,3432,high,wood,no,yes,yes,25,35,2,no,4905
86,111656,4644,high,concrete,yes,no,no,26,75,1,no,2745
41,848036,651,high,concrete,yes,yes,no,26,54,1,no,3034
3,1345702,5639,low,wood,no,no,no,7,38,2,no,3435
73,469123,4259,medium,concrete,yes,no,no,15,79,3,no,3262
24,700128,2984,high,brick,yes,no,yes,29,79,3,no,4339
96,1421178,4834,low,steel,no,no,no,5,42,0,no,3268
17,136619,5087,low,concrete,no,no,no,0,34,3,yes,2013
88,1129327,833,medium,concrete,yes,no,yes,15,65,3,yes,4693
8,991591,5127,medium,concrete,no,no,yes,0,72,3,yes,3497
6,744520,4983,low,wood,no,yes,yes,19,65,2,no,3873
9,912041,1729,high,wood,yes,no,yes,15,61,0,yes,3465
15,181575,5303,high,concrete,yes,no,yes,26,32,2,yes,3190
64,1367620,3151,medium,wood,yes,no,no,21,23,3,no,4213
88,592507,5328,low,steel,no,no,yes,3,58,2,yes,3773
50,140975,1215,high,brick,yes,no,no,26,49,0,no,2035
11,180416,2524,low,steel,no,yes,yes,24,75,1,no,2172
95,287316,4528,low,steel,no,yes,no,1,24,0,yes,1739
46,175298,2945,high,brick,no,no,yes,13,36,3,yes,3639
45,277253,5985,high,brick,no,yes,no,5,67,3,yes,3414
77,137195,5873,high,steel,yes,no,no,22,45,0,no,2639
94,657134,5489,medium,brick,yes,yes,yes,19,29,1,yes,3840
59,1438384,3372,medium,steel,no,no,yes,11,27,1,yes,4154
25,371380,1518,low,concrete,no,no,no,4,53,1,no,1352
12,1114164,5795,high,wood,no,yes,yes,13,62,0,no,4596
85,967226,3842,high,brick,no,no,yes,4,72,3,no,4643
88,952399,5455,low,concrete,no,yes,no,17,56,3,yes,3615
26,1306827,5521,high,brick,yes,yes,no,29,77,3,yes,4234
76,487099,2551,high,wood,yes,yes,yes,15,34,2,no,4578
37,244408,873,high,wood,no,no,no,20,49,3,yes,3449
85,361320,2945,medium,wood,yes,no,no,15,63,1,no,2855
23,1359822,4907,low,brick,no,no,yes,9,25,2,no,3496
65,321796,3673,high,steel,yes,no,yes,10,79,0,yes,2915
45,1475510,1555,medium,brick,yes,yes,yes,20,52,1,no,4017
74,328426,2936,medium,brick,no,yes,yes,4,22,0,no,2624
35,1327840,4357,low,concrete,yes,yes,yes,3,51,3,no,4057
48,939934,4661,high,concrete,yes,yes,yes,25,29,2,no,4186
28,534447,5392,medium,steel,no,yes,yes,19,61,0,yes,2813
1,1176859,3488,medium,wood,yes,yes,yes,28,67,1,yes,3973
72,751825,3318,low,wood,no,no,yes,6,74,1,no,3497
41,1457822,1196,medium,brick,no,no,no,5,35,0,no,2825
23,492716,2920,high,wood,no,yes,no,14,65,3,yes,3628
84,606835,4984,medium,steel,yes,no,no,26,49,2,no,3195
32,1190293,2839,medium,wood,no,yes,yes,14,55,3,no,4848
87,718530,4961,high,concrete,no,yes,no,23,60,3,yes,3943
7,665361,4444,medium,wood,no,no,no,16,25,3,yes,3262
75,688540,1435,low,brick,no,no,yes,9,45,0,yes,2725
55,983447,5373,medium,concrete,no,no,yes,17,48,3,no,4547
72,1284664,1591,low,steel,yes,no,no,10,63,0,yes,2535
43,1445450,5376,low,brick,no,no,yes,26,32,1,no,3929
14,1474363,1300,high,brick,no,no,yes,17,75,1,yes,4080
14,1282713,5606,low,concrete,yes,no,no,1,44,1,yes,2449
41,1054220,5515,medium,brick,yes,no,yes,2,63,0,yes,3421
91,992407,2233,high,wood,no,no,no,5,53,0,no,3688
84,1296960,4469,low,wood,no,no,no,2,71,2,no,3617
89,269262,5281,low,concrete,yes,yes,yes,6,74,3,no,3638
93,1191618,677,low,wood,no,no,yes,2,25,0,no,3507
14,1085955,5587,medium,brick,yes,no,no,14,40,0,yes,2671
28,1174495,4345,medium,concrete,yes,yes,no,12,28,3,yes,3579
30,423801,3346,low,concrete,no,no,yes,5,54,2,no,2730
79,842667,3885,high,steel,yes,no,no,1,35,3,yes,3810
54,769559,2532,medium,brick,no,yes,yes,1,34,3,yes,3888
59,1191627,3850,high,brick,yes,no,no,18,27,1,yes,3519
85,240461,3218,medium,steel,no,yes,yes,27,40,1,yes,3291
12,1078698,3252,high,steel,yes,yes,no,7,76,3,no,3448
75,329573,5854,high,brick,yes,yes,yes,8,30,2,no,3408
39,1419768,3130,low,steel,yes,yes,yes,1,56,2,no,3278
70,219085,5525,low,concrete,yes,no,yes,6,70,2,yes,3049
67,683610,2364,low,concrete,yes,no,no,28,72,0,yes,2270
15,131546,5787,low,brick,yes,no,yes,16,69,1,no,2223
98,1212993,1364,high,concrete,yes,no,no,14,78,2,yes,4054
4,715393,4712,low,brick,yes,yes,no,3,47,0,no,1518
98,328655,4847,medium,steel,yes,yes,yes,21,25,3,yes,4174
44,663346,1060,low,wood,yes,yes,yes,22,69,3,no,4049
39,249203,4943,low,concrete,yes,no,no,12,49,3,no,1982
70,1104931,1199,medium,concrete,yes,yes,no,2,48,1,no,2297
86,683199,4793,low,steel,no,yes,no,11,72,0,no,2439
37,362489,5797,low,concrete,no,yes,no,2,76,3,no,2554
58,771899,5234,low,brick,yes,yes,yes,28,65,2,yes,3690
32,410859,895,medium,concrete,yes,no,no,20,28,2,no,2240
28,161154,5133,medium,steel,no,no,yes,18,73,2,no,2972
90,1310144,2022,low,brick,yes,no,yes,8,78,2,yes,4011
4,935687,2619,medium,concrete,yes,yes,no,15,30,3,no,2927
10,871286,1264,high,concrete,yes,yes,no,17,55,2,yes,3121
27,145009,4043,medium,concrete,no,no,no,25,76,2,no,2522
84,713684,3021,low,concrete,yes,yes,no,29,29,3,no,3362
36,218891,5699,medium,wood,no,yes,no,28,77,0,yes,2762
5,214473,4278,low,wood,yes,no,no,15,31,3,yes,2612
81,295096,1158,high,steel,no,no,yes,11,22,1,yes,3435
50,238151,3132,high,wood,no,no,yes,6,71,1,no,3343
32,899346,1707,low,steel,yes,no,no,22,29,3,yes,3143
99,402021,5361,medium,brick,no,no,no,18,66,1,no,3100
23,943983,5178,high,wood,no,yes,no,23,60,0,no,3293
77,1425757,3967,low,brick,yes,no,no,11,67,0,yes,2957
61,548008,5534,low,wood,no,no,no,10,60,2,no,2871
1,931082,705,high,steel,yes,no,yes,11,38,1,yes,2810
31,1166722,4278,low,brick,yes,no,yes,29,39,0,no,3406
19,1179004,5928,high,concrete,no,yes,yes,18,55,0,yes,3763
87,665965,2306,high,concrete,no,yes,no,20,56,1,no,3113
54,144868,1390,medium,wood,no,no,no,16,72,3,no,3187
34,222693,1411,low,brick,no,yes,no,14,24,0,yes,1288
4,1263904,5545,high,steel,yes,yes,yes,9,33,2,yes,4066
48,1350988,769,high,steel,yes,no,no,3,25,1,no,2774
48,447112,5045,medium,concrete,yes,yes,no,29,57,2,yes,2901
49,1010722,2532,high,concrete,no,no,yes,17,30,0,no,3914
60,1164037,2351,medium,wood,no,yes,no,27,56,0,yes,3423
44,704275,5800,high,steel,no,no,yes,12,24,0,no,3565
34,501878,1048,low,brick,no,yes,yes,29,46,1,yes,3085
94,122183,3279,low,concrete,yes,no,no,4,73,0,yes,1644
56,794469,1724,low,brick,no,yes,no,19,75,3,yes,3289
74,699417,1992,medium,steel,yes,yes,no,19,47,1,yes,2619
6,590045,2418,low,brick,yes,yes,yes,3,58,3,yes,2949
76,276710,2283,medium,steel,no,no,yes,29,69,0,no,2961
76,899323,4201,medium,steel,no,yes,yes,15,48,2,no,4092
82,617593,2455,medium,brick,yes,yes,no,20,49,2,no,3017
36,360783,5460,high,brick,no,no,yes,24,79,1,yes,3750
35,503128,1888,medium,brick,no,yes,no,24,40,0,no,2326
25,377047,2849,high,steel,no,yes,yes,19,45,1,yes,2870
49,723170,1741,medium,wood,no,no,yes,26,58,0,yes,3860
55,1350188,5842,medium,steel,yes,yes,yes,8,61,3,yes,4882
41,1126483,1648,high,steel,no,no,no,23,65,3,yes,4021
57,595790,3016,high,wood,yes,no,no,28,59,1,yes,3457
22,1291744,5080,low,concrete,yes,no,yes,20,46,3,yes,4237
94,539198,2921,low,brick,no,no,no,23,55,2,no,3354
44,1412750,5229,high,brick,no,no,no,29,36,1,yes,3774
29,236931,2991,low,concrete,no,no,no,28,37,3,yes,2602
71,971459,3992,high,brick,no,yes,yes,6,76,0,no,3662
48,1242948,5858,high,steel,no,no,yes,17,79,1,no,4712
3,703039,4802,low,concrete,yes,no,no,9,25,2,yes,2292
85,282452,1521,high,wood,no,no,yes,14,47,0,no,3432
45,605243,1309,high,steel,yes,yes,no,28,68,2,no,3330
20,1397600,5688,low,steel,no,no,yes,23,60,0,yes,3497
73,702414,1046,medium,steel,yes,yes,no,8,78,0,no,2410
36,478566,3109,medium,steel,yes,no,no,17,68,2,yes,2088
60,1038911,3887,high,brick,yes,no,yes,10,47,0,no,3701
78,962615,3453,low,steel,yes,no,no,11,69,1,yes,2598
18,601166,1672,low,brick,yes,yes,no,1,49,3,no,2716
97,888558,4288,medium,brick,no,no,no,25,70,0,yes,2823
66,1037843,3728,high,brick,no,yes,no,8,58,1,no,3455
31,337568,4197,medium,brick,no,yes,no,16,59,0,no,1959
86,760443,5034,medium,wood,no,yes,no,2,57,2,yes,3535
9,221618,4718,high,brick,yes,yes,yes,13,31,1,no,2738
20,640536,1667,high,brick,yes,no,yes,2,75,0,no,2675
20,616742,1036,high,concrete,no,yes,yes,5,54,2,yes,3133
47,630897,5604,high,wood,no,no,no,10,29,0,yes,3049
1,271518,1692,high,steel,no,no,yes,22,59,1,no,2844
94,1256940,1193,high,brick,no,yes,no,2,63,1,no,3695
83,1306847,3160,high,brick,yes,no,no,14,57,3,yes,4376
14,127921,5692,low,wood,no,no,no,7,42,0,yes,1734
1,637905,876,low,concrete,yes,yes,yes,1,77,1,no,1895
69,1304826,5187,medium,steel,no,no,no,10,66,2,no,3785
10,915501,682,medium,steel,no,no,yes,13,71,1,yes,3138
73,704093,3983,low,wood,yes,yes,no,2,41,0,yes,2405
49,169197,5945,low,wood,yes,yes,yes,28,76,1,no,3087
14,753702,1067,high,concrete,no,yes,no,9,55,1,no,2275
60,242647,5860,medium,wood,yes,no,no,17,59,3,no,3232
82,956077,1597,low,concrete,no,yes,yes,17,64,1,yes,3676
42,1276745,2979,high,concrete,yes,yes,no,11,49,0,no,2636
59,405260,5648,low,brick,yes,yes,yes,26,53,0,yes,2666
25,884189,1892,medium,steel,yes,no,yes,21,33,1,yes,3532
36,389125,4695,low,steel,yes,yes,no,18,30,1,yes,2004
95,276602,1967,low,brick,yes,no,yes,18,64,1,no,2931
35,396862,5695,medium,steel,yes,no,yes,8,36,2,no,3098
91,594898,4534,low,wood,yes,yes,no,0,34,0,yes,2422
86,405656,693,medium,brick,yes,no,no,24,23,0,no,2054
11,686624,1522,high,concrete,no,no,yes,11,41,0,no,2775
10,270063,3741,high,concrete,no,no,no,26,35,0,yes,1958
8,1260875,2509,low,wood,no,yes,no,1,63,2,no,3311
92,495226,4054,high,steel,no,no,no,1,36,0,yes,2406
23,231565,5907,medium,wood,yes,no,no,4,50,3,no,2870
6,976465,3229,medium,brick,yes,yes,yes,21,79,1,no,3347
78,1461723,2479,low,wood,no,no,no,23,42,0,yes,3350
88,1088418,2404,high,wood,yes,yes,no,0,31,1,no,3741
64,1269911,1758,medium,wood,no,no,yes,11,77,0,no,3870
73,372494,3820,medium,concrete,no,yes,yes,4,74,2,no,3450
46,1326549,5821,low,brick,no,yes,yes,27,74,2,no,4466
38,359585,957,high,steel,no,no,yes,25,79,3,yes,3650
25,186556,741,medium,concrete,yes,yes,yes,13,62,2,yes,2900
94,1212847,2394,low,concrete,yes,no,yes,7,79,2,yes,3986
86,1257366,3478,low,wood,no,no,yes,10,59,2,yes,4643
2,1366409,2818,medium,concrete,yes,yes,yes,17,42,0,no,3339
89,160730,2659,medium,brick,yes,no,no,9,56,1,no,1981
24,519210,1678,low,brick,yes,no,no,8,65,3,yes,2231
67,980370,1101,high,steel,no,no,no,14,38,1,no,3011
90,507007,5676,low,brick,no,no,no,9,75,3,yes,3096
94,375479,1485,high,concrete,yes,no,yes,3,79,3,yes,3691
93,783858,3539,medium,steel,yes,yes,yes,10,65,0,no,3301
71,389609,1202,medium,concrete,yes,no,yes,22,78,1,no,3046
61,255888,5020,medium,concrete,no,no,no,16,25,1,yes,2410
9,900095,2564,low,brick,no,no,yes,28,35,1,no,3184
45,176630,4494,high,brick,no,yes,yes,17,61,3,yes,3914
94,364544,3144,low,steel,yes,yes,no,16,53,3,no,3050
16,320509,5011,low,brick,yes,yes,no,23,39,3,yes,2208
14,1206013,2324,low,concrete,no,yes,yes,0,55,0,no,2496
26,1381350,771,high,steel,no,no,no,24,53,3,no,4031
46,453999,5276,high,steel,no,yes,no,11,35,0,no,2881
58,120394,1901,medium,steel,no,yes,no,22,57,1,yes,2354
74,661024,683,low,brick,no,no,yes,14,55,0,yes,3084
30,1141852,1771,high,steel,yes,no,yes,20,27,2,yes,3878
86,790805,1543,low,brick,no,no,no,16,61,2,yes,2645
56,1209281,5428,medium,wood,yes,yes,yes,19,56,1,yes,4675
94,446469,2386,medium,steel,no,no,no,28,36,2,yes,3543
32,248731,4793,low,concrete,yes,yes,yes,2,72,3,yes,3073
78,1128855,4909,medium,concrete,no,yes,no,6,41,2,yes,3668
23,686293,1406,high,steel,no,yes,no,27,49,0,no,2519
17,1125069,910,high,brick,yes,no,yes,0,58,3,no,4062
93,658622,2360,high,wood,no,no,no,25,72,2,no,4090
24,598900,2830,high,wood,no,no,yes,19,59,1,no,3935
47,651390,2582,medium,brick,no,no,yes,10,42,2,yes,3610
11,535091,1956,high,steel,no,yes,no,4,45,3,no,3055
41,416728,4586,medium,wood,no,yes,yes,2,31,2,no,3403
15,104536,4497,medium,brick,no,no,no,20,57,2,no,2450
86,131335,956,low,concrete,yes,yes,yes,19,75,0,yes,2117
91,1039161,3762,medium,steel,no,yes,yes,20,30,0,no,4277
52,202160,5551,low,wood,no,yes,no,8,43,0,no,1984
34,359906,1798,medium,steel,yes,no,no,29,63,2,yes,2356
60,1475799,3301,high,steel,yes,yes,yes,27,58,0,no,4490
57,978359,5338,low,steel,yes,no,no,23,37,0,yes,2617
33,142761,5660,medium,steel,yes,yes,yes,7,64,0,yes,1946
21,980361,5334,medium,wood,no,yes,yes,1,45,1,yes,3677
24,1365361,2911,low,wood,yes,yes,no,18,25,3,no,3707
20,1215772,3376,low,brick,yes,yes,no,15,65,1,no,2342
68,468300,1126,high,concrete,no,no,yes,15,75,2,no,3757
60,1410325,3844,high,wood,yes,no,yes,26,44,2,yes,4922
46,794221,3930,medium,concrete,no,no,yes,3,63,0,no,3109
33,778201,964,medium,concrete,no,yes,no,9,43,3,no,2980
31,936177,4704,medium,wood,no,no,yes,27,77,1,no,3972
34,198951,3931,medium,concrete,yes,no,yes,16,23,3,no,3029
22,1057297,712,low,brick,no,no,yes,29,49,2,no,3640
30,782079,4390,low,brick,yes,no,no,29,74,2,yes,2748
5,412752,3122,medium,brick,yes,yes,no,24,40,0,yes,1757
41,102830,5174,medium,concrete,yes,yes,no,14,41,1,no,1764
45,174800,5897,high,steel,no,yes,yes,17,49,1,no,3062
87,611636,1447,medium,steel,yes,yes,yes,27,63,3,yes,4238
61,1221285,4407,high,brick,yes,no,no,1,45,3,no,4080
13,674518,3129,high,wood,yes,yes,yes,7,48,2,yes,4239
9,473586,2269,medium,concrete,yes,yes,yes,9,65,0,yes,2487
78,1490543,4266,low,brick,no,yes,yes,24,23,2,no,4927
81,352942,5411,high,steel,yes,no,no,0,78,3,no,3042
35,1317034,1180,high,brick,no,yes,no,17,28,0,no,3233
18,580638,975,medium,brick,yes,no,yes,15,22,3,yes,3336
12,269335,3577,low,brick,no,yes,no,9,32,1,yes,1798
41,604905,5141,high,steel,no,no,no,4,72,3,yes,3286
16,629202,5731,medium,steel,no,yes,no,8,52,2,no,3079
94,843076,4654,low,wood,yes,yes,no,9,51,0,no,2823
13,1142352,5916,low,steel,no,yes,yes,4,34,0,yes,3122
18,975704,3213,low,brick,yes,yes,yes,6,45,0,no,2306
76,935671,1471,high,steel,no,no,yes,5,39,2,yes,4292
98,941458,1084,low,wood,no,no,yes,13,79,2,yes,4045
51,1208158,5372,high,concrete,yes,no,no,21,34,2,yes,3950
33,1397445,4088,medium,wood,no,no,yes,17,76,1,no,4362
70,1395733,4360,low,brick,no,no,no,12,38,0,no,3244
82,1249307,2310,high,brick,yes,no,yes,9,67,0,no,4332
67,790212,1760,low,concrete,no,no,no,13,69,0,no,2056
54,1050101,1981,high,wood,no,no,yes,7,51,0,yes,3985
6,1249879,830,medium,brick,yes,yes,no,21,40,1,yes,2640
36,783886,3786,high,wood,yes,yes,yes,13,33,0,no,3671
55,1341098,4502,medium,steel,no,yes,yes,3,47,1,no,3686
50,459625,3162,low,steel,yes,yes,no,22,39,3,yes,2409
86,645101,2631,high,brick,yes,no,no,8,33,2,no,3426
71,331842,711,medium,concrete,yes,yes,yes,22,65,2,no,3114
94,1245069,3817,low,steel,no,yes,yes,5,71,0,yes,3472
66,379408,5628,medium,wood,yes,yes,no,1,63,2,yes,2826
96,1013988,1972,low,brick,yes,no,yes,2,23,0,no,2914
15,1406793,5755,medium,concrete,yes,yes,no,29,41,1,no,3151
22,425190,1831,high,brick,yes,no,no,22,27,2,no,2551
49,1372980,603,medium,brick,no,yes,no,10,22,2,yes,3397
38,1204465,5839,low,concrete,no,yes,yes,28,47,1,yes,4014
8,1010848,3749,medium,wood,yes,no,yes,16,28,1,yes,3801
8,1122403,2362,medium,steel,no,no,no,28,53,3,no,3236
84,620074,2320,high,wood,yes,yes,yes,0,76,1,no,4145
37,194729,5434,low,concrete,no,no,no,2,54,0,no,1412
72,268876,2696,low,concrete,no,no,no,13,31,0,yes,2035
78,272471,1732,medium,steel,yes,yes,no,10,66,2,yes,2380
84,970398,2316,low,steel,yes,no,no,29,62,2,no,3745
99,813589,4043,low,concrete,yes,no,yes,20,36,1,no,3523
25,1042377,1121,low,concrete,yes,yes,no,15,52,0,yes,1887
82,1361149,3572,high,steel,yes,yes,yes,13,45,1,yes,4514
54,237585,3023,high,steel,no,yes,no,29,50,1,no,3046
21,1176008,5842,high,wood,yes,yes,no,27,39,0,no,3606
59,723485,1234,low,concrete,yes,no,yes,18,28,2,yes,3181
31,881722,1248,high,concrete,no,yes,no,8,55,2,no,2844
6,1362697,3761,low,wood,yes,no,yes,22,35,2,no,4006
42,715873,1772,high,brick,no,yes,yes,1,41,2,yes,3581
52,525072,5720,medium,steel,no,no,no,25,50,3,yes,3665
47,1466585,5418,low,steel,yes,no,yes,9,58,3,no,4186
84,1183871,966,medium,brick,yes,yes,no,2,63,2,yes,3723
28,837233,4383,medium,wood,yes,no,no,14,52,0,no,2652
36,1270289,3484,medium,wood,no,no,no,11,40,0,yes,3270
40,1318925,4588,high,wood,yes,no,yes,18,44,1,no,4680
90,274858,5314,high,wood,no,no,no,8,28,3,yes,3969
13,360031,3116,medium,concrete,yes,yes,yes,13,27,2,yes,2448
49,314910,4907,medium,concrete,yes,yes,no,14,76,2,no,2505
4,272370,4960,medium,wood,no,no,no,22,56,0,no,2203
98,1442639,5977,high,steel,no,yes,yes,10,50,1,yes,5170
64,517063,1224,medium,brick,no,no,no,10,76,0,yes,2441
98,343805,4017,medium,brick,yes,yes,yes,2,34,3,no,3725
80,529817,2403,low,steel,no,yes,yes,10,60,0,no,2825
23,366594,1834,medium,wood,yes,no,no,0,46,2,no,2486
58,973539,5712,low,wood,yes,no,yes,26,55,0,no,3770
